sub	mean	max	meanVS
sub-10317_task-trust_run-1_echo-1_desc-preproc_bold.nii.gz	11.258658	77.886978	24.532075
sub-10317_task-trust_run-1_echo-2_desc-preproc_bold.nii.gz	8.725034	75.961182	23.084006
sub-10317_task-trust_run-1_echo-3_desc-preproc_bold.nii.gz	6.819075	70.63884	19.193932
sub-10317_task-trust_run-1_echo-4_desc-preproc_bold.nii.gz	5.399022	67.742401	16.053364
sub-10317_task-trust_run-1_space-MNI152NLin6Asym_desc-preproc_bold.nii.gz	25.148482	122.441269	  
sub-10369_task-trust_run-1_echo-1_desc-preproc_bold.nii.gz	11.369668	100.492935	23.771005
sub-10369_task-trust_run-1_echo-2_desc-preproc_bold.nii.gz	8.332979	89.820915	22.179876
sub-10369_task-trust_run-1_echo-3_desc-preproc_bold.nii.gz	6.44321	81.275719	18.65683
sub-10369_task-trust_run-1_echo-4_desc-preproc_bold.nii.gz	5.12366	75.118393	14.907289
sub-10369_task-trust_run-1_space-MNI152NLin6Asym_desc-preproc_bold.nii.gz	25.849663	145.897369	  
sub-10402_task-trust_run-1_echo-1_desc-preproc_bold.nii.gz	11.76635	76.212097	37.823558
sub-10402_task-trust_run-1_echo-2_desc-preproc_bold.nii.gz	9.194748	74.264999	48.344926
sub-10402_task-trust_run-1_echo-3_desc-preproc_bold.nii.gz	7.345444	71.803177	51.272351
sub-10402_task-trust_run-1_echo-4_desc-preproc_bold.nii.gz	5.943901	76.749718	51.557619
sub-10402_task-trust_run-1_space-MNI152NLin6Asym_desc-preproc_bold.nii.gz	23.849687	124.817719	  
sub-10402_task-trust_run-2_echo-1_desc-preproc_bold.nii.gz	11.822758	84.494949	37.678451
sub-10402_task-trust_run-2_echo-2_desc-preproc_bold.nii.gz	9.389074	69.563332	47.950419
sub-10402_task-trust_run-2_echo-3_desc-preproc_bold.nii.gz	7.551203	67.118507	50.232754
sub-10402_task-trust_run-2_echo-4_desc-preproc_bold.nii.gz	6.131985	70.437103	50.935402
sub-10402_task-trust_run-2_space-MNI152NLin6Asym_desc-preproc_bold.nii.gz	23.221309	112.253334	  
sub-10418_task-trust_run-1_echo-1_desc-preproc_bold.nii.gz	12.06633	92.430328	23.598521
sub-10418_task-trust_run-1_echo-2_desc-preproc_bold.nii.gz	9.920855	90.742699	23.192962
sub-10418_task-trust_run-1_echo-3_desc-preproc_bold.nii.gz	8.094024	93.184029	19.718571
sub-10418_task-trust_run-1_echo-4_desc-preproc_bold.nii.gz	6.686117	85.366737	16.178561
sub-10418_task-trust_run-1_space-MNI152NLin6Asym_desc-preproc_bold.nii.gz	29.139206	166.701569	  
sub-10418_task-trust_run-2_echo-1_desc-preproc_bold.nii.gz	12.62842	88.967705	23.134962
sub-10418_task-trust_run-2_echo-2_desc-preproc_bold.nii.gz	10.475866	90.12252	22.691257
sub-10418_task-trust_run-2_echo-3_desc-preproc_bold.nii.gz	8.654261	89.694618	19.556646
sub-10418_task-trust_run-2_echo-4_desc-preproc_bold.nii.gz	7.180569	87.784424	16.033766
sub-10418_task-trust_run-2_space-MNI152NLin6Asym_desc-preproc_bold.nii.gz	29.263319	153.903305	  
sub-10462_task-trust_run-1_echo-1_desc-preproc_bold.nii.gz	13.806697	88.228882	22.12354
sub-10462_task-trust_run-1_echo-2_desc-preproc_bold.nii.gz	10.86761	91.136887	20.600141
sub-10462_task-trust_run-1_echo-3_desc-preproc_bold.nii.gz	8.539967	91.25946	18.397827
sub-10462_task-trust_run-1_echo-4_desc-preproc_bold.nii.gz	6.755697	92.533203	16.531332
sub-10462_task-trust_run-1_space-MNI152NLin6Asym_desc-preproc_bold.nii.gz	26.345762	153.041061	  
sub-10478_task-trust_run-1_echo-1_desc-preproc_bold.nii.gz	13.475276	104.796349	25.412808
sub-10478_task-trust_run-1_echo-2_desc-preproc_bold.nii.gz	10.455564	102.939201	24.007989
sub-10478_task-trust_run-1_echo-3_desc-preproc_bold.nii.gz	8.256904	82.969002	19.91571
sub-10478_task-trust_run-1_echo-4_desc-preproc_bold.nii.gz	6.558049	82.242294	14.67589
sub-10478_task-trust_run-1_space-MNI152NLin6Asym_desc-preproc_bold.nii.gz	29.480118	149.149185	  
sub-10478_task-trust_run-2_echo-1_desc-preproc_bold.nii.gz	11.223882	92.863121	25.512801
sub-10478_task-trust_run-2_echo-2_desc-preproc_bold.nii.gz	8.343101	84.990089	23.805917
sub-10478_task-trust_run-2_echo-3_desc-preproc_bold.nii.gz	6.481385	83.500008	19.616636
sub-10478_task-trust_run-2_echo-4_desc-preproc_bold.nii.gz	5.177253	78.574364	14.720836
sub-10478_task-trust_run-2_space-MNI152NLin6Asym_desc-preproc_bold.nii.gz	28.028977	152.828171	  
sub-10486_task-trust_run-1_echo-1_desc-preproc_bold.nii.gz	9.32525	86.971886	28.258204
sub-10486_task-trust_run-1_echo-2_desc-preproc_bold.nii.gz	6.963291	78.110641	21.481747
sub-10486_task-trust_run-1_echo-3_desc-preproc_bold.nii.gz	5.381527	77.072609	15.332091
sub-10486_task-trust_run-1_echo-4_desc-preproc_bold.nii.gz	4.298011	75.636559	10.852334
sub-10486_task-trust_run-1_space-MNI152NLin6Asym_desc-preproc_bold.nii.gz	24.764349	124.133575	  
sub-10486_task-trust_run-2_echo-1_desc-preproc_bold.nii.gz	9.919251	83.294464	26.863295
sub-10486_task-trust_run-2_echo-2_desc-preproc_bold.nii.gz	7.474696	77.405205	21.26621
sub-10486_task-trust_run-2_echo-3_desc-preproc_bold.nii.gz	5.78093	76.641701	15.091339
sub-10486_task-trust_run-2_echo-4_desc-preproc_bold.nii.gz	4.572424	75.587357	10.787508
sub-10486_task-trust_run-2_space-MNI152NLin6Asym_desc-preproc_bold.nii.gz	26.604097	144.298111	  
sub-10529_task-trust_run-1_echo-1_desc-preproc_bold.nii.gz	10.268241	94.62944	22.529709
sub-10529_task-trust_run-1_echo-2_desc-preproc_bold.nii.gz	7.919542	78.923042	19.032304
sub-10529_task-trust_run-1_echo-3_desc-preproc_bold.nii.gz	6.235291	81.394241	14.306365
sub-10529_task-trust_run-1_echo-4_desc-preproc_bold.nii.gz	5.008898	69.391762	10.49585
sub-10529_task-trust_run-1_space-MNI152NLin6Asym_desc-preproc_bold.nii.gz	26.236024	127.827148	  
sub-10529_task-trust_run-2_echo-1_desc-preproc_bold.nii.gz	10.046785	82.832741	22.14995
sub-10529_task-trust_run-2_echo-2_desc-preproc_bold.nii.gz	7.543108	78.117691	18.812425
sub-10529_task-trust_run-2_echo-3_desc-preproc_bold.nii.gz	5.897738	73.222389	14.002931
sub-10529_task-trust_run-2_echo-4_desc-preproc_bold.nii.gz	4.733994	70.24675	10.191854
sub-10529_task-trust_run-2_space-MNI152NLin6Asym_desc-preproc_bold.nii.gz	26.06625	122.491463	  
sub-10541_task-trust_run-1_echo-1_desc-preproc_bold.nii.gz	11.37002	78.248825	29.193127
sub-10541_task-trust_run-1_echo-2_desc-preproc_bold.nii.gz	9.015337	72.862679	31.036207
sub-10541_task-trust_run-1_echo-3_desc-preproc_bold.nii.gz	7.227746	83.265923	29.147459
sub-10541_task-trust_run-1_echo-4_desc-preproc_bold.nii.gz	5.843715	81.565132	28.730666
sub-10541_task-trust_run-1_space-MNI152NLin6Asym_desc-preproc_bold.nii.gz	22.901898	126.264809	  
sub-10541_task-trust_run-2_echo-1_desc-preproc_bold.nii.gz	11.442413	69.419289	29.891395
sub-10541_task-trust_run-2_echo-2_desc-preproc_bold.nii.gz	9.098213	74.588554	32.530303
sub-10541_task-trust_run-2_echo-3_desc-preproc_bold.nii.gz	7.262694	75.2239	31.059766
sub-10541_task-trust_run-2_echo-4_desc-preproc_bold.nii.gz	5.857505	73.139252	30.690785
sub-10541_task-trust_run-2_space-MNI152NLin6Asym_desc-preproc_bold.nii.gz	22.530842	128.328842	  
sub-10559_task-trust_run-1_echo-1_desc-preproc_bold.nii.gz	10.073207	69.155251	22.127132
sub-10559_task-trust_run-1_echo-2_desc-preproc_bold.nii.gz	7.458202	53.900452	19.426312
sub-10559_task-trust_run-1_echo-3_desc-preproc_bold.nii.gz	5.945384	56.445286	15.346303
sub-10559_task-trust_run-1_echo-4_desc-preproc_bold.nii.gz	4.765231	50.462265	11.952804
sub-10559_task-trust_run-1_space-MNI152NLin6Asym_desc-preproc_bold.nii.gz	21.63147	91.581779	  
sub-10559_task-trust_run-2_echo-1_desc-preproc_bold.nii.gz	8.391199	65.152939	21.346262
sub-10559_task-trust_run-2_echo-2_desc-preproc_bold.nii.gz	6.026872	48.701675	18.157597
sub-10559_task-trust_run-2_echo-3_desc-preproc_bold.nii.gz	4.709522	52.885147	13.847571
sub-10559_task-trust_run-2_echo-4_desc-preproc_bold.nii.gz	3.832434	47.127209	10.9707
sub-10559_task-trust_run-2_space-MNI152NLin6Asym_desc-preproc_bold.nii.gz	18.645756	81.058266	  
sub-10572_task-trust_run-1_echo-1_desc-preproc_bold.nii.gz	9.726854	89.791801	31.70206
sub-10572_task-trust_run-1_echo-2_desc-preproc_bold.nii.gz	7.950723	78.964195	29.912351
sub-10572_task-trust_run-1_echo-3_desc-preproc_bold.nii.gz	6.459068	77.432747	25.961934
sub-10572_task-trust_run-1_echo-4_desc-preproc_bold.nii.gz	5.286374	76.390472	22.816894
sub-10572_task-trust_run-1_space-MNI152NLin6Asym_desc-preproc_bold.nii.gz	23.774447	127.13974	  
sub-10572_task-trust_run-2_echo-1_desc-preproc_bold.nii.gz	8.115054	75.551788	30.736219
sub-10572_task-trust_run-2_echo-2_desc-preproc_bold.nii.gz	6.277468	74.74382	27.877083
sub-10572_task-trust_run-2_echo-3_desc-preproc_bold.nii.gz	4.989151	74.970642	23.681057
sub-10572_task-trust_run-2_echo-4_desc-preproc_bold.nii.gz	4.114053	71.502571	20.843938
sub-10572_task-trust_run-2_space-MNI152NLin6Asym_desc-preproc_bold.nii.gz	21.617709	124.530632	  
sub-10581_task-trust_run-1_echo-1_desc-preproc_bold.nii.gz	8.739329	71.400452	26.39308
sub-10581_task-trust_run-1_echo-2_desc-preproc_bold.nii.gz	6.550554	74.41095	26.627755
sub-10581_task-trust_run-1_echo-3_desc-preproc_bold.nii.gz	5.126032	71.07032	24.443465
sub-10581_task-trust_run-1_echo-4_desc-preproc_bold.nii.gz	4.17452	64.852425	21.933012
sub-10581_task-trust_run-1_space-MNI152NLin6Asym_desc-preproc_bold.nii.gz	20.755007	105.800262	  
sub-10581_task-trust_run-2_echo-1_desc-preproc_bold.nii.gz	10.136541	89.870514	26.61931
sub-10581_task-trust_run-2_echo-2_desc-preproc_bold.nii.gz	7.896373	81.809464	28.285501
sub-10581_task-trust_run-2_echo-3_desc-preproc_bold.nii.gz	6.291066	75.783539	26.613364
sub-10581_task-trust_run-2_echo-4_desc-preproc_bold.nii.gz	5.106609	71.221779	24.464075
sub-10581_task-trust_run-2_space-MNI152NLin6Asym_desc-preproc_bold.nii.gz	23.32907	122.24028	  
sub-10584_task-trust_run-1_echo-1_desc-preproc_bold.nii.gz	10.920751	80.64106	26.988378
sub-10584_task-trust_run-1_echo-2_desc-preproc_bold.nii.gz	8.261769	71.662392	25.645273
sub-10584_task-trust_run-1_echo-3_desc-preproc_bold.nii.gz	6.47839	74.347137	22.857676
sub-10584_task-trust_run-1_echo-4_desc-preproc_bold.nii.gz	5.210999	71.831802	20.548545
sub-10584_task-trust_run-1_space-MNI152NLin6Asym_desc-preproc_bold.nii.gz	24.131049	113.264084	  
sub-10584_task-trust_run-2_echo-1_desc-preproc_bold.nii.gz	12.716761	75.484039	27.389715
sub-10584_task-trust_run-2_echo-2_desc-preproc_bold.nii.gz	9.938019	72.446198	27.951314
sub-10584_task-trust_run-2_echo-3_desc-preproc_bold.nii.gz	7.843601	72.103142	25.620048
sub-10584_task-trust_run-2_echo-4_desc-preproc_bold.nii.gz	6.265623	68.92939	23.514449
sub-10584_task-trust_run-2_space-MNI152NLin6Asym_desc-preproc_bold.nii.gz	25.171421	126.956757	  
sub-10585_task-trust_run-1_echo-1_desc-preproc_bold.nii.gz	10.368902	92.626892	21.465653
sub-10585_task-trust_run-1_echo-2_desc-preproc_bold.nii.gz	8.114267	69.580009	17.084142
sub-10585_task-trust_run-1_echo-3_desc-preproc_bold.nii.gz	6.372167	70.925964	13.110162
sub-10585_task-trust_run-1_echo-4_desc-preproc_bold.nii.gz	5.127373	70.77964	9.853889
sub-10585_task-trust_run-1_space-MNI152NLin6Asym_desc-preproc_bold.nii.gz	23.463905	125.190514	  
sub-10585_task-trust_run-2_echo-1_desc-preproc_bold.nii.gz	9.863816	78.610764	22.837212
sub-10585_task-trust_run-2_echo-2_desc-preproc_bold.nii.gz	7.661449	76.108238	18.967534
sub-10585_task-trust_run-2_echo-3_desc-preproc_bold.nii.gz	6.045655	75.402397	15.047809
sub-10585_task-trust_run-2_echo-4_desc-preproc_bold.nii.gz	4.913446	77.569893	11.255776
sub-10585_task-trust_run-2_space-MNI152NLin6Asym_desc-preproc_bold.nii.gz	25.104958	122.084435	  
sub-10589_task-trust_run-1_echo-1_desc-preproc_bold.nii.gz	10.599755	84.348244	32.640636
sub-10589_task-trust_run-1_echo-2_desc-preproc_bold.nii.gz	7.801005	76.56205	29.071756
sub-10589_task-trust_run-1_echo-3_desc-preproc_bold.nii.gz	6.01756	73.606987	25.006257
sub-10589_task-trust_run-1_echo-4_desc-preproc_bold.nii.gz	4.802796	79.071114	21.590809
sub-10589_task-trust_run-1_space-MNI152NLin6Asym_desc-preproc_bold.nii.gz	26.355606	145.694931	  
sub-10589_task-trust_run-2_echo-1_desc-preproc_bold.nii.gz	12.626745	87.950737	33.10533
sub-10589_task-trust_run-2_echo-2_desc-preproc_bold.nii.gz	9.902311	77.009789	29.06912
sub-10589_task-trust_run-2_echo-3_desc-preproc_bold.nii.gz	7.944057	75.402817	25.159931
sub-10589_task-trust_run-2_echo-4_desc-preproc_bold.nii.gz	6.374183	75.635361	22.062095
sub-10589_task-trust_run-2_space-MNI152NLin6Asym_desc-preproc_bold.nii.gz	27.375063	146.799973	  
sub-10590_task-trust_run-1_echo-1_desc-preproc_bold.nii.gz	15.290696	107.196762	34.113761
sub-10590_task-trust_run-1_echo-2_desc-preproc_bold.nii.gz	12.601942	115.572731	35.656256
sub-10590_task-trust_run-1_echo-3_desc-preproc_bold.nii.gz	10.142841	101.534271	32.788088
sub-10590_task-trust_run-1_echo-4_desc-preproc_bold.nii.gz	8.133229	99.224846	29.230823
sub-10590_task-trust_run-1_space-MNI152NLin6Asym_desc-preproc_bold.nii.gz	30.429177	168.522995	  
sub-10590_task-trust_run-2_echo-1_desc-preproc_bold.nii.gz	14.568239	105.718567	31.804948
sub-10590_task-trust_run-2_echo-2_desc-preproc_bold.nii.gz	11.859048	105.321312	32.212807
sub-10590_task-trust_run-2_echo-3_desc-preproc_bold.nii.gz	9.443107	104.859688	27.942963
sub-10590_task-trust_run-2_echo-4_desc-preproc_bold.nii.gz	7.527607	93.140396	24.125929
sub-10590_task-trust_run-2_space-MNI152NLin6Asym_desc-preproc_bold.nii.gz	29.731723	153.07692	  
sub-10596_task-trust_run-1_echo-1_desc-preproc_bold.nii.gz	11.648036	82.639153	30.194963
sub-10596_task-trust_run-1_echo-2_desc-preproc_bold.nii.gz	8.99438	61.503315	23.155388
sub-10596_task-trust_run-1_echo-3_desc-preproc_bold.nii.gz	7.020689	68.786674	17.405942
sub-10596_task-trust_run-1_echo-4_desc-preproc_bold.nii.gz	5.505131	64.987534	12.577677
sub-10596_task-trust_run-1_space-MNI152NLin6Asym_desc-preproc_bold.nii.gz	27.707447	109.915771	  
sub-10596_task-trust_run-2_echo-1_desc-preproc_bold.nii.gz	12.162615	83.532997	28.944324
sub-10596_task-trust_run-2_echo-2_desc-preproc_bold.nii.gz	9.512244	63.444935	22.532212
sub-10596_task-trust_run-2_echo-3_desc-preproc_bold.nii.gz	7.473828	64.664177	17.021829
sub-10596_task-trust_run-2_echo-4_desc-preproc_bold.nii.gz	5.841457	64.157524	12.329463
sub-10596_task-trust_run-2_space-MNI152NLin6Asym_desc-preproc_bold.nii.gz	26.563264	110.711067	  
sub-10603_task-trust_run-1_echo-1_desc-preproc_bold.nii.gz	8.817814	68.331635	29.390369
sub-10603_task-trust_run-1_echo-2_desc-preproc_bold.nii.gz	6.742331	75.730011	26.473918
sub-10603_task-trust_run-1_echo-3_desc-preproc_bold.nii.gz	5.260807	69.477394	21.812636
sub-10603_task-trust_run-1_echo-4_desc-preproc_bold.nii.gz	4.267857	69.56115	18.765057
sub-10603_task-trust_run-1_space-MNI152NLin6Asym_desc-preproc_bold.nii.gz	23.466664	118.398048	  
sub-10603_task-trust_run-2_echo-1_desc-preproc_bold.nii.gz	9.382892	68.640259	27.332822
sub-10603_task-trust_run-2_echo-2_desc-preproc_bold.nii.gz	7.193705	64.282196	24.495165
sub-10603_task-trust_run-2_echo-3_desc-preproc_bold.nii.gz	5.574933	67.333885	19.699624
sub-10603_task-trust_run-2_echo-4_desc-preproc_bold.nii.gz	4.453258	66.475502	16.418454
sub-10603_task-trust_run-2_space-MNI152NLin6Asym_desc-preproc_bold.nii.gz	21.669047	104.066185	  
sub-10606_task-trust_run-1_echo-1_desc-preproc_bold.nii.gz	14.230762	91.315475	28.421385
sub-10606_task-trust_run-1_echo-2_desc-preproc_bold.nii.gz	11.235209	80.164635	27.977609
sub-10606_task-trust_run-1_echo-3_desc-preproc_bold.nii.gz	8.918477	80.610878	25.343615
sub-10606_task-trust_run-1_echo-4_desc-preproc_bold.nii.gz	7.07856	73.047043	22.083975
sub-10606_task-trust_run-1_space-MNI152NLin6Asym_desc-preproc_bold.nii.gz	28.289215	135.560287	  
sub-10606_task-trust_run-2_echo-1_desc-preproc_bold.nii.gz	13.316823	81.050117	28.010062
sub-10606_task-trust_run-2_echo-2_desc-preproc_bold.nii.gz	10.399876	79.522148	27.56922
sub-10606_task-trust_run-2_echo-3_desc-preproc_bold.nii.gz	8.202109	74.280128	24.514691
sub-10606_task-trust_run-2_echo-4_desc-preproc_bold.nii.gz	6.50732	73.456146	21.321757
sub-10606_task-trust_run-2_space-MNI152NLin6Asym_desc-preproc_bold.nii.gz	26.971149	116.883339	  
sub-10608_task-trust_run-1_echo-1_desc-preproc_bold.nii.gz	11.753341	76.385086	25.276714
sub-10608_task-trust_run-1_echo-2_desc-preproc_bold.nii.gz	9.627366	69.250259	25.655144
sub-10608_task-trust_run-1_echo-3_desc-preproc_bold.nii.gz	7.734403	73.409546	21.284879
sub-10608_task-trust_run-1_echo-4_desc-preproc_bold.nii.gz	6.169569	69.257401	16.739135
sub-10608_task-trust_run-1_space-MNI152NLin6Asym_desc-preproc_bold.nii.gz	29.289032	115.775688	  
sub-10617_task-trust_run-1_echo-1_desc-preproc_bold.nii.gz	11.36745	92.673485	31.63792
sub-10617_task-trust_run-1_echo-2_desc-preproc_bold.nii.gz	9.079133	84.351631	26.55632
sub-10617_task-trust_run-1_echo-3_desc-preproc_bold.nii.gz	7.211586	80.199951	22.194767
sub-10617_task-trust_run-1_echo-4_desc-preproc_bold.nii.gz	5.796174	74.47287	18.299653
sub-10617_task-trust_run-1_space-MNI152NLin6Asym_desc-preproc_bold.nii.gz	27.548764	131.61145	  
sub-10617_task-trust_run-2_echo-1_desc-preproc_bold.nii.gz	11.160581	76.376091	30.827713
sub-10617_task-trust_run-2_echo-2_desc-preproc_bold.nii.gz	8.888229	76.47049	25.463319
sub-10617_task-trust_run-2_echo-3_desc-preproc_bold.nii.gz	7.035587	74.650047	21.081922
sub-10617_task-trust_run-2_echo-4_desc-preproc_bold.nii.gz	5.642444	74.770493	17.301877
sub-10617_task-trust_run-2_space-MNI152NLin6Asym_desc-preproc_bold.nii.gz	25.572854	134.292267	  
sub-10636_task-trust_run-1_echo-1_desc-preproc_bold.nii.gz	11.162175	90.977951	22.919772
sub-10636_task-trust_run-1_echo-2_desc-preproc_bold.nii.gz	8.246188	97.080673	18.55642
sub-10636_task-trust_run-1_echo-3_desc-preproc_bold.nii.gz	6.407217	93.615952	13.623843
sub-10636_task-trust_run-1_echo-4_desc-preproc_bold.nii.gz	5.129517	73.626175	10.688793
sub-10636_task-trust_run-1_space-MNI152NLin6Asym_desc-preproc_bold.nii.gz	24.625379	137.12265	  
sub-10636_task-trust_run-2_echo-1_desc-preproc_bold.nii.gz	11.665994	84.342239	24.155173
sub-10636_task-trust_run-2_echo-2_desc-preproc_bold.nii.gz	8.621805	76.98439	19.706689
sub-10636_task-trust_run-2_echo-3_desc-preproc_bold.nii.gz	6.706256	78.026299	14.938001
sub-10636_task-trust_run-2_echo-4_desc-preproc_bold.nii.gz	5.358515	72.751381	11.165255
sub-10636_task-trust_run-2_space-MNI152NLin6Asym_desc-preproc_bold.nii.gz	25.761393	117.032761	  
sub-10638_task-trust_run-1_echo-1_desc-preproc_bold.nii.gz	11.431266	80.898987	25.201287
sub-10638_task-trust_run-1_echo-2_desc-preproc_bold.nii.gz	9.085353	80.166779	20.286088
sub-10638_task-trust_run-1_echo-3_desc-preproc_bold.nii.gz	7.328339	77.524979	15.233137
sub-10638_task-trust_run-1_echo-4_desc-preproc_bold.nii.gz	5.996965	80.793755	11.60845
sub-10638_task-trust_run-1_space-MNI152NLin6Asym_desc-preproc_bold.nii.gz	27.611866	129.88382	  
sub-10638_task-trust_run-2_echo-1_desc-preproc_bold.nii.gz	9.363549	81.543259	26.062826
sub-10638_task-trust_run-2_echo-2_desc-preproc_bold.nii.gz	7.23078	82.202461	21.303318
sub-10638_task-trust_run-2_echo-3_desc-preproc_bold.nii.gz	5.783074	80.231995	15.9781
sub-10638_task-trust_run-2_echo-4_desc-preproc_bold.nii.gz	4.766442	80.158401	12.163523
sub-10638_task-trust_run-2_space-MNI152NLin6Asym_desc-preproc_bold.nii.gz	27.651452	143.199005	  
sub-10640_task-trust_run-1_echo-1_desc-preproc_bold.nii.gz	17.300291	144.640366	36.370331
sub-10640_task-trust_run-1_echo-2_desc-preproc_bold.nii.gz	12.999238	109.244606	29.693457
sub-10640_task-trust_run-1_echo-3_desc-preproc_bold.nii.gz	10.010795	89.814034	23.760356
sub-10640_task-trust_run-1_echo-4_desc-preproc_bold.nii.gz	7.784695	82.548058	18.269775
sub-10640_task-trust_run-1_space-MNI152NLin6Asym_desc-preproc_bold.nii.gz	38.443645	169.517944	  
sub-10640_task-trust_run-2_echo-1_desc-preproc_bold.nii.gz	20.327986	148.53125	36.386722
sub-10640_task-trust_run-2_echo-2_desc-preproc_bold.nii.gz	16.047804	113.293755	30.547135
sub-10640_task-trust_run-2_echo-3_desc-preproc_bold.nii.gz	12.741453	98.434456	24.628913
sub-10640_task-trust_run-2_echo-4_desc-preproc_bold.nii.gz	10.066879	90.691574	18.593731
sub-10640_task-trust_run-2_space-MNI152NLin6Asym_desc-preproc_bold.nii.gz	42.446716	192.897507	  
sub-10641_task-trust_run-1_echo-1_desc-preproc_bold.nii.gz	10.735132	78.47242	21.223754
sub-10641_task-trust_run-1_echo-2_desc-preproc_bold.nii.gz	8.460118	70.446205	19.965114
sub-10641_task-trust_run-1_echo-3_desc-preproc_bold.nii.gz	6.625536	74.384293	15.91807
sub-10641_task-trust_run-1_echo-4_desc-preproc_bold.nii.gz	5.2363	80.616188	12.126285
sub-10641_task-trust_run-1_space-MNI152NLin6Asym_desc-preproc_bold.nii.gz	26.165373	133.666626	  
sub-10642_task-trust_run-1_echo-1_desc-preproc_bold.nii.gz	12.749801	105.503098	37.760609
sub-10642_task-trust_run-1_echo-2_desc-preproc_bold.nii.gz	9.514155	85.436249	35.800335
sub-10642_task-trust_run-1_echo-3_desc-preproc_bold.nii.gz	7.279847	73.60244	30.264265
sub-10642_task-trust_run-1_echo-4_desc-preproc_bold.nii.gz	5.664879	74.984764	22.848587
sub-10642_task-trust_run-1_space-MNI152NLin6Asym_desc-preproc_bold.nii.gz	35.303368	147.78212	  
sub-10642_task-trust_run-2_echo-1_desc-preproc_bold.nii.gz	14.341487	105.158203	37.314703
sub-10642_task-trust_run-2_echo-2_desc-preproc_bold.nii.gz	10.785411	88.456947	34.593702
sub-10642_task-trust_run-2_echo-3_desc-preproc_bold.nii.gz	8.360289	94.635513	29.026712
sub-10642_task-trust_run-2_echo-4_desc-preproc_bold.nii.gz	6.514946	79.963158	22.084405
sub-10642_task-trust_run-2_space-MNI152NLin6Asym_desc-preproc_bold.nii.gz	38.315607	148.592957	  
sub-10644_task-trust_run-1_echo-1_desc-preproc_bold.nii.gz	13.111582	94.215332	30.941377
sub-10644_task-trust_run-1_echo-2_desc-preproc_bold.nii.gz	10.767756	80.507378	29.838988
sub-10644_task-trust_run-1_echo-3_desc-preproc_bold.nii.gz	8.67155	88.044128	27.283545
sub-10644_task-trust_run-1_echo-4_desc-preproc_bold.nii.gz	6.938042	81.556854	23.881768
sub-10644_task-trust_run-1_space-MNI152NLin6Asym_desc-preproc_bold.nii.gz	27.568026	144.869492	  
sub-10644_task-trust_run-2_echo-1_desc-preproc_bold.nii.gz	9.935944	79.736008	28.0155
sub-10644_task-trust_run-2_echo-2_desc-preproc_bold.nii.gz	7.605467	86.385391	25.052417
sub-10644_task-trust_run-2_echo-3_desc-preproc_bold.nii.gz	5.971686	83.107819	21.420711
sub-10644_task-trust_run-2_echo-4_desc-preproc_bold.nii.gz	4.780914	79.835838	17.874153
sub-10644_task-trust_run-2_space-MNI152NLin6Asym_desc-preproc_bold.nii.gz	23.063719	119.844902	  
sub-10647_task-trust_run-1_echo-1_desc-preproc_bold.nii.gz	21.927417	161.443619	45.851046
sub-10647_task-trust_run-1_echo-2_desc-preproc_bold.nii.gz	17.607269	124.680595	40.845705
sub-10647_task-trust_run-1_echo-3_desc-preproc_bold.nii.gz	14.213931	113.019852	33.626278
sub-10647_task-trust_run-1_echo-4_desc-preproc_bold.nii.gz	11.400999	100.117004	27.268988
sub-10647_task-trust_run-1_space-MNI152NLin6Asym_desc-preproc_bold.nii.gz	49.115281	219.139435	  
sub-10647_task-trust_run-2_echo-1_desc-preproc_bold.nii.gz	17.411626	125.603668	42.48883
sub-10647_task-trust_run-2_echo-2_desc-preproc_bold.nii.gz	13.214673	117.266342	35.10861
sub-10647_task-trust_run-2_echo-3_desc-preproc_bold.nii.gz	10.31672	82.10453	27.489141
sub-10647_task-trust_run-2_echo-4_desc-preproc_bold.nii.gz	8.1478	75.794167	21.229429
sub-10647_task-trust_run-2_space-MNI152NLin6Asym_desc-preproc_bold.nii.gz	35.045297	174.838394	  
sub-10649_task-trust_run-1_echo-1_desc-preproc_bold.nii.gz	10.549352	74.887749	22.59629
sub-10649_task-trust_run-1_echo-2_desc-preproc_bold.nii.gz	8.108161	68.528618	18.581928
sub-10649_task-trust_run-1_echo-3_desc-preproc_bold.nii.gz	6.350578	60.212063	14.434438
sub-10649_task-trust_run-1_echo-4_desc-preproc_bold.nii.gz	5.045669	58.800312	10.465702
sub-10649_task-trust_run-1_space-MNI152NLin6Asym_desc-preproc_bold.nii.gz	24.177354	107.320984	  
sub-10649_task-trust_run-2_echo-1_desc-preproc_bold.nii.gz	10.4647	90.968651	23.246489
sub-10649_task-trust_run-2_echo-2_desc-preproc_bold.nii.gz	8.025242	67.234146	19.349066
sub-10649_task-trust_run-2_echo-3_desc-preproc_bold.nii.gz	6.275434	64.77034	14.75918
sub-10649_task-trust_run-2_echo-4_desc-preproc_bold.nii.gz	4.986776	57.97673	10.683642
sub-10649_task-trust_run-2_space-MNI152NLin6Asym_desc-preproc_bold.nii.gz	25.221936	106.261711	  
sub-10652_task-trust_run-1_echo-1_desc-preproc_bold.nii.gz	11.705571	94.829994	25.68083
sub-10652_task-trust_run-1_echo-2_desc-preproc_bold.nii.gz	9.490179	90.296127	24.069008
sub-10652_task-trust_run-1_echo-3_desc-preproc_bold.nii.gz	7.673989	92.127747	19.824516
sub-10652_task-trust_run-1_echo-4_desc-preproc_bold.nii.gz	6.139537	92.625977	15.84541
sub-10652_task-trust_run-1_space-MNI152NLin6Asym_desc-preproc_bold.nii.gz	29.073368	150.547836	  
sub-10652_task-trust_run-2_echo-1_desc-preproc_bold.nii.gz	11.857174	100.122299	26.955071
sub-10652_task-trust_run-2_echo-2_desc-preproc_bold.nii.gz	9.678843	93.902733	25.039175
sub-10652_task-trust_run-2_echo-3_desc-preproc_bold.nii.gz	7.876631	91.57473	21.94702
sub-10652_task-trust_run-2_echo-4_desc-preproc_bold.nii.gz	6.322835	96.283966	17.380645
sub-10652_task-trust_run-2_space-MNI152NLin6Asym_desc-preproc_bold.nii.gz	30.17214	151.436249	  
sub-10656_task-trust_run-1_echo-1_desc-preproc_bold.nii.gz	12.256602	65.587196	21.930868
sub-10656_task-trust_run-1_echo-2_desc-preproc_bold.nii.gz	9.475662	60.774269	20.914611
sub-10656_task-trust_run-1_echo-3_desc-preproc_bold.nii.gz	7.560734	66.654984	17.427166
sub-10656_task-trust_run-1_echo-4_desc-preproc_bold.nii.gz	6.060508	67.107651	13.39587
sub-10656_task-trust_run-1_space-MNI152NLin6Asym_desc-preproc_bold.nii.gz	26.576244	121.551407	  
sub-10656_task-trust_run-2_echo-1_desc-preproc_bold.nii.gz	12.623782	63.903259	21.774926
sub-10656_task-trust_run-2_echo-2_desc-preproc_bold.nii.gz	9.782245	63.27177	20.519464
sub-10656_task-trust_run-2_echo-3_desc-preproc_bold.nii.gz	7.894965	63.704937	17.445337
sub-10656_task-trust_run-2_echo-4_desc-preproc_bold.nii.gz	6.349748	67.489571	13.273175
sub-10656_task-trust_run-2_space-MNI152NLin6Asym_desc-preproc_bold.nii.gz	26.294989	113.336021	  
sub-10657_task-trust_run-1_echo-1_desc-preproc_bold.nii.gz	10.189846	83.56089	24.427807
sub-10657_task-trust_run-1_echo-2_desc-preproc_bold.nii.gz	7.687862	82.882988	23.324391
sub-10657_task-trust_run-1_echo-3_desc-preproc_bold.nii.gz	6.018891	78.771729	20.465897
sub-10657_task-trust_run-1_echo-4_desc-preproc_bold.nii.gz	4.885941	77.590736	17.264996
sub-10657_task-trust_run-1_space-MNI152NLin6Asym_desc-preproc_bold.nii.gz	20.971401	129.610229	  
sub-10657_task-trust_run-2_echo-1_desc-preproc_bold.nii.gz	10.31381	81.457085	24.005985
sub-10657_task-trust_run-2_echo-2_desc-preproc_bold.nii.gz	7.768296	78.664856	22.425369
sub-10657_task-trust_run-2_echo-3_desc-preproc_bold.nii.gz	6.047777	75.536041	18.949919
sub-10657_task-trust_run-2_echo-4_desc-preproc_bold.nii.gz	4.878477	76.988922	15.923319
sub-10657_task-trust_run-2_space-MNI152NLin6Asym_desc-preproc_bold.nii.gz	20.286762	123.419884	  
sub-10661_task-trust_run-1_echo-1_desc-preproc_bold.nii.gz	11.828113	80.202774	26.355997
sub-10661_task-trust_run-1_echo-2_desc-preproc_bold.nii.gz	9.268173	90.416977	24.201402
sub-10661_task-trust_run-1_echo-3_desc-preproc_bold.nii.gz	7.242494	82.13723	20.964348
sub-10661_task-trust_run-1_echo-4_desc-preproc_bold.nii.gz	5.744823	79.431442	18.638634
sub-10661_task-trust_run-1_space-MNI152NLin6Asym_desc-preproc_bold.nii.gz	26.718488	134.733978	  
sub-10661_task-trust_run-2_echo-1_desc-preproc_bold.nii.gz	11.423677	80.971741	26.093402
sub-10661_task-trust_run-2_echo-2_desc-preproc_bold.nii.gz	8.947288	80.006317	24.002491
sub-10661_task-trust_run-2_echo-3_desc-preproc_bold.nii.gz	6.982816	76.403221	20.618139
sub-10661_task-trust_run-2_echo-4_desc-preproc_bold.nii.gz	5.533091	72.341049	18.077988
sub-10661_task-trust_run-2_space-MNI152NLin6Asym_desc-preproc_bold.nii.gz	24.721953	122.058838	  
sub-10663_task-trust_run-1_echo-1_desc-preproc_bold.nii.gz	13.109134	90.297501	27.154179
sub-10663_task-trust_run-1_echo-2_desc-preproc_bold.nii.gz	10.896965	76.965546	22.545018
sub-10663_task-trust_run-1_echo-3_desc-preproc_bold.nii.gz	8.748759	75.592865	17.224572
sub-10663_task-trust_run-1_echo-4_desc-preproc_bold.nii.gz	6.928786	77.047729	12.961724
sub-10663_task-trust_run-1_space-MNI152NLin6Asym_desc-preproc_bold.nii.gz	30.149605	130.773697	  
sub-10663_task-trust_run-2_echo-1_desc-preproc_bold.nii.gz	12.483728	89.032623	25.854442
sub-10663_task-trust_run-2_echo-2_desc-preproc_bold.nii.gz	10.334771	75.824036	21.812685
sub-10663_task-trust_run-2_echo-3_desc-preproc_bold.nii.gz	8.228414	74.02861	16.496495
sub-10663_task-trust_run-2_echo-4_desc-preproc_bold.nii.gz	6.509136	70.582726	12.234383
sub-10663_task-trust_run-2_space-MNI152NLin6Asym_desc-preproc_bold.nii.gz	28.804042	143.408951	  
sub-10668_task-trust_run-1_echo-1_desc-preproc_bold.nii.gz	13.351228	116.419128	36.159862
sub-10668_task-trust_run-1_echo-2_desc-preproc_bold.nii.gz	9.775105	98.217422	30.91278
sub-10668_task-trust_run-1_echo-3_desc-preproc_bold.nii.gz	7.346717	90.671631	23.937404
sub-10668_task-trust_run-1_echo-4_desc-preproc_bold.nii.gz	5.679102	74.334122	19.640857
sub-10668_task-trust_run-1_space-MNI152NLin6Asym_desc-preproc_bold.nii.gz	29.716066	146.069	  
sub-10668_task-trust_run-2_echo-1_desc-preproc_bold.nii.gz	15.938809	134.362366	40.622738
sub-10668_task-trust_run-2_echo-2_desc-preproc_bold.nii.gz	11.982231	107.673805	40.24984
sub-10668_task-trust_run-2_echo-3_desc-preproc_bold.nii.gz	9.23028	99.045219	34.754799
sub-10668_task-trust_run-2_echo-4_desc-preproc_bold.nii.gz	7.12942	102.588402	27.305715
sub-10668_task-trust_run-2_space-MNI152NLin6Asym_desc-preproc_bold.nii.gz	39.705509	171.23703	  
sub-10673_task-trust_run-1_echo-1_desc-preproc_bold.nii.gz	12.020895	80.536224	26.848417
sub-10673_task-trust_run-1_echo-2_desc-preproc_bold.nii.gz	10.077057	79.922417	24.140031
sub-10673_task-trust_run-1_echo-3_desc-preproc_bold.nii.gz	8.179901	73.894943	20.64222
sub-10673_task-trust_run-1_echo-4_desc-preproc_bold.nii.gz	6.576307	75.029579	17.523019
sub-10673_task-trust_run-1_space-MNI152NLin6Asym_desc-preproc_bold.nii.gz	26.982756	121.596252	  
sub-10673_task-trust_run-2_echo-1_desc-preproc_bold.nii.gz	11.764936	83.158043	26.701886
sub-10673_task-trust_run-2_echo-2_desc-preproc_bold.nii.gz	9.829932	77.601891	24.174418
sub-10673_task-trust_run-2_echo-3_desc-preproc_bold.nii.gz	7.955696	73.035637	20.432231
sub-10673_task-trust_run-2_echo-4_desc-preproc_bold.nii.gz	6.400797	67.987068	17.403136
sub-10673_task-trust_run-2_space-MNI152NLin6Asym_desc-preproc_bold.nii.gz	26.726645	133.786072	  
sub-10674_task-trust_run-1_echo-1_desc-preproc_bold.nii.gz	14.103102	86.812096	23.506101
sub-10674_task-trust_run-1_echo-2_desc-preproc_bold.nii.gz	11.189284	80.973946	20.644941
sub-10674_task-trust_run-1_echo-3_desc-preproc_bold.nii.gz	9.112408	83.318604	17.84452
sub-10674_task-trust_run-1_echo-4_desc-preproc_bold.nii.gz	7.338351	78.234665	14.992728
sub-10674_task-trust_run-1_space-MNI152NLin6Asym_desc-preproc_bold.nii.gz	27.306387	164.758545	  
sub-10674_task-trust_run-2_echo-1_desc-preproc_bold.nii.gz	11.472309	90.84269	24.157558
sub-10674_task-trust_run-2_echo-2_desc-preproc_bold.nii.gz	8.581605	75.05616	22.359972
sub-10674_task-trust_run-2_echo-3_desc-preproc_bold.nii.gz	6.697101	71.99437	19.845005
sub-10674_task-trust_run-2_echo-4_desc-preproc_bold.nii.gz	5.339282	74.397621	17.406006
sub-10674_task-trust_run-2_space-MNI152NLin6Asym_desc-preproc_bold.nii.gz	24.834372	144.507141	  
sub-10677_task-trust_run-1_echo-1_desc-preproc_bold.nii.gz	10.038976	82.983208	29.005311
sub-10677_task-trust_run-1_echo-2_desc-preproc_bold.nii.gz	7.912582	74.772102	26.459777
sub-10677_task-trust_run-1_echo-3_desc-preproc_bold.nii.gz	6.209412	66.131905	21.37184
sub-10677_task-trust_run-1_echo-4_desc-preproc_bold.nii.gz	4.953005	68.046074	16.750169
sub-10677_task-trust_run-1_space-MNI152NLin6Asym_desc-preproc_bold.nii.gz	25.360298	115.123703	  
sub-10677_task-trust_run-2_echo-1_desc-preproc_bold.nii.gz	10.456945	77.621933	30.0393
sub-10677_task-trust_run-2_echo-2_desc-preproc_bold.nii.gz	8.23516	74.364548	30.068078
sub-10677_task-trust_run-2_echo-3_desc-preproc_bold.nii.gz	6.449908	73.530945	24.394598
sub-10677_task-trust_run-2_echo-4_desc-preproc_bold.nii.gz	5.138755	70.102646	20.103277
sub-10677_task-trust_run-2_space-MNI152NLin6Asym_desc-preproc_bold.nii.gz	25.911356	111.065582	  
sub-10685_task-trust_run-1_echo-1_desc-preproc_bold.nii.gz	20.054175	139.297913	38.357712
sub-10685_task-trust_run-1_echo-2_desc-preproc_bold.nii.gz	15.570934	112.690971	36.852154
sub-10685_task-trust_run-1_echo-3_desc-preproc_bold.nii.gz	12.449037	104.520798	32.281825
sub-10685_task-trust_run-1_echo-4_desc-preproc_bold.nii.gz	9.829844	115.490242	26.236291
sub-10685_task-trust_run-1_space-MNI152NLin6Asym_desc-preproc_bold.nii.gz	45.49788	182.138077	  
sub-10685_task-trust_run-2_echo-1_desc-preproc_bold.nii.gz	20.51541	144.712433	38.158414
sub-10685_task-trust_run-2_echo-2_desc-preproc_bold.nii.gz	16.235973	113.365265	37.318432
sub-10685_task-trust_run-2_echo-3_desc-preproc_bold.nii.gz	13.054867	109.712494	32.945666
sub-10685_task-trust_run-2_echo-4_desc-preproc_bold.nii.gz	10.335767	101.785164	25.927843
sub-10685_task-trust_run-2_space-MNI152NLin6Asym_desc-preproc_bold.nii.gz	47.274282	178.739853	  
sub-10690_task-trust_run-1_echo-1_desc-preproc_bold.nii.gz	16.763363	141.584366	41.693461
sub-10690_task-trust_run-1_echo-2_desc-preproc_bold.nii.gz	13.431443	106.574081	36.337023
sub-10690_task-trust_run-1_echo-3_desc-preproc_bold.nii.gz	10.649324	102.731606	29.316364
sub-10690_task-trust_run-1_echo-4_desc-preproc_bold.nii.gz	8.373052	86.032578	23.180687
sub-10690_task-trust_run-1_space-MNI152NLin6Asym_desc-preproc_bold.nii.gz	40.527146	188.217438	  
sub-10691_task-trust_run-1_echo-1_desc-preproc_bold.nii.gz	13.405015	88.965736	26.592699
sub-10691_task-trust_run-1_echo-2_desc-preproc_bold.nii.gz	10.959558	77.128609	20.947411
sub-10691_task-trust_run-1_echo-3_desc-preproc_bold.nii.gz	8.841856	81.00724	15.603913
sub-10691_task-trust_run-1_echo-4_desc-preproc_bold.nii.gz	7.076769	74.025414	11.413498
sub-10691_task-trust_run-1_space-MNI152NLin6Asym_desc-preproc_bold.nii.gz	28.892769	126.921761	  
sub-10691_task-trust_run-2_echo-1_desc-preproc_bold.nii.gz	12.382881	99.306313	26.766083
sub-10691_task-trust_run-2_echo-2_desc-preproc_bold.nii.gz	9.798575	85.129982	20.729369
sub-10691_task-trust_run-2_echo-3_desc-preproc_bold.nii.gz	7.759375	85.878067	15.591541
sub-10691_task-trust_run-2_echo-4_desc-preproc_bold.nii.gz	6.194514	75.946327	11.251307
sub-10691_task-trust_run-2_space-MNI152NLin6Asym_desc-preproc_bold.nii.gz	27.6191	127.368622	  
sub-10700_task-trust_run-1_echo-1_desc-preproc_bold.nii.gz	11.306629	80.781448	24.302753
sub-10700_task-trust_run-1_echo-2_desc-preproc_bold.nii.gz	8.777413	76.024254	21.621466
sub-10700_task-trust_run-1_echo-3_desc-preproc_bold.nii.gz	6.865541	77.018097	17.39377
sub-10700_task-trust_run-1_echo-4_desc-preproc_bold.nii.gz	5.423401	72.118584	13.243303
sub-10700_task-trust_run-1_space-MNI152NLin6Asym_desc-preproc_bold.nii.gz	25.730521	122.714081	  
sub-10700_task-trust_run-2_echo-1_desc-preproc_bold.nii.gz	11.137939	72.430229	23.404773
sub-10700_task-trust_run-2_echo-2_desc-preproc_bold.nii.gz	8.651133	72.158363	21.42026
sub-10700_task-trust_run-2_echo-3_desc-preproc_bold.nii.gz	6.76148	74.491859	17.435428
sub-10700_task-trust_run-2_echo-4_desc-preproc_bold.nii.gz	5.350975	78.547836	13.208529
sub-10700_task-trust_run-2_space-MNI152NLin6Asym_desc-preproc_bold.nii.gz	24.26846	116.276711	  
sub-10701_task-trust_run-1_echo-1_desc-preproc_bold.nii.gz	12.411092	74.078308	21.495987
sub-10701_task-trust_run-1_echo-2_desc-preproc_bold.nii.gz	9.592971	76.359093	21.259398
sub-10701_task-trust_run-1_echo-3_desc-preproc_bold.nii.gz	7.621987	74.743629	20.034259
sub-10701_task-trust_run-1_echo-4_desc-preproc_bold.nii.gz	6.067701	75.411156	17.495904
sub-10701_task-trust_run-1_space-MNI152NLin6Asym_desc-preproc_bold.nii.gz	27.192278	135.897171	  
sub-10701_task-trust_run-2_echo-1_desc-preproc_bold.nii.gz	12.795055	76.405495	20.863862
sub-10701_task-trust_run-2_echo-2_desc-preproc_bold.nii.gz	9.96828	71.840004	20.884966
sub-10701_task-trust_run-2_echo-3_desc-preproc_bold.nii.gz	7.971629	71.895119	19.31172
sub-10701_task-trust_run-2_echo-4_desc-preproc_bold.nii.gz	6.352386	71.701599	16.957396
sub-10701_task-trust_run-2_space-MNI152NLin6Asym_desc-preproc_bold.nii.gz	26.52887	124.741714	  
sub-10713_task-trust_run-1_echo-1_desc-preproc_bold.nii.gz	13.54826	131.87326	44.319959
sub-10713_task-trust_run-1_echo-2_desc-preproc_bold.nii.gz	9.823139	108.368515	45.893207
sub-10713_task-trust_run-1_echo-3_desc-preproc_bold.nii.gz	7.463309	97.442818	44.069235
sub-10713_task-trust_run-1_echo-4_desc-preproc_bold.nii.gz	5.839829	100.522018	41.3248
sub-10713_task-trust_run-1_space-MNI152NLin6Asym_desc-preproc_bold.nii.gz	33.349153	208.021027	  
sub-10713_task-trust_run-2_echo-1_desc-preproc_bold.nii.gz	14.08377	126.746902	43.67114
sub-10713_task-trust_run-2_echo-2_desc-preproc_bold.nii.gz	10.460878	108.654953	47.585103
sub-10713_task-trust_run-2_echo-3_desc-preproc_bold.nii.gz	8.086647	102.433662	48.447611
sub-10713_task-trust_run-2_echo-4_desc-preproc_bold.nii.gz	6.402284	97.877197	45.97339
sub-10713_task-trust_run-2_space-MNI152NLin6Asym_desc-preproc_bold.nii.gz	35.210618	173.801468	  
sub-10716_task-trust_run-1_echo-1_desc-preproc_bold.nii.gz	18.253731	126.092506	39.776682
sub-10716_task-trust_run-1_echo-2_desc-preproc_bold.nii.gz	14.138308	111.08036	31.65757
sub-10716_task-trust_run-1_echo-3_desc-preproc_bold.nii.gz	11.175775	101.273987	25.69475
sub-10716_task-trust_run-1_echo-4_desc-preproc_bold.nii.gz	8.828059	101.014137	21.037097
sub-10716_task-trust_run-1_space-MNI152NLin6Asym_desc-preproc_bold.nii.gz	39.249008	185.570068	  
sub-10716_task-trust_run-2_echo-1_desc-preproc_bold.nii.gz	20.017491	139.256332	40.509509
sub-10716_task-trust_run-2_echo-2_desc-preproc_bold.nii.gz	15.932174	113.044693	33.318119
sub-10716_task-trust_run-2_echo-3_desc-preproc_bold.nii.gz	12.849126	104.84745	27.567603
sub-10716_task-trust_run-2_echo-4_desc-preproc_bold.nii.gz	10.268523	104.760223	23.535992
sub-10716_task-trust_run-2_space-MNI152NLin6Asym_desc-preproc_bold.nii.gz	44.16667	184.446838	  
sub-10718_task-trust_run-1_echo-1_desc-preproc_bold.nii.gz	13.949665	134.849426	41.958079
sub-10718_task-trust_run-1_echo-2_desc-preproc_bold.nii.gz	10.049124	103.94912	37.616708
sub-10718_task-trust_run-1_echo-3_desc-preproc_bold.nii.gz	7.667439	89.31469	30.303132
sub-10718_task-trust_run-1_echo-4_desc-preproc_bold.nii.gz	5.990563	72.284416	24.31138
sub-10718_task-trust_run-1_space-MNI152NLin6Asym_desc-preproc_bold.nii.gz	35.412009	163.427994	  
sub-10718_task-trust_run-2_echo-1_desc-preproc_bold.nii.gz	13.811291	125.158249	39.497847
sub-10718_task-trust_run-2_echo-2_desc-preproc_bold.nii.gz	10.011154	101.241386	33.918424
sub-10718_task-trust_run-2_echo-3_desc-preproc_bold.nii.gz	7.642775	81.527824	26.30559
sub-10718_task-trust_run-2_echo-4_desc-preproc_bold.nii.gz	5.989254	76.327484	20.936333
sub-10718_task-trust_run-2_space-MNI152NLin6Asym_desc-preproc_bold.nii.gz	31.629485	162.893692	  
sub-10720_task-trust_run-1_echo-1_desc-preproc_bold.nii.gz	17.788862	138.555984	39.108875
sub-10720_task-trust_run-1_echo-2_desc-preproc_bold.nii.gz	13.707998	112.609657	36.4623
sub-10720_task-trust_run-1_echo-3_desc-preproc_bold.nii.gz	10.858231	93.426971	30.821359
sub-10720_task-trust_run-1_echo-4_desc-preproc_bold.nii.gz	8.615566	95.08107	23.808849
sub-10720_task-trust_run-1_space-MNI152NLin6Asym_desc-preproc_bold.nii.gz	45.923769	200.533508	  
sub-10720_task-trust_run-2_echo-1_desc-preproc_bold.nii.gz	18.126645	131.930664	38.936636
sub-10720_task-trust_run-2_echo-2_desc-preproc_bold.nii.gz	14.062646	118.931137	37.301303
sub-10720_task-trust_run-2_echo-3_desc-preproc_bold.nii.gz	11.188964	92.530869	31.931049
sub-10720_task-trust_run-2_echo-4_desc-preproc_bold.nii.gz	8.930754	85.586472	24.34052
sub-10720_task-trust_run-2_space-MNI152NLin6Asym_desc-preproc_bold.nii.gz	47.638289	221.58223	  
sub-10723_task-trust_run-1_echo-1_desc-preproc_bold.nii.gz	11.784475	82.725395	29.757054
sub-10723_task-trust_run-1_echo-2_desc-preproc_bold.nii.gz	9.016594	83.239105	30.82502
sub-10723_task-trust_run-1_echo-3_desc-preproc_bold.nii.gz	7.095875	84.496468	28.93173
sub-10723_task-trust_run-1_echo-4_desc-preproc_bold.nii.gz	5.697296	83.868996	28.364617
sub-10723_task-trust_run-1_space-MNI152NLin6Asym_desc-preproc_bold.nii.gz	25.934128	138.879593	  
sub-10723_task-trust_run-2_echo-1_desc-preproc_bold.nii.gz	12.595514	81.206963	29.442698
sub-10723_task-trust_run-2_echo-2_desc-preproc_bold.nii.gz	9.825592	86.846481	30.067915
sub-10723_task-trust_run-2_echo-3_desc-preproc_bold.nii.gz	7.805972	81.112465	28.729763
sub-10723_task-trust_run-2_echo-4_desc-preproc_bold.nii.gz	6.2608	83.301056	27.093157
sub-10723_task-trust_run-2_space-MNI152NLin6Asym_desc-preproc_bold.nii.gz	26.201026	139.10495	  
sub-10741_task-trust_run-1_echo-1_desc-preproc_bold.nii.gz	9.984894	62.947945	22.223269
sub-10741_task-trust_run-1_echo-2_desc-preproc_bold.nii.gz	7.664138	55.558632	17.703464
sub-10741_task-trust_run-1_echo-3_desc-preproc_bold.nii.gz	5.989295	61.487267	13.020634
sub-10741_task-trust_run-1_echo-4_desc-preproc_bold.nii.gz	4.745326	59.420574	9.689802
sub-10741_task-trust_run-1_space-MNI152NLin6Asym_desc-preproc_bold.nii.gz	22.905039	85.252678	  
sub-10741_task-trust_run-2_echo-1_desc-preproc_bold.nii.gz	7.920025	51.873196	20.460887
sub-10741_task-trust_run-2_echo-2_desc-preproc_bold.nii.gz	5.954329	43.976284	15.711304
sub-10741_task-trust_run-2_echo-3_desc-preproc_bold.nii.gz	4.68349	40.475132	11.840093
sub-10741_task-trust_run-2_echo-4_desc-preproc_bold.nii.gz	3.812248	36.790287	8.777103
sub-10741_task-trust_run-2_space-MNI152NLin6Asym_desc-preproc_bold.nii.gz	18.365414	74.91571	  
sub-10748_task-trust_run-1_echo-1_desc-preproc_bold.nii.gz	16.258818	119.317207	35.567876
sub-10748_task-trust_run-1_echo-2_desc-preproc_bold.nii.gz	12.077716	101.778427	30.92569
sub-10748_task-trust_run-1_echo-3_desc-preproc_bold.nii.gz	9.392924	100.408714	24.152339
sub-10748_task-trust_run-1_echo-4_desc-preproc_bold.nii.gz	7.364663	92.221832	18.869621
sub-10748_task-trust_run-1_space-MNI152NLin6Asym_desc-preproc_bold.nii.gz	41.781918	152.297043	  
sub-10748_task-trust_run-2_echo-1_desc-preproc_bold.nii.gz	17.726469	113.326935	36.22929
sub-10748_task-trust_run-2_echo-2_desc-preproc_bold.nii.gz	13.594932	107.452782	31.449448
sub-10748_task-trust_run-2_echo-3_desc-preproc_bold.nii.gz	10.837229	88.628563	25.043823
sub-10748_task-trust_run-2_echo-4_desc-preproc_bold.nii.gz	8.648095	96.158775	19.597248
sub-10748_task-trust_run-2_space-MNI152NLin6Asym_desc-preproc_bold.nii.gz	43.226476	179.082596	  
sub-10767_task-trust_run-1_echo-1_desc-preproc_bold.nii.gz	15.458359	142.268997	35.477389
sub-10767_task-trust_run-1_echo-2_desc-preproc_bold.nii.gz	11.110712	101.099007	25.369511
sub-10767_task-trust_run-1_echo-3_desc-preproc_bold.nii.gz	8.331005	89.935677	18.267902
sub-10767_task-trust_run-1_echo-4_desc-preproc_bold.nii.gz	6.387347	89.216576	13.035967
sub-10767_task-trust_run-1_space-MNI152NLin6Asym_desc-preproc_bold.nii.gz	33.575325	167.492996	  
sub-10767_task-trust_run-2_echo-1_desc-preproc_bold.nii.gz	15.514133	130.830612	37.24827
sub-10767_task-trust_run-2_echo-2_desc-preproc_bold.nii.gz	11.25129	106.19249	28.193878
sub-10767_task-trust_run-2_echo-3_desc-preproc_bold.nii.gz	8.470344	99.35849	21.743633
sub-10767_task-trust_run-2_echo-4_desc-preproc_bold.nii.gz	6.492921	99.738251	15.43887
sub-10767_task-trust_run-2_space-MNI152NLin6Asym_desc-preproc_bold.nii.gz	37.145365	165.860428	  
sub-10770_task-trust_run-1_echo-1_desc-preproc_bold.nii.gz	14.336898	119.788811	36.301611
sub-10770_task-trust_run-1_echo-2_desc-preproc_bold.nii.gz	10.715996	93.175911	36.715946
sub-10770_task-trust_run-1_echo-3_desc-preproc_bold.nii.gz	8.19807	78.687195	38.189375
sub-10770_task-trust_run-1_echo-4_desc-preproc_bold.nii.gz	6.375597	88.736115	39.596706
sub-10770_task-trust_run-1_space-MNI152NLin6Asym_desc-preproc_bold.nii.gz	33.067133	152.898544	  
sub-10770_task-trust_run-2_echo-1_desc-preproc_bold.nii.gz	14.110391	112.076637	34.407742
sub-10770_task-trust_run-2_echo-2_desc-preproc_bold.nii.gz	10.511902	90.474152	34.4908
sub-10770_task-trust_run-2_echo-3_desc-preproc_bold.nii.gz	8.007438	79.011978	35.437257
sub-10770_task-trust_run-2_echo-4_desc-preproc_bold.nii.gz	6.205962	76.203285	36.091851
sub-10770_task-trust_run-2_space-MNI152NLin6Asym_desc-preproc_bold.nii.gz	31.729801	140.415009	  
sub-10777_task-trust_run-1_echo-1_desc-preproc_bold.nii.gz	19.13795	163.2061	34.920875
sub-10777_task-trust_run-1_echo-2_desc-preproc_bold.nii.gz	15.457898	120.336319	34.387599
sub-10777_task-trust_run-1_echo-3_desc-preproc_bold.nii.gz	12.281443	108.515457	28.650767
sub-10777_task-trust_run-1_echo-4_desc-preproc_bold.nii.gz	9.599857	104.932709	22.658751
sub-10777_task-trust_run-1_space-MNI152NLin6Asym_desc-preproc_bold.nii.gz	42.41956	238.936691	  
sub-10781_task-trust_run-1_echo-1_desc-preproc_bold.nii.gz	19.37957	165.662796	35.416358
sub-10781_task-trust_run-1_echo-2_desc-preproc_bold.nii.gz	14.724581	131.556946	30.685867
sub-10781_task-trust_run-1_echo-3_desc-preproc_bold.nii.gz	11.443634	105.959534	25.158866
sub-10781_task-trust_run-1_echo-4_desc-preproc_bold.nii.gz	8.909274	106.347839	18.901158
sub-10781_task-trust_run-1_space-MNI152NLin6Asym_desc-preproc_bold.nii.gz	41.466693	197.69902	  
sub-10781_task-trust_run-2_echo-1_desc-preproc_bold.nii.gz	18.871457	161.422516	35.789679
sub-10781_task-trust_run-2_echo-2_desc-preproc_bold.nii.gz	14.21549	124.510147	30.457529
sub-10781_task-trust_run-2_echo-3_desc-preproc_bold.nii.gz	10.985106	106.962166	24.866828
sub-10781_task-trust_run-2_echo-4_desc-preproc_bold.nii.gz	8.514406	106.510612	18.896657
sub-10781_task-trust_run-2_space-MNI152NLin6Asym_desc-preproc_bold.nii.gz	41.071946	187.633774	  
sub-10783_task-trust_run-1_echo-1_desc-preproc_bold.nii.gz	16.831909	119.221542	44.196065
sub-10783_task-trust_run-1_echo-2_desc-preproc_bold.nii.gz	13.841148	97.265213	41.957525
sub-10783_task-trust_run-1_echo-3_desc-preproc_bold.nii.gz	11.20631	96.49482	38.789868
sub-10783_task-trust_run-1_echo-4_desc-preproc_bold.nii.gz	8.999872	95.879776	34.122428
sub-10783_task-trust_run-1_space-MNI152NLin6Asym_desc-preproc_bold.nii.gz	38.69825	163.84935	  
sub-10783_task-trust_run-2_echo-1_desc-preproc_bold.nii.gz	16.808528	122.238365	43.570466
sub-10783_task-trust_run-2_echo-2_desc-preproc_bold.nii.gz	13.741156	105.15612	41.77056
sub-10783_task-trust_run-2_echo-3_desc-preproc_bold.nii.gz	11.12671	101.009727	38.059318
sub-10783_task-trust_run-2_echo-4_desc-preproc_bold.nii.gz	8.933364	99.061279	33.36641
sub-10783_task-trust_run-2_space-MNI152NLin6Asym_desc-preproc_bold.nii.gz	37.662749	173.507904	  
sub-10785_task-trust_run-1_echo-1_desc-preproc_bold.nii.gz	14.209705	144.073181	37.070492
sub-10785_task-trust_run-1_echo-2_desc-preproc_bold.nii.gz	10.728887	113.488396	32.853576
sub-10785_task-trust_run-1_echo-3_desc-preproc_bold.nii.gz	8.206184	89.18634	26.310864
sub-10785_task-trust_run-1_echo-4_desc-preproc_bold.nii.gz	6.373533	87.893997	19.73541
sub-10785_task-trust_run-1_space-MNI152NLin6Asym_desc-preproc_bold.nii.gz	35.551866	200.768448	  
sub-10785_task-trust_run-2_echo-1_desc-preproc_bold.nii.gz	13.751773	143.798874	39.790155
sub-10785_task-trust_run-2_echo-2_desc-preproc_bold.nii.gz	10.062206	109.201813	34.651254
sub-10785_task-trust_run-2_echo-3_desc-preproc_bold.nii.gz	7.618872	112.719414	27.692347
sub-10785_task-trust_run-2_echo-4_desc-preproc_bold.nii.gz	5.901836	92.085876	20.941161
sub-10785_task-trust_run-2_space-MNI152NLin6Asym_desc-preproc_bold.nii.gz	38.046994	198.663544	  
sub-10794_task-trust_run-1_echo-1_desc-preproc_bold.nii.gz	20.005376	158.882187	41.559162
sub-10794_task-trust_run-1_echo-2_desc-preproc_bold.nii.gz	14.525826	111.677559	39.644646
sub-10794_task-trust_run-1_echo-3_desc-preproc_bold.nii.gz	11.610882	102.929008	35.590844
sub-10794_task-trust_run-1_echo-4_desc-preproc_bold.nii.gz	9.114275	95.22773	30.352803
sub-10794_task-trust_run-1_space-MNI152NLin6Asym_desc-preproc_bold.nii.gz	45.595401	184.916016	  
sub-10794_task-trust_run-2_echo-1_desc-preproc_bold.nii.gz	17.855496	145.208588	41.003483
sub-10794_task-trust_run-2_echo-2_desc-preproc_bold.nii.gz	12.770562	111.723717	37.863114
sub-10794_task-trust_run-2_echo-3_desc-preproc_bold.nii.gz	9.904751	114.255989	33.033863
sub-10794_task-trust_run-2_echo-4_desc-preproc_bold.nii.gz	7.667524	88.106331	27.177181
sub-10794_task-trust_run-2_space-MNI152NLin6Asym_desc-preproc_bold.nii.gz	40.888933	177.15274	  
sub-10800_task-trust_run-1_echo-1_desc-preproc_bold.nii.gz	16.885891	118.368126	42.463887
sub-10800_task-trust_run-1_echo-2_desc-preproc_bold.nii.gz	13.498833	105.731285	34.488037
sub-10800_task-trust_run-1_echo-3_desc-preproc_bold.nii.gz	10.530504	94.052361	27.271705
sub-10800_task-trust_run-1_echo-4_desc-preproc_bold.nii.gz	8.317557	94.212257	22.225472
sub-10800_task-trust_run-1_space-MNI152NLin6Asym_desc-preproc_bold.nii.gz	43.505516	177.597122	  
sub-10800_task-trust_run-2_echo-1_desc-preproc_bold.nii.gz	12.693428	101.064468	38.207571
sub-10800_task-trust_run-2_echo-2_desc-preproc_bold.nii.gz	9.40647	85.484009	28.289124
sub-10800_task-trust_run-2_echo-3_desc-preproc_bold.nii.gz	7.078381	66.894463	21.918685
sub-10800_task-trust_run-2_echo-4_desc-preproc_bold.nii.gz	5.541777	59.507793	16.83536
sub-10800_task-trust_run-2_space-MNI152NLin6Asym_desc-preproc_bold.nii.gz	29.106854	131.86882	  
sub-10801_task-trust_run-1_echo-1_desc-preproc_bold.nii.gz	13.403321	140.029343	45.030935
sub-10801_task-trust_run-1_echo-2_desc-preproc_bold.nii.gz	9.636015	111.913231	37.573356
sub-10801_task-trust_run-1_echo-3_desc-preproc_bold.nii.gz	7.283079	93.828461	29.108443
sub-10801_task-trust_run-1_echo-4_desc-preproc_bold.nii.gz	5.687328	93.905563	21.185482
sub-10801_task-trust_run-1_space-MNI152NLin6Asym_desc-preproc_bold.nii.gz	40.770706	191.002365	  
sub-10801_task-trust_run-2_echo-1_desc-preproc_bold.nii.gz	13.251369	133.553665	42.98085
sub-10801_task-trust_run-2_echo-2_desc-preproc_bold.nii.gz	9.613419	101.265396	35.036348
sub-10801_task-trust_run-2_echo-3_desc-preproc_bold.nii.gz	7.327068	84.067307	25.304742
sub-10801_task-trust_run-2_echo-4_desc-preproc_bold.nii.gz	5.734949	88.789154	19.033502
sub-10801_task-trust_run-2_space-MNI152NLin6Asym_desc-preproc_bold.nii.gz	34.381109	172.658997	  
sub-10802_task-trust_run-1_echo-1_desc-preproc_bold.nii.gz	16.172123	138.073181	37.085853
sub-10802_task-trust_run-1_echo-2_desc-preproc_bold.nii.gz	12.303125	111.510048	32.734186
sub-10802_task-trust_run-1_echo-3_desc-preproc_bold.nii.gz	9.636057	113.119064	26.682148
sub-10802_task-trust_run-1_echo-4_desc-preproc_bold.nii.gz	7.577596	93.9076	21.315286
sub-10802_task-trust_run-1_space-MNI152NLin6Asym_desc-preproc_bold.nii.gz	38.323618	197.766983	  
sub-10802_task-trust_run-2_echo-1_desc-preproc_bold.nii.gz	14.637191	139.232559	36.837921
sub-10802_task-trust_run-2_echo-2_desc-preproc_bold.nii.gz	10.739221	99.944298	31.253516
sub-10802_task-trust_run-2_echo-3_desc-preproc_bold.nii.gz	8.26089	97.874641	24.631544
sub-10802_task-trust_run-2_echo-4_desc-preproc_bold.nii.gz	6.469075	89.967804	19.693715
sub-10802_task-trust_run-2_space-MNI152NLin6Asym_desc-preproc_bold.nii.gz	34.077956	164.884827	  
sub-10803_task-trust_run-1_echo-1_desc-preproc_bold.nii.gz	18.866143	135.924683	44.534055
sub-10803_task-trust_run-1_echo-2_desc-preproc_bold.nii.gz	15.111303	104.142899	44.057357
sub-10803_task-trust_run-1_echo-3_desc-preproc_bold.nii.gz	11.984705	95.300232	38.05948
sub-10803_task-trust_run-1_echo-4_desc-preproc_bold.nii.gz	9.450979	82.471802	28.884341
sub-10803_task-trust_run-1_space-MNI152NLin6Asym_desc-preproc_bold.nii.gz	46.666641	180.480377	  
sub-10804_task-trust_run-1_echo-1_desc-preproc_bold.nii.gz	19.842513	138.085968	41.64253
sub-10804_task-trust_run-1_echo-2_desc-preproc_bold.nii.gz	15.49438	101.980179	37.015493
sub-10804_task-trust_run-1_echo-3_desc-preproc_bold.nii.gz	12.363568	96.433418	32.26446
sub-10804_task-trust_run-1_echo-4_desc-preproc_bold.nii.gz	9.890255	87.978493	27.696444
sub-10804_task-trust_run-1_space-MNI152NLin6Asym_desc-preproc_bold.nii.gz	45.812964	161.68454	  
sub-10804_task-trust_run-2_echo-1_desc-preproc_bold.nii.gz	18.896103	127.199509	41.526054
sub-10804_task-trust_run-2_echo-2_desc-preproc_bold.nii.gz	14.636226	98.610817	36.002634
sub-10804_task-trust_run-2_echo-3_desc-preproc_bold.nii.gz	11.602641	91.628822	30.086381
sub-10804_task-trust_run-2_echo-4_desc-preproc_bold.nii.gz	9.212697	83.987885	25.303746
sub-10804_task-trust_run-2_space-MNI152NLin6Asym_desc-preproc_bold.nii.gz	42.397901	164.267197	  
sub-10806_task-trust_run-1_echo-1_desc-preproc_bold.nii.gz	16.737617	125.338921	38.918128
sub-10806_task-trust_run-1_echo-2_desc-preproc_bold.nii.gz	11.74992	102.492409	30.380092
sub-10806_task-trust_run-1_echo-3_desc-preproc_bold.nii.gz	8.767624	98.394348	23.636011
sub-10806_task-trust_run-1_echo-4_desc-preproc_bold.nii.gz	6.783251	96.269875	16.572944
sub-10806_task-trust_run-1_space-MNI152NLin6Asym_desc-preproc_bold.nii.gz	36.553293	159.054291	  
sub-10806_task-trust_run-2_echo-1_desc-preproc_bold.nii.gz	16.419408	126.146301	41.722617
sub-10806_task-trust_run-2_echo-2_desc-preproc_bold.nii.gz	11.365036	101.485374	31.608856
sub-10806_task-trust_run-2_echo-3_desc-preproc_bold.nii.gz	8.425406	83.797935	23.219305
sub-10806_task-trust_run-2_echo-4_desc-preproc_bold.nii.gz	6.494906	79.445084	16.999312
sub-10806_task-trust_run-2_space-MNI152NLin6Asym_desc-preproc_bold.nii.gz	35.378085	154.156189	  
sub-10807_task-trust_run-1_echo-1_desc-preproc_bold.nii.gz	12.77879	87.998978	33.989729
sub-10807_task-trust_run-1_echo-2_desc-preproc_bold.nii.gz	9.381666	78.821388	31.796602
sub-10807_task-trust_run-1_echo-3_desc-preproc_bold.nii.gz	7.309876	69.038597	30.059381
sub-10807_task-trust_run-1_echo-4_desc-preproc_bold.nii.gz	5.770338	71.18528	27.301742
sub-10807_task-trust_run-1_space-MNI152NLin6Asym_desc-preproc_bold.nii.gz	26.645706	121.949272	  
sub-10807_task-trust_run-2_echo-1_desc-preproc_bold.nii.gz	13.083141	93.856529	33.72341
sub-10807_task-trust_run-2_echo-2_desc-preproc_bold.nii.gz	9.587811	72.644569	31.534345
sub-10807_task-trust_run-2_echo-3_desc-preproc_bold.nii.gz	7.484065	65.559273	29.675438
sub-10807_task-trust_run-2_echo-4_desc-preproc_bold.nii.gz	5.906764	65.273338	26.79443
sub-10807_task-trust_run-2_space-MNI152NLin6Asym_desc-preproc_bold.nii.gz	26.30014	122.35289	  
sub-10809_task-trust_run-1_echo-1_desc-preproc_bold.nii.gz	19.827014	142.741913	38.852756
sub-10809_task-trust_run-1_echo-2_desc-preproc_bold.nii.gz	15.484235	103.381615	43.096672
sub-10809_task-trust_run-1_echo-3_desc-preproc_bold.nii.gz	12.292683	97.670288	43.969886
sub-10809_task-trust_run-1_echo-4_desc-preproc_bold.nii.gz	9.784747	89.724327	43.220067
sub-10809_task-trust_run-1_space-MNI152NLin6Asym_desc-preproc_bold.nii.gz	42.328918	179.797104	  
sub-10809_task-trust_run-2_echo-1_desc-preproc_bold.nii.gz	18.547258	137.298691	38.179549
sub-10809_task-trust_run-2_echo-2_desc-preproc_bold.nii.gz	14.277863	115.081329	41.40959
sub-10809_task-trust_run-2_echo-3_desc-preproc_bold.nii.gz	11.162713	100.789574	43.062986
sub-10809_task-trust_run-2_echo-4_desc-preproc_bold.nii.gz	8.853785	95.222542	41.582806
sub-10809_task-trust_run-2_space-MNI152NLin6Asym_desc-preproc_bold.nii.gz	38.649535	168.873093	  
sub-10810_task-trust_run-1_echo-1_desc-preproc_bold.nii.gz	14.986049	110.39119	44.248063
sub-10810_task-trust_run-1_echo-2_desc-preproc_bold.nii.gz	11.326856	83.99118	42.361261
sub-10810_task-trust_run-1_echo-3_desc-preproc_bold.nii.gz	8.76658	81.619492	40.378182
sub-10810_task-trust_run-1_echo-4_desc-preproc_bold.nii.gz	6.937588	82.379639	37.587104
sub-10810_task-trust_run-1_space-MNI152NLin6Asym_desc-preproc_bold.nii.gz	34.296575	132.227097	  
sub-10810_task-trust_run-2_echo-1_desc-preproc_bold.nii.gz	15.39972	107.544144	43.43283
sub-10810_task-trust_run-2_echo-2_desc-preproc_bold.nii.gz	11.78601	85.292015	41.163891
sub-10810_task-trust_run-2_echo-3_desc-preproc_bold.nii.gz	9.153831	84.605232	39.590343
sub-10810_task-trust_run-2_echo-4_desc-preproc_bold.nii.gz	7.256314	83.507996	36.476691
sub-10810_task-trust_run-2_space-MNI152NLin6Asym_desc-preproc_bold.nii.gz	33.513693	133.940063	  
sub-10812_task-trust_run-1_echo-1_desc-preproc_bold.nii.gz	11.181575	98.649918	33.757849
sub-10812_task-trust_run-1_echo-2_desc-preproc_bold.nii.gz	8.007589	81.664185	31.730936
sub-10812_task-trust_run-1_echo-3_desc-preproc_bold.nii.gz	6.087154	70.762794	27.714705
sub-10812_task-trust_run-1_echo-4_desc-preproc_bold.nii.gz	4.825627	72.247154	23.822769
sub-10812_task-trust_run-1_space-MNI152NLin6Asym_desc-preproc_bold.nii.gz	25.345993	132.001984	  
sub-10812_task-trust_run-2_echo-1_desc-preproc_bold.nii.gz	12.985998	113.805244	36.976293
sub-10812_task-trust_run-2_echo-2_desc-preproc_bold.nii.gz	9.486637	111.394722	37.24159
sub-10812_task-trust_run-2_echo-3_desc-preproc_bold.nii.gz	7.30347	96.279221	35.754188
sub-10812_task-trust_run-2_echo-4_desc-preproc_bold.nii.gz	5.764908	86.777611	30.983218
sub-10812_task-trust_run-2_space-MNI152NLin6Asym_desc-preproc_bold.nii.gz	32.861829	158.817825	  
sub-10817_task-trust_run-1_echo-1_desc-preproc_bold.nii.gz	12.177187	107.325874	35.466783
sub-10817_task-trust_run-1_echo-2_desc-preproc_bold.nii.gz	8.795689	82.880867	29.708902
sub-10817_task-trust_run-1_echo-3_desc-preproc_bold.nii.gz	6.694742	61.994404	22.444334
sub-10817_task-trust_run-1_echo-4_desc-preproc_bold.nii.gz	5.277069	51.175152	16.986483
sub-10817_task-trust_run-1_space-MNI152NLin6Asym_desc-preproc_bold.nii.gz	28.402062	132.473709	  
sub-10817_task-trust_run-2_echo-1_desc-preproc_bold.nii.gz	14.603718	147.329559	42.298379
sub-10817_task-trust_run-2_echo-2_desc-preproc_bold.nii.gz	10.352018	99.20224	35.068922
sub-10817_task-trust_run-2_echo-3_desc-preproc_bold.nii.gz	7.799288	77.9422	28.584346
sub-10817_task-trust_run-2_echo-4_desc-preproc_bold.nii.gz	6.091924	64.485619	21.778594
sub-10817_task-trust_run-2_space-MNI152NLin6Asym_desc-preproc_bold.nii.gz	36.219781	169.751816	  
sub-10827_task-trust_run-1_echo-1_desc-preproc_bold.nii.gz	17.763797	114.940361	34.53102
sub-10827_task-trust_run-1_echo-2_desc-preproc_bold.nii.gz	13.892611	94.938042	29.757645
sub-10827_task-trust_run-1_echo-3_desc-preproc_bold.nii.gz	11.284157	78.590897	23.557952
sub-10827_task-trust_run-1_echo-4_desc-preproc_bold.nii.gz	9.042304	60.996735	17.682916
sub-10827_task-trust_run-1_space-MNI152NLin6Asym_desc-preproc_bold.nii.gz	38.623666	166.383667	  
sub-10827_task-trust_run-2_echo-1_desc-preproc_bold.nii.gz	17.525644	113.319565	34.6502
sub-10827_task-trust_run-2_echo-2_desc-preproc_bold.nii.gz	13.708145	91.567268	29.209268
sub-10827_task-trust_run-2_echo-3_desc-preproc_bold.nii.gz	11.110245	71.315514	22.955125
sub-10827_task-trust_run-2_echo-4_desc-preproc_bold.nii.gz	8.924299	62.644577	17.421451
sub-10827_task-trust_run-2_space-MNI152NLin6Asym_desc-preproc_bold.nii.gz	38.199694	156.193848	  
sub-10831_task-trust_run-1_echo-1_desc-preproc_bold.nii.gz	15.417488	128.579391	38.478077
sub-10831_task-trust_run-1_echo-2_desc-preproc_bold.nii.gz	11.580882	98.374245	32.624419
sub-10831_task-trust_run-1_echo-3_desc-preproc_bold.nii.gz	9.031442	81.553879	26.494014
sub-10831_task-trust_run-1_echo-4_desc-preproc_bold.nii.gz	7.122507	76.605171	22.080882
sub-10831_task-trust_run-1_space-MNI152NLin6Asym_desc-preproc_bold.nii.gz	36.481929	176.340057	  
sub-10831_task-trust_run-2_echo-1_desc-preproc_bold.nii.gz	15.277428	138.842697	38.049067
sub-10831_task-trust_run-2_echo-2_desc-preproc_bold.nii.gz	11.43423	102.818031	33.470817
sub-10831_task-trust_run-2_echo-3_desc-preproc_bold.nii.gz	8.899579	83.333252	27.982548
sub-10831_task-trust_run-2_echo-4_desc-preproc_bold.nii.gz	6.990237	80.504692	23.27659
sub-10831_task-trust_run-2_space-MNI152NLin6Asym_desc-preproc_bold.nii.gz	37.100254	181.753036	  
sub-10834_task-trust_run-1_echo-1_desc-preproc_bold.nii.gz	18.434099	119.878799	29.895155
sub-10834_task-trust_run-1_echo-2_desc-preproc_bold.nii.gz	13.711229	107.469292	22.520687
sub-10834_task-trust_run-1_echo-3_desc-preproc_bold.nii.gz	10.526011	107.275948	17.709336
sub-10834_task-trust_run-1_echo-4_desc-preproc_bold.nii.gz	8.161283	112.509018	13.732861
sub-10834_task-trust_run-1_space-MNI152NLin6Asym_desc-preproc_bold.nii.gz	34.243514	155.594254	  
sub-10834_task-trust_run-2_echo-1_desc-preproc_bold.nii.gz	20.35125	158.556534	31.740737
sub-10834_task-trust_run-2_echo-2_desc-preproc_bold.nii.gz	14.791936	123.722862	24.542331
sub-10834_task-trust_run-2_echo-3_desc-preproc_bold.nii.gz	11.270661	125.319252	19.36073
sub-10834_task-trust_run-2_echo-4_desc-preproc_bold.nii.gz	8.771161	121.575012	15.167667
sub-10834_task-trust_run-2_space-MNI152NLin6Asym_desc-preproc_bold.nii.gz	41.507708	194.100586	  
sub-10838_task-trust_run-1_echo-1_desc-preproc_bold.nii.gz	12.517508	100.294609	33.838339
sub-10838_task-trust_run-1_echo-2_desc-preproc_bold.nii.gz	8.945445	76.106674	24.034532
sub-10838_task-trust_run-1_echo-3_desc-preproc_bold.nii.gz	6.79056	59.794014	17.344298
sub-10838_task-trust_run-1_echo-4_desc-preproc_bold.nii.gz	5.339563	48.867279	11.796856
sub-10838_task-trust_run-1_space-MNI152NLin6Asym_desc-preproc_bold.nii.gz	25.427558	122.852142	  
sub-10838_task-trust_run-2_echo-1_desc-preproc_bold.nii.gz	9.873906	65.790031	28.404909
sub-10838_task-trust_run-2_echo-2_desc-preproc_bold.nii.gz	7.524414	51.897427	20.09357
sub-10838_task-trust_run-2_echo-3_desc-preproc_bold.nii.gz	5.916572	40.320297	13.954002
sub-10838_task-trust_run-2_echo-4_desc-preproc_bold.nii.gz	4.760177	31.878428	9.833463
sub-10838_task-trust_run-2_space-MNI152NLin6Asym_desc-preproc_bold.nii.gz	17.319151	81.506401	  
sub-10843_task-trust_run-1_echo-1_desc-preproc_bold.nii.gz	17.768298	159.674469	49.95167
sub-10843_task-trust_run-1_echo-2_desc-preproc_bold.nii.gz	13.299127	113.653625	41.878037
sub-10843_task-trust_run-1_echo-3_desc-preproc_bold.nii.gz	10.564335	107.932823	33.362575
sub-10843_task-trust_run-1_echo-4_desc-preproc_bold.nii.gz	8.404523	103.790436	25.713467
sub-10843_task-trust_run-1_space-MNI152NLin6Asym_desc-preproc_bold.nii.gz	44.421166	199.824753	  
sub-10843_task-trust_run-2_echo-1_desc-preproc_bold.nii.gz	16.74417	162.627792	50.397033
sub-10843_task-trust_run-2_echo-2_desc-preproc_bold.nii.gz	12.081271	111.297394	41.657918
sub-10843_task-trust_run-2_echo-3_desc-preproc_bold.nii.gz	9.253182	107.957283	32.52044
sub-10843_task-trust_run-2_echo-4_desc-preproc_bold.nii.gz	7.220631	89.152328	25.275433
sub-10843_task-trust_run-2_space-MNI152NLin6Asym_desc-preproc_bold.nii.gz	42.444817	184.162094	  
sub-10850_task-trust_run-1_echo-1_desc-preproc_bold.nii.gz	20.959581	165.75943	42.177823
sub-10850_task-trust_run-1_echo-2_desc-preproc_bold.nii.gz	15.407296	120.3638	35.354259
sub-10850_task-trust_run-1_echo-3_desc-preproc_bold.nii.gz	11.876279	112.189049	29.628823
sub-10850_task-trust_run-1_echo-4_desc-preproc_bold.nii.gz	9.273032	100.949677	23.590078
sub-10850_task-trust_run-1_space-MNI152NLin6Asym_desc-preproc_bold.nii.gz	45.196129	210.354919	  
sub-10850_task-trust_run-2_echo-1_desc-preproc_bold.nii.gz	23.083353	165.311905	43.924055
sub-10850_task-trust_run-2_echo-2_desc-preproc_bold.nii.gz	17.244684	131.722153	37.728161
sub-10850_task-trust_run-2_echo-3_desc-preproc_bold.nii.gz	13.518511	120.197281	32.365199
sub-10850_task-trust_run-2_echo-4_desc-preproc_bold.nii.gz	10.60283	110.726456	26.254265
sub-10850_task-trust_run-2_space-MNI152NLin6Asym_desc-preproc_bold.nii.gz	49.975248	223.401947	  
sub-10854_task-trust_run-1_echo-1_desc-preproc_bold.nii.gz	14.262977	116.812721	35.360337
sub-10854_task-trust_run-1_echo-2_desc-preproc_bold.nii.gz	11.4173	95.469032	36.422186
sub-10854_task-trust_run-1_echo-3_desc-preproc_bold.nii.gz	9.239086	91.112564	34.202045
sub-10854_task-trust_run-1_echo-4_desc-preproc_bold.nii.gz	7.388654	84.736	28.751021
sub-10854_task-trust_run-1_space-MNI152NLin6Asym_desc-preproc_bold.nii.gz	39.859207	156.139023	  
sub-10854_task-trust_run-2_echo-1_desc-preproc_bold.nii.gz	15.046312	111.276291	34.566708
sub-10854_task-trust_run-2_echo-2_desc-preproc_bold.nii.gz	12.243895	90.109413	35.276938
sub-10854_task-trust_run-2_echo-3_desc-preproc_bold.nii.gz	10.14801	93.430946	30.917231
sub-10854_task-trust_run-2_echo-4_desc-preproc_bold.nii.gz	8.206108	88.469391	25.764696
sub-10854_task-trust_run-2_space-MNI152NLin6Asym_desc-preproc_bold.nii.gz	38.347815	150.494156	  
sub-10857_task-trust_run-1_echo-1_desc-preproc_bold.nii.gz	15.292905	110.760704	32.574561
sub-10857_task-trust_run-1_echo-2_desc-preproc_bold.nii.gz	11.193486	86.221527	29.971555
sub-10857_task-trust_run-1_echo-3_desc-preproc_bold.nii.gz	8.569793	68.716469	26.733059
sub-10857_task-trust_run-1_echo-4_desc-preproc_bold.nii.gz	6.699678	69.280144	22.329193
sub-10857_task-trust_run-1_space-MNI152NLin6Asym_desc-preproc_bold.nii.gz	31.078601	144.09903	  
sub-10857_task-trust_run-2_echo-1_desc-preproc_bold.nii.gz	13.160008	95.245155	29.852109
sub-10857_task-trust_run-2_echo-2_desc-preproc_bold.nii.gz	9.54406	78.980545	25.18791
sub-10857_task-trust_run-2_echo-3_desc-preproc_bold.nii.gz	7.230088	56.985233	20.985567
sub-10857_task-trust_run-2_echo-4_desc-preproc_bold.nii.gz	5.68293	49.905106	17.179009
sub-10857_task-trust_run-2_space-MNI152NLin6Asym_desc-preproc_bold.nii.gz	25.059041	122.537354	  
sub-10858_task-trust_run-1_echo-1_desc-preproc_bold.nii.gz	14.632113	122.014496	46.273321
sub-10858_task-trust_run-1_echo-2_desc-preproc_bold.nii.gz	10.434871	110.884148	46.949254
sub-10858_task-trust_run-1_echo-3_desc-preproc_bold.nii.gz	7.852017	89.609215	47.687893
sub-10858_task-trust_run-1_echo-4_desc-preproc_bold.nii.gz	6.107935	90.502182	46.012486
sub-10858_task-trust_run-1_space-MNI152NLin6Asym_desc-preproc_bold.nii.gz	29.016496	156.820862	  
sub-10858_task-trust_run-2_echo-1_desc-preproc_bold.nii.gz	17.440328	131.918549	43.988432
sub-10858_task-trust_run-2_echo-2_desc-preproc_bold.nii.gz	13.096734	110.548058	47.759819
sub-10858_task-trust_run-2_echo-3_desc-preproc_bold.nii.gz	10.192375	112.50901	48.565358
sub-10858_task-trust_run-2_echo-4_desc-preproc_bold.nii.gz	8.005109	95.704796	48.402298
sub-10858_task-trust_run-2_space-MNI152NLin6Asym_desc-preproc_bold.nii.gz	36.136324	176.523483	  
sub-10860_task-trust_run-1_echo-1_desc-preproc_bold.nii.gz	17.656826	128.628738	35.004495
sub-10860_task-trust_run-1_echo-2_desc-preproc_bold.nii.gz	12.666645	101.796242	27.619577
sub-10860_task-trust_run-1_echo-3_desc-preproc_bold.nii.gz	9.74726	83.94754	21.981278
sub-10860_task-trust_run-1_echo-4_desc-preproc_bold.nii.gz	7.534592	79.243111	15.741853
sub-10860_task-trust_run-1_space-MNI152NLin6Asym_desc-preproc_bold.nii.gz	35.960283	165.159698	  
sub-10860_task-trust_run-2_echo-1_desc-preproc_bold.nii.gz	16.369463	116.494148	35.243417
sub-10860_task-trust_run-2_echo-2_desc-preproc_bold.nii.gz	11.351578	86.820488	27.181675
sub-10860_task-trust_run-2_echo-3_desc-preproc_bold.nii.gz	8.557193	81.544281	21.310258
sub-10860_task-trust_run-2_echo-4_desc-preproc_bold.nii.gz	6.596943	79.631149	15.815068
sub-10860_task-trust_run-2_space-MNI152NLin6Asym_desc-preproc_bold.nii.gz	33.665931	147.999802	  
sub-10862_task-trust_run-1_echo-1_desc-preproc_bold.nii.gz	15.468398	137.373169	35.020007
sub-10862_task-trust_run-1_echo-2_desc-preproc_bold.nii.gz	10.965013	104.237648	28.194766
sub-10862_task-trust_run-1_echo-3_desc-preproc_bold.nii.gz	8.327126	95.805313	23.290203
sub-10862_task-trust_run-1_echo-4_desc-preproc_bold.nii.gz	6.502595	89.714409	18.743844
sub-10862_task-trust_run-1_space-MNI152NLin6Asym_desc-preproc_bold.nii.gz	35.204162	170.19339	  
sub-10862_task-trust_run-2_echo-1_desc-preproc_bold.nii.gz	15.345492	129.210648	34.773971
sub-10862_task-trust_run-2_echo-2_desc-preproc_bold.nii.gz	10.910776	101.85643	27.723381
sub-10862_task-trust_run-2_echo-3_desc-preproc_bold.nii.gz	8.233441	103.431503	22.065245
sub-10862_task-trust_run-2_echo-4_desc-preproc_bold.nii.gz	6.373869	96.239227	17.847893
sub-10862_task-trust_run-2_space-MNI152NLin6Asym_desc-preproc_bold.nii.gz	34.583119	170.203033	  
sub-10863_task-trust_run-1_echo-1_desc-preproc_bold.nii.gz	18.413797	148.466248	35.073201
sub-10863_task-trust_run-1_echo-2_desc-preproc_bold.nii.gz	13.585533	110.886192	29.481786
sub-10863_task-trust_run-1_echo-3_desc-preproc_bold.nii.gz	10.477016	111.446915	23.563199
sub-10863_task-trust_run-1_echo-4_desc-preproc_bold.nii.gz	8.107227	92.263985	18.277389
sub-10863_task-trust_run-1_space-MNI152NLin6Asym_desc-preproc_bold.nii.gz	40.259318	198.744934	  
sub-10863_task-trust_run-2_echo-1_desc-preproc_bold.nii.gz	20.284639	154.157394	35.315846
sub-10863_task-trust_run-2_echo-2_desc-preproc_bold.nii.gz	15.296231	117.922737	29.885966
sub-10863_task-trust_run-2_echo-3_desc-preproc_bold.nii.gz	11.940351	102.712616	24.098911
sub-10863_task-trust_run-2_echo-4_desc-preproc_bold.nii.gz	9.287501	95.044624	18.708408
sub-10863_task-trust_run-2_space-MNI152NLin6Asym_desc-preproc_bold.nii.gz	43.079377	196.405533	  
sub-10866_task-trust_run-1_echo-1_desc-preproc_bold.nii.gz	16.03967	144.523727	51.27174
sub-10866_task-trust_run-1_echo-2_desc-preproc_bold.nii.gz	11.786103	115.025917	46.755633
sub-10866_task-trust_run-1_echo-3_desc-preproc_bold.nii.gz	9.134634	107.137596	43.264395
sub-10866_task-trust_run-1_echo-4_desc-preproc_bold.nii.gz	7.294266	103.618073	40.203987
sub-10866_task-trust_run-1_space-MNI152NLin6Asym_desc-preproc_bold.nii.gz	35.75911	223.343536	  
sub-10866_task-trust_run-2_echo-1_desc-preproc_bold.nii.gz	16.958978	145.870056	47.786831
sub-10866_task-trust_run-2_echo-2_desc-preproc_bold.nii.gz	13.145894	114.125404	48.183217
sub-10866_task-trust_run-2_echo-3_desc-preproc_bold.nii.gz	10.477571	117.583504	45.80775
sub-10866_task-trust_run-2_echo-4_desc-preproc_bold.nii.gz	8.402917	118.117912	43.976856
sub-10866_task-trust_run-2_space-MNI152NLin6Asym_desc-preproc_bold.nii.gz	37.908584	219.809357	  
sub-10875_task-trust_run-1_echo-1_desc-preproc_bold.nii.gz	18.823457	155.120255	37.377518
sub-10875_task-trust_run-1_echo-2_desc-preproc_bold.nii.gz	13.849262	114.457275	29.257591
sub-10875_task-trust_run-1_echo-3_desc-preproc_bold.nii.gz	10.79132	113.975418	23.015045
sub-10875_task-trust_run-1_echo-4_desc-preproc_bold.nii.gz	8.457278	107.167076	17.340739
sub-10875_task-trust_run-1_space-MNI152NLin6Asym_desc-preproc_bold.nii.gz	39.967129	192.770844	  
sub-10875_task-trust_run-2_echo-1_desc-preproc_bold.nii.gz	19.95586	156.270584	38.650716
sub-10875_task-trust_run-2_echo-2_desc-preproc_bold.nii.gz	15.146427	123.719551	30.566996
sub-10875_task-trust_run-2_echo-3_desc-preproc_bold.nii.gz	12.048517	115.106323	23.513246
sub-10875_task-trust_run-2_echo-4_desc-preproc_bold.nii.gz	9.509162	107.678307	17.976628
sub-10875_task-trust_run-2_space-MNI152NLin6Asym_desc-preproc_bold.nii.gz	44.650749	200.520889	  
sub-10881_task-trust_run-1_echo-1_desc-preproc_bold.nii.gz	10.368188	81.565239	30.452255
sub-10881_task-trust_run-1_echo-2_desc-preproc_bold.nii.gz	7.471936	65.904076	27.093972
sub-10881_task-trust_run-1_echo-3_desc-preproc_bold.nii.gz	5.692845	55.298389	21.967015
sub-10881_task-trust_run-1_echo-4_desc-preproc_bold.nii.gz	4.55151	53.950871	17.729164
sub-10881_task-trust_run-1_space-MNI152NLin6Asym_desc-preproc_bold.nii.gz	22.017647	115.73465	  
sub-10887_task-trust_run-1_echo-1_desc-preproc_bold.nii.gz	14.43073	146.258209	66.683996
sub-10887_task-trust_run-1_echo-2_desc-preproc_bold.nii.gz	10.061037	108.714737	48.59289
sub-10887_task-trust_run-1_echo-3_desc-preproc_bold.nii.gz	7.474539	78.487068	35.738466
sub-10887_task-trust_run-1_echo-4_desc-preproc_bold.nii.gz	5.760211	66.74382	25.976401
sub-10887_task-trust_run-1_space-MNI152NLin6Asym_desc-preproc_bold.nii.gz	32.310056	155.37915	  
sub-10887_task-trust_run-2_echo-1_desc-preproc_bold.nii.gz	12.164321	116.793777	49.552146
sub-10887_task-trust_run-2_echo-2_desc-preproc_bold.nii.gz	8.473419	91.280396	37.790168
sub-10887_task-trust_run-2_echo-3_desc-preproc_bold.nii.gz	6.369595	64.239037	28.486608
sub-10887_task-trust_run-2_echo-4_desc-preproc_bold.nii.gz	4.985358	51.78492	20.595847
sub-10887_task-trust_run-2_space-MNI152NLin6Asym_desc-preproc_bold.nii.gz	25.186531	139.122406	  
sub-10896_task-trust_run-1_echo-1_desc-preproc_bold.nii.gz	18.417961	111.254616	35.298802
sub-10896_task-trust_run-1_echo-2_desc-preproc_bold.nii.gz	14.693588	98.95208	29.166004
sub-10896_task-trust_run-1_echo-3_desc-preproc_bold.nii.gz	11.721818	97.849434	22.057846
sub-10896_task-trust_run-1_echo-4_desc-preproc_bold.nii.gz	9.280671	94.717392	16.013778
sub-10896_task-trust_run-1_space-MNI152NLin6Asym_desc-preproc_bold.nii.gz	39.166333	141.92804	  
sub-10896_task-trust_run-2_echo-1_desc-preproc_bold.nii.gz	18.634693	118.834061	35.362987
sub-10896_task-trust_run-2_echo-2_desc-preproc_bold.nii.gz	14.848928	110.670692	28.610512
sub-10896_task-trust_run-2_echo-3_desc-preproc_bold.nii.gz	11.853141	95.724731	22.190802
sub-10896_task-trust_run-2_echo-4_desc-preproc_bold.nii.gz	9.427243	99.533508	16.139907
sub-10896_task-trust_run-2_space-MNI152NLin6Asym_desc-preproc_bold.nii.gz	39.359257	161.987366	  
sub-10898_task-trust_run-1_echo-1_desc-preproc_bold.nii.gz	12.443963	110.387695	37.6122
sub-10898_task-trust_run-1_echo-2_desc-preproc_bold.nii.gz	9.430768	96.830414	33.15597
sub-10898_task-trust_run-1_echo-3_desc-preproc_bold.nii.gz	7.386511	91.749115	27.014528
sub-10898_task-trust_run-1_echo-4_desc-preproc_bold.nii.gz	5.867496	78.582962	20.518413
sub-10898_task-trust_run-1_space-MNI152NLin6Asym_desc-preproc_bold.nii.gz	32.646673	137.518265	  
sub-10898_task-trust_run-2_echo-1_desc-preproc_bold.nii.gz	12.02219	109.917259	37.856076
sub-10898_task-trust_run-2_echo-2_desc-preproc_bold.nii.gz	8.951699	91.488884	31.772514
sub-10898_task-trust_run-2_echo-3_desc-preproc_bold.nii.gz	6.945423	72.943031	25.13245
sub-10898_task-trust_run-2_echo-4_desc-preproc_bold.nii.gz	5.490612	72.223854	18.882039
sub-10898_task-trust_run-2_space-MNI152NLin6Asym_desc-preproc_bold.nii.gz	30.23848	130.783966	  
sub-10908_task-trust_run-1_echo-1_desc-preproc_bold.nii.gz	11.142957	108.781479	36.419389
sub-10908_task-trust_run-1_echo-2_desc-preproc_bold.nii.gz	8.02341	87.536377	31.726463
sub-10908_task-trust_run-1_echo-3_desc-preproc_bold.nii.gz	6.132416	77.630188	26.24517
sub-10908_task-trust_run-1_echo-4_desc-preproc_bold.nii.gz	4.859623	89.829811	20.255308
sub-10908_task-trust_run-1_space-MNI152NLin6Asym_desc-preproc_bold.nii.gz	25.702093	146.803055	  
sub-10908_task-trust_run-2_echo-1_desc-preproc_bold.nii.gz	11.313883	103.307518	36.334375
sub-10908_task-trust_run-2_echo-2_desc-preproc_bold.nii.gz	8.147113	81.821678	31.016096
sub-10908_task-trust_run-2_echo-3_desc-preproc_bold.nii.gz	6.226832	75.849136	25.325975
sub-10908_task-trust_run-2_echo-4_desc-preproc_bold.nii.gz	4.935258	79.193581	19.841618
sub-10908_task-trust_run-2_space-MNI152NLin6Asym_desc-preproc_bold.nii.gz	25.80698	144.260651	  
sub-10918_task-trust_run-1_echo-1_desc-preproc_bold.nii.gz	15.998228	162.069199	49.352865
sub-10918_task-trust_run-1_echo-2_desc-preproc_bold.nii.gz	11.673978	125.670708	41.231951
sub-10918_task-trust_run-1_echo-3_desc-preproc_bold.nii.gz	8.766525	104.984177	32.583432
sub-10918_task-trust_run-1_echo-4_desc-preproc_bold.nii.gz	6.778531	98.911049	25.705735
sub-10918_task-trust_run-1_space-MNI152NLin6Asym_desc-preproc_bold.nii.gz	35.753407	208.352066	  
sub-10918_task-trust_run-2_echo-1_desc-preproc_bold.nii.gz	22.057027	195.034958	50.922339
sub-10918_task-trust_run-2_echo-2_desc-preproc_bold.nii.gz	17.229042	128.754135	44.868255
sub-10918_task-trust_run-2_echo-3_desc-preproc_bold.nii.gz	13.564942	111.991226	37.781552
sub-10918_task-trust_run-2_echo-4_desc-preproc_bold.nii.gz	10.667869	111.495514	30.797202
sub-10918_task-trust_run-2_space-MNI152NLin6Asym_desc-preproc_bold.nii.gz	49.478151	211.606964	  
sub-10930_task-trust_run-1_echo-1_desc-preproc_bold.nii.gz	15.527116	151.274673	41.995128
sub-10930_task-trust_run-1_echo-2_desc-preproc_bold.nii.gz	11.931848	108.873314	36.820747
sub-10930_task-trust_run-1_echo-3_desc-preproc_bold.nii.gz	9.227452	88.226906	29.471534
sub-10930_task-trust_run-1_echo-4_desc-preproc_bold.nii.gz	7.155739	70.10009	22.144422
sub-10930_task-trust_run-1_space-MNI152NLin6Asym_desc-preproc_bold.nii.gz	39.488337	178.075287	  
sub-10930_task-trust_run-2_echo-1_desc-preproc_bold.nii.gz	16.95896	153.920731	42.424472
sub-10930_task-trust_run-2_echo-2_desc-preproc_bold.nii.gz	13.529241	102.027702	37.870322
sub-10930_task-trust_run-2_echo-3_desc-preproc_bold.nii.gz	10.748894	91.081383	29.43913
sub-10930_task-trust_run-2_echo-4_desc-preproc_bold.nii.gz	8.418596	75.943527	22.794141
sub-10930_task-trust_run-2_space-MNI152NLin6Asym_desc-preproc_bold.nii.gz	40.392708	183.83992	  
sub-10940_task-trust_run-1_echo-1_desc-preproc_bold.nii.gz	19.682218	128.114655	39.861676
sub-10940_task-trust_run-1_echo-2_desc-preproc_bold.nii.gz	15.136203	101.358856	33.370564
sub-10940_task-trust_run-1_echo-3_desc-preproc_bold.nii.gz	11.78118	94.930206	29.048699
sub-10940_task-trust_run-1_echo-4_desc-preproc_bold.nii.gz	9.32252	96.734634	23.143043
sub-10940_task-trust_run-1_space-MNI152NLin6Asym_desc-preproc_bold.nii.gz	39.847473	161.800598	  
sub-10940_task-trust_run-2_echo-1_desc-preproc_bold.nii.gz	18.319985	143.549774	40.4407
sub-10940_task-trust_run-2_echo-2_desc-preproc_bold.nii.gz	13.405786	102.200508	32.71093
sub-10940_task-trust_run-2_echo-3_desc-preproc_bold.nii.gz	10.208022	94.909561	27.093274
sub-10940_task-trust_run-2_echo-4_desc-preproc_bold.nii.gz	7.954712	86.402908	21.103223
sub-10940_task-trust_run-2_space-MNI152NLin6Asym_desc-preproc_bold.nii.gz	39.164498	157.792145	  