sub	 task	 echo	 run	 mean_stan	 vsmean_stan	 mean_nat	 vsmean_nat	 max
10317	 trust	 1	 1	 35.453943 	 29.641423 	 27.881754 	 20.480721 	 77.716164
10317	 trust	 2	 1	 35.453943 	 29.641423 	 21.214873 	 14.992774 	 72.073769
10317	 trust	 3	 1	 35.453943 	 29.641423 	 15.617398 	 9.251735 	 70.786301
10317	 trust	 4	 1	 35.453943 	 29.641423 	 11.474908 	 5.304078 	 66.821213
10317	 trust	 1	 2	 NA	 NA	 NA	 NA	 NA
10317	 trust	 2	 2	 NA	 NA	 NA	 NA	 NA
10317	 trust	 3	 2	 NA	 NA	 NA	 NA	 NA
10317	 trust	 4	 2	 NA	 NA	 NA	 NA	 NA
10317	 ugr	 1	 1	 39.569355 	 32.007659 	 30.486130 	 22.043955 	 94.865707
10317	 ugr	 2	 1	 39.569355 	 32.007659 	 23.463065 	 17.735644 	 84.898895
10317	 ugr	 3	 1	 39.569355 	 32.007659 	 17.331750 	 10.638979 	 80.205559
10317	 ugr	 4	 1	 39.569355 	 32.007659 	 12.773473 	 5.279629 	 75.551910
10317	 ugr	 1	 2	 40.448369 	 34.082923 	 30.550286 	 21.780093 	 84.940948
10317	 ugr	 2	 2	 40.448369 	 34.082923 	 23.569563 	 17.585749 	 85.001457
10317	 ugr	 3	 2	 40.448369 	 34.082923 	 17.475174 	 10.399756 	 76.146988
10317	 ugr	 4	 2	 40.448369 	 34.082923 	 12.919874 	 5.215721 	 83.901588
10317	 sharedreward	 1	 1	 34.588628 	 31.280175 	 27.825646 	 21.629110 	 73.542206
10317	 sharedreward	 2	 1	 34.588628 	 31.280175 	 21.166176 	 15.562223 	 76.843719
10317	 sharedreward	 3	 1	 34.588628 	 31.280175 	 15.503709 	 9.008009 	 69.324135
10317	 sharedreward	 4	 1	 34.588628 	 31.280175 	 11.335000 	 4.982753 	 62.288132
10317	 sharedreward	 1	 2	 35.059688 	 29.706852 	 27.866059 	 21.112783 	 88.085075
10317	 sharedreward	 2	 2	 35.059688 	 29.706852 	 21.210208 	 16.406848 	 85.225708
10317	 sharedreward	 3	 2	 35.059688 	 29.706852 	 15.527348 	 9.519808 	 71.837555
10317	 sharedreward	 4	 2	 35.059688 	 29.706852 	 11.348096 	 5.264788 	 72.509651
10317	 doors	 1	 1	 39.187892 	 30.608564 	 29.900066 	 21.897448 	 88.722122
10317	 doors	 2	 1	 39.187892 	 30.608564 	 22.990337 	 17.872406 	 81.905457
10317	 doors	 3	 1	 39.187892 	 30.608564 	 16.919113 	 10.779028 	 78.018280
10317	 doors	 4	 1	 39.187892 	 30.608564 	 12.422289 	 5.383997 	 71.501083
10317	 doors	 1	 2	 NA	 NA	 NA	 NA	 NA
10317	 doors	 2	 2	 NA	 NA	 NA	 NA	 NA
10317	 doors	 3	 2	 NA	 NA	 NA	 NA	 NA
10317	 doors	 4	 2	 NA	 NA	 NA	 NA	 NA
10317	 socialdoors	 1	 1	 38.080237 	 32.414862 	 29.246291 	 20.981874 	 87.338303
10317	 socialdoors	 2	 1	 38.080237 	 32.414862 	 22.505224 	 16.823764 	 76.958221
10317	 socialdoors	 3	 1	 38.080237 	 32.414862 	 16.645534 	 10.133690 	 70.506462
10317	 socialdoors	 4	 1	 38.080237 	 32.414862 	 12.282295 	 5.023675 	 72.509048
10317	 socialdoors	 1	 2	 NA	 NA	 NA	 NA	 NA
10317	 socialdoors	 2	 2	 NA	 NA	 NA	 NA	 NA
10317	 socialdoors	 3	 2	 NA	 NA	 NA	 NA	 NA
10317	 socialdoors	 4	 2	 NA	 NA	 NA	 NA	 NA
10369	 trust	 1	 1	 NA	 NA	 NA	 NA	 NA
10369	 trust	 2	 1	 NA	 NA	 NA	 NA	 NA
10369	 trust	 3	 1	 NA	 NA	 NA	 NA	 NA
10369	 trust	 4	 1	 NA	 NA	 NA	 NA	 NA
10369	 trust	 1	 2	 NA	 NA	 NA	 NA	 NA
10369	 trust	 2	 2	 NA	 NA	 NA	 NA	 NA
10369	 trust	 3	 2	 NA	 NA	 NA	 NA	 NA
10369	 trust	 4	 2	 NA	 NA	 NA	 NA	 NA
10369	 ugr	 1	 1	 NA	 NA	 NA	 NA	 NA
10369	 ugr	 2	 1	 NA	 NA	 NA	 NA	 NA
10369	 ugr	 3	 1	 NA	 NA	 NA	 NA	 NA
10369	 ugr	 4	 1	 NA	 NA	 NA	 NA	 NA
10369	 ugr	 1	 2	 NA	 NA	 NA	 NA	 NA
10369	 ugr	 2	 2	 NA	 NA	 NA	 NA	 NA
10369	 ugr	 3	 2	 NA	 NA	 NA	 NA	 NA
10369	 ugr	 4	 2	 NA	 NA	 NA	 NA	 NA
10369	 sharedreward	 1	 1	 NA	 NA	 NA	 NA	 NA
10369	 sharedreward	 2	 1	 NA	 NA	 NA	 NA	 NA
10369	 sharedreward	 3	 1	 NA	 NA	 NA	 NA	 NA
10369	 sharedreward	 4	 1	 NA	 NA	 NA	 NA	 NA
10369	 sharedreward	 1	 2	 NA	 NA	 NA	 NA	 NA
10369	 sharedreward	 2	 2	 NA	 NA	 NA	 NA	 NA
10369	 sharedreward	 3	 2	 NA	 NA	 NA	 NA	 NA
10369	 sharedreward	 4	 2	 NA	 NA	 NA	 NA	 NA
10369	 doors	 1	 1	 NA	 NA	 NA	 NA	 NA
10369	 doors	 2	 1	 NA	 NA	 NA	 NA	 NA
10369	 doors	 3	 1	 NA	 NA	 NA	 NA	 NA
10369	 doors	 4	 1	 NA	 NA	 NA	 NA	 NA
10369	 doors	 1	 2	 NA	 NA	 NA	 NA	 NA
10369	 doors	 2	 2	 NA	 NA	 NA	 NA	 NA
10369	 doors	 3	 2	 NA	 NA	 NA	 NA	 NA
10369	 doors	 4	 2	 NA	 NA	 NA	 NA	 NA
10369	 socialdoors	 1	 1	 NA	 NA	 NA	 NA	 NA
10369	 socialdoors	 2	 1	 NA	 NA	 NA	 NA	 NA
10369	 socialdoors	 3	 1	 NA	 NA	 NA	 NA	 NA
10369	 socialdoors	 4	 1	 NA	 NA	 NA	 NA	 NA
10369	 socialdoors	 1	 2	 NA	 NA	 NA	 NA	 NA
10369	 socialdoors	 2	 2	 NA	 NA	 NA	 NA	 NA
10369	 socialdoors	 3	 2	 NA	 NA	 NA	 NA	 NA
10369	 socialdoors	 4	 2	 NA	 NA	 NA	 NA	 NA
10402	 trust	 1	 1	 33.896602 	 27.656064 	 26.488803 	 21.638430 	 76.913544
10402	 trust	 2	 1	 33.896602 	 27.656064 	 20.897647 	 16.645638 	 73.911652
10402	 trust	 3	 1	 33.896602 	 27.656064 	 15.866076 	 11.604752 	 71.390221
10402	 trust	 4	 1	 33.896602 	 27.656064 	 12.110420 	 7.356883 	 76.747765
10402	 trust	 1	 2	 33.419104 	 28.444008 	 26.410159 	 21.539634 	 84.345100
10402	 trust	 2	 2	 33.419104 	 28.444008 	 20.871150 	 16.423979 	 69.510597
10402	 trust	 3	 2	 33.419104 	 28.444008 	 15.866893 	 11.466528 	 67.276993
10402	 trust	 4	 2	 33.419104 	 28.444008 	 12.111545 	 7.292605 	 70.531876
10402	 ugr	 1	 1	 32.463479 	 31.220925 	 26.966470 	 22.118087 	 74.250702
10402	 ugr	 2	 1	 32.463479 	 31.220925 	 20.611523 	 16.926344 	 67.426712
10402	 ugr	 3	 1	 32.463479 	 31.220925 	 15.548895 	 12.206776 	 70.947006
10402	 ugr	 4	 1	 32.463479 	 31.220925 	 11.764181 	 9.279720 	 70.263969
10402	 ugr	 1	 2	 31.525680 	 28.247958 	 25.116953 	 22.847751 	 65.933578
10402	 ugr	 2	 2	 31.525680 	 28.247958 	 19.907055 	 18.959772 	 63.716122
10402	 ugr	 3	 2	 31.525680 	 28.247958 	 15.260220 	 14.962036 	 59.726402
10402	 ugr	 4	 2	 31.525680 	 28.247958 	 11.665202 	 12.723306 	 61.049889
10402	 sharedreward	 1	 1	 38.303651 	 29.239112 	 27.414510 	 20.574172 	 85.762375
10402	 sharedreward	 2	 1	 38.303651 	 29.239112 	 22.239624 	 16.339625 	 71.776817
10402	 sharedreward	 3	 1	 38.303651 	 29.239112 	 17.113713 	 12.071348 	 70.182091
10402	 sharedreward	 4	 1	 38.303651 	 29.239112 	 13.123906 	 7.694809 	 73.591042
10402	 sharedreward	 1	 2	 34.363691 	 30.770172 	 26.158911 	 20.769512 	 80.584686
10402	 sharedreward	 2	 2	 34.363691 	 30.770172 	 20.868297 	 16.395908 	 68.902710
10402	 sharedreward	 3	 2	 34.363691 	 30.770172 	 16.019477 	 12.043944 	 72.940666
10402	 sharedreward	 4	 2	 34.363691 	 30.770172 	 12.288586 	 7.450582 	 75.809517
10402	 doors	 1	 1	 34.936362 	 28.164590 	 26.949809 	 21.766751 	 81.045685
10402	 doors	 2	 1	 34.936362 	 28.164590 	 21.166383 	 18.213334 	 68.004257
10402	 doors	 3	 1	 34.936362 	 28.164590 	 16.122082 	 14.096267 	 68.406662
10402	 doors	 4	 1	 34.936362 	 28.164590 	 12.278374 	 10.719461 	 70.378601
10402	 doors	 1	 2	 NA	 NA	 NA	 NA	 NA
10402	 doors	 2	 2	 NA	 NA	 NA	 NA	 NA
10402	 doors	 3	 2	 NA	 NA	 NA	 NA	 NA
10402	 doors	 4	 2	 NA	 NA	 NA	 NA	 NA
10402	 socialdoors	 1	 1	 37.714389 	 32.483374 	 28.403909 	 22.227317 	 80.344376
10402	 socialdoors	 2	 1	 37.714389 	 32.483374 	 22.339768 	 19.566314 	 71.836227
10402	 socialdoors	 3	 1	 37.714389 	 32.483374 	 16.962722 	 14.841655 	 68.851799
10402	 socialdoors	 4	 1	 37.714389 	 32.483374 	 12.938195 	 12.023374 	 71.743233
10402	 socialdoors	 1	 2	 NA	 NA	 NA	 NA	 NA
10402	 socialdoors	 2	 2	 NA	 NA	 NA	 NA	 NA
10402	 socialdoors	 3	 2	 NA	 NA	 NA	 NA	 NA
10402	 socialdoors	 4	 2	 NA	 NA	 NA	 NA	 NA
10418	 trust	 1	 1	 40.751958 	 29.613504 	 29.551045 	 20.822547 	 92.271324
10418	 trust	 2	 1	 40.751958 	 29.613504 	 24.045189 	 16.566417 	 90.631630
10418	 trust	 3	 1	 40.751958 	 29.613504 	 18.583095 	 7.775221 	 93.726013
10418	 trust	 4	 1	 40.751958 	 29.613504 	 14.337355 	 3.796811 	 85.954384
10418	 trust	 1	 2	 40.694392 	 29.823872 	 29.555868 	 20.923932 	 89.356056
10418	 trust	 2	 2	 40.694392 	 29.823872 	 24.046078 	 16.460452 	 89.653404
10418	 trust	 3	 2	 40.694392 	 29.823872 	 18.619004 	 8.228031 	 90.006775
10418	 trust	 4	 2	 40.694392 	 29.823872 	 14.428015 	 4.365610 	 88.914558
10418	 ugr	 1	 1	 37.926338 	 28.154979 	 29.558321 	 22.303712 	 93.152359
10418	 ugr	 2	 1	 37.926338 	 28.154979 	 23.330361 	 15.747819 	 95.871994
10418	 ugr	 3	 1	 37.926338 	 28.154979 	 17.711758 	 7.739384 	 90.380173
10418	 ugr	 4	 1	 37.926338 	 28.154979 	 13.534437 	 4.189343 	 90.785408
10418	 ugr	 1	 2	 39.287805 	 28.686213 	 29.228955 	 21.044290 	 91.388641
10418	 ugr	 2	 2	 39.287805 	 28.686213 	 23.545625 	 16.009875 	 94.106628
10418	 ugr	 3	 2	 39.287805 	 28.686213 	 18.150607 	 8.106223 	 92.788826
10418	 ugr	 4	 2	 39.287805 	 28.686213 	 14.019377 	 4.364444 	 90.385315
10418	 sharedreward	 1	 1	 43.558416 	 30.938186 	 30.499093 	 21.157491 	 98.728348
10418	 sharedreward	 2	 1	 43.558416 	 30.938186 	 25.091991 	 16.818061 	 91.223999
10418	 sharedreward	 3	 1	 43.558416 	 30.938186 	 19.551222 	 8.286986 	 96.370949
10418	 sharedreward	 4	 1	 43.558416 	 30.938186 	 15.258764 	 4.352169 	 91.123817
10418	 sharedreward	 1	 2	 39.443349 	 27.786935 	 29.200514 	 20.461330 	 94.977966
10418	 sharedreward	 2	 2	 39.443349 	 27.786935 	 23.552249 	 15.498236 	 92.627991
10418	 sharedreward	 3	 2	 39.443349 	 27.786935 	 18.085309 	 7.436744 	 95.761642
10418	 sharedreward	 4	 2	 39.443349 	 27.786935 	 13.887183 	 3.838551 	 96.400307
10418	 doors	 1	 1	 40.390340 	 29.912752 	 30.001565 	 21.808164 	 93.715591
10418	 doors	 2	 1	 40.390340 	 29.912752 	 24.195375 	 16.861944 	 86.465263
10418	 doors	 3	 1	 40.390340 	 29.912752 	 18.580923 	 8.392614 	 89.228004
10418	 doors	 4	 1	 40.390340 	 29.912752 	 14.323278 	 4.462129 	 87.593315
10418	 doors	 1	 2	 NA	 NA	 NA	 NA	 NA
10418	 doors	 2	 2	 NA	 NA	 NA	 NA	 NA
10418	 doors	 3	 2	 NA	 NA	 NA	 NA	 NA
10418	 doors	 4	 2	 NA	 NA	 NA	 NA	 NA
10418	 socialdoors	 1	 1	 40.780955 	 29.628154 	 29.794920 	 21.219555 	 94.792290
10418	 socialdoors	 2	 1	 40.780955 	 29.628154 	 24.178691 	 16.040776 	 92.131721
10418	 socialdoors	 3	 1	 40.780955 	 29.628154 	 18.663998 	 8.050151 	 93.318138
10418	 socialdoors	 4	 1	 40.780955 	 29.628154 	 14.445198 	 4.175761 	 94.026596
10418	 socialdoors	 1	 2	 NA	 NA	 NA	 NA	 NA
10418	 socialdoors	 2	 2	 NA	 NA	 NA	 NA	 NA
10418	 socialdoors	 3	 2	 NA	 NA	 NA	 NA	 NA
10418	 socialdoors	 4	 2	 NA	 NA	 NA	 NA	 NA
10462	 trust	 1	 1	 35.632101 	 23.893863 	 27.298319 	 17.295973 	 88.260162
10462	 trust	 2	 1	 35.632101 	 23.893863 	 21.230398 	 9.945767 	 92.309265
10462	 trust	 3	 1	 35.632101 	 23.893863 	 15.842673 	 4.447343 	 91.012550
10462	 trust	 4	 1	 35.632101 	 23.893863 	 11.832952 	 2.752779 	 92.746521
10462	 trust	 1	 2	 NA	 NA	 NA	 NA	 NA
10462	 trust	 2	 2	 NA	 NA	 NA	 NA	 NA
10462	 trust	 3	 2	 NA	 NA	 NA	 NA	 NA
10462	 trust	 4	 2	 NA	 NA	 NA	 NA	 NA
10462	 ugr	 1	 1	 38.038092 	 23.955109 	 28.390604 	 17.262034 	 89.005753
10462	 ugr	 2	 1	 38.038092 	 23.955109 	 22.156191 	 10.162178 	 91.535004
10462	 ugr	 3	 1	 38.038092 	 23.955109 	 16.525338 	 4.841096 	 99.284332
10462	 ugr	 4	 1	 38.038092 	 23.955109 	 12.359311 	 2.931212 	 93.653252
10462	 ugr	 1	 2	 35.791410 	 23.491878 	 27.974594 	 17.774595 	 87.274918
10462	 ugr	 2	 2	 35.791410 	 23.491878 	 21.544943 	 9.852531 	 99.328148
10462	 ugr	 3	 2	 35.791410 	 23.491878 	 15.959312 	 4.548769 	 89.503334
10462	 ugr	 4	 2	 35.791410 	 23.491878 	 11.874090 	 2.866751 	 85.682442
10462	 sharedreward	 1	 1	 37.258289 	 24.327997 	 27.968513 	 17.472739 	 89.353691
10462	 sharedreward	 2	 1	 37.258289 	 24.327997 	 21.774149 	 10.074210 	 103.690758
10462	 sharedreward	 3	 1	 37.258289 	 24.327997 	 16.282962 	 4.761948 	 98.047424
10462	 sharedreward	 4	 1	 37.258289 	 24.327997 	 12.174694 	 2.930908 	 96.594589
10462	 sharedreward	 1	 2	 NA	 NA	 NA	 NA	 NA
10462	 sharedreward	 2	 2	 NA	 NA	 NA	 NA	 NA
10462	 sharedreward	 3	 2	 NA	 NA	 NA	 NA	 NA
10462	 sharedreward	 4	 2	 NA	 NA	 NA	 NA	 NA
10462	 doors	 1	 1	 36.206826 	 25.289542 	 27.743739 	 18.082970 	 93.010345
10462	 doors	 2	 1	 36.206826 	 25.289542 	 21.424830 	 10.285249 	 102.120651
10462	 doors	 3	 1	 36.206826 	 25.289542 	 15.945201 	 4.708247 	 100.854996
10462	 doors	 4	 1	 36.206826 	 25.289542 	 11.874664 	 2.901523 	 97.766777
10462	 doors	 1	 2	 NA	 NA	 NA	 NA	 NA
10462	 doors	 2	 2	 NA	 NA	 NA	 NA	 NA
10462	 doors	 3	 2	 NA	 NA	 NA	 NA	 NA
10462	 doors	 4	 2	 NA	 NA	 NA	 NA	 NA
10462	 socialdoors	 1	 1	 34.502623 	 24.304033 	 27.160994 	 17.270420 	 95.309700
10462	 socialdoors	 2	 1	 34.502623 	 24.304033 	 20.822960 	 9.822065 	 99.805244
10462	 socialdoors	 3	 1	 34.502623 	 24.304033 	 15.439104 	 4.330618 	 101.727661
10462	 socialdoors	 4	 1	 34.502623 	 24.304033 	 11.448212 	 2.838035 	 88.656052
10462	 socialdoors	 1	 2	 NA	 NA	 NA	 NA	 NA
10462	 socialdoors	 2	 2	 NA	 NA	 NA	 NA	 NA
10462	 socialdoors	 3	 2	 NA	 NA	 NA	 NA	 NA
10462	 socialdoors	 4	 2	 NA	 NA	 NA	 NA	 NA
10478	 trust	 1	 1	 40.806081 	 33.213028 	 31.422156 	 21.663048 	 104.799660
10478	 trust	 2	 1	 40.806081 	 33.213028 	 24.040509 	 16.514606 	 103.548180
10478	 trust	 3	 1	 40.806081 	 33.213028 	 17.935530 	 10.670728 	 84.963226
10478	 trust	 4	 1	 40.806081 	 33.213028 	 13.311123 	 5.320706 	 82.460709
10478	 trust	 1	 2	 38.536772 	 32.844940 	 30.688747 	 23.006919 	 92.915672
10478	 trust	 2	 2	 38.536772 	 32.844940 	 23.250592 	 17.191640 	 84.949821
10478	 trust	 3	 2	 38.536772 	 32.844940 	 17.234506 	 10.500080 	 80.139107
10478	 trust	 4	 2	 38.536772 	 32.844940 	 12.709453 	 5.466095 	 78.711823
10478	 ugr	 1	 1	 45.328302 	 38.126483 	 33.146997 	 24.627987 	 92.272835
10478	 ugr	 2	 1	 45.328302 	 38.126483 	 25.752582 	 19.600276 	 94.657097
10478	 ugr	 3	 1	 45.328302 	 38.126483 	 19.244321 	 11.166754 	 88.606842
10478	 ugr	 4	 1	 45.328302 	 38.126483 	 14.287174 	 5.485126 	 91.413895
10478	 ugr	 1	 2	 45.244150 	 38.141449 	 33.204422 	 24.242854 	 96.914185
10478	 ugr	 2	 2	 45.244150 	 38.141449 	 25.577203 	 19.892894 	 101.475815
10478	 ugr	 3	 2	 45.244150 	 38.141449 	 19.080481 	 11.514101 	 98.776741
10478	 ugr	 4	 2	 45.244150 	 38.141449 	 14.107232 	 5.839325 	 94.206085
10478	 sharedreward	 1	 1	 42.558247 	 35.353473 	 32.013103 	 23.430734 	 98.052109
10478	 sharedreward	 2	 1	 42.558247 	 35.353473 	 24.673446 	 17.440550 	 95.672119
10478	 sharedreward	 3	 1	 42.558247 	 35.353473 	 18.461340 	 11.383591 	 94.035759
10478	 sharedreward	 4	 1	 42.558247 	 35.353473 	 13.709925 	 5.811906 	 93.583939
10478	 sharedreward	 1	 2	 37.063668 	 31.754530 	 29.733985 	 21.736793 	 87.709229
10478	 sharedreward	 2	 2	 37.063668 	 31.754530 	 22.626068 	 16.606395 	 77.868355
10478	 sharedreward	 3	 2	 37.063668 	 31.754530 	 16.755521 	 10.564484 	 85.214630
10478	 sharedreward	 4	 2	 37.063668 	 31.754530 	 12.373360 	 5.340390 	 76.114601
10478	 doors	 1	 1	 47.348728 	 39.596814 	 33.824527 	 24.976530 	 94.220345
10478	 doors	 2	 1	 47.348728 	 39.596814 	 26.375013 	 20.264907 	 91.700897
10478	 doors	 3	 1	 47.348728 	 39.596814 	 19.784380 	 11.490401 	 90.506462
10478	 doors	 4	 1	 47.348728 	 39.596814 	 14.704625 	 4.989347 	 89.290558
10478	 doors	 1	 2	 NA	 NA	 NA	 NA	 NA
10478	 doors	 2	 2	 NA	 NA	 NA	 NA	 NA
10478	 doors	 3	 2	 NA	 NA	 NA	 NA	 NA
10478	 doors	 4	 2	 NA	 NA	 NA	 NA	 NA
10478	 socialdoors	 1	 1	 45.406359 	 37.834529 	 33.201250 	 24.413828 	 102.755318
10478	 socialdoors	 2	 1	 45.406359 	 37.834529 	 25.659062 	 19.566272 	 98.402145
10478	 socialdoors	 3	 1	 45.406359 	 37.834529 	 19.221342 	 11.404457 	 90.220566
10478	 socialdoors	 4	 1	 45.406359 	 37.834529 	 14.253565 	 5.280386 	 98.670280
10478	 socialdoors	 1	 2	 NA	 NA	 NA	 NA	 NA
10478	 socialdoors	 2	 2	 NA	 NA	 NA	 NA	 NA
10478	 socialdoors	 3	 2	 NA	 NA	 NA	 NA	 NA
10478	 socialdoors	 4	 2	 NA	 NA	 NA	 NA	 NA
10486	 trust	 1	 1	 34.583365 	 26.755481 	 28.544608 	 20.530884 	 86.562004
10486	 trust	 2	 1	 34.583365 	 26.755481 	 21.223202 	 12.241874 	 78.094223
10486	 trust	 3	 1	 34.583365 	 26.755481 	 15.313693 	 5.181519 	 76.956413
10486	 trust	 4	 1	 34.583365 	 26.755481 	 11.020820 	 3.100771 	 75.660187
10486	 trust	 1	 2	 37.061410 	 25.098122 	 29.443504 	 19.330896 	 83.381821
10486	 trust	 2	 2	 37.061410 	 25.098122 	 22.146479 	 10.365650 	 78.050789
10486	 trust	 3	 2	 37.061410 	 25.098122 	 16.087676 	 4.608049 	 76.621567
10486	 trust	 4	 2	 37.061410 	 25.098122 	 11.557788 	 2.903181 	 75.293266
10486	 ugr	 1	 1	 36.905443 	 26.759504 	 29.128883 	 18.436474 	 97.191032
10486	 ugr	 2	 1	 36.905443 	 26.759504 	 21.799494 	 10.026092 	 74.601578
10486	 ugr	 3	 1	 36.905443 	 26.759504 	 15.846747 	 4.247198 	 81.271072
10486	 ugr	 4	 1	 36.905443 	 26.759504 	 11.452977 	 2.703526 	 80.013313
10486	 ugr	 1	 2	 NA	 NA	 NA	 NA	 NA
10486	 ugr	 2	 2	 NA	 NA	 NA	 NA	 NA
10486	 ugr	 3	 2	 NA	 NA	 NA	 NA	 NA
10486	 ugr	 4	 2	 NA	 NA	 NA	 NA	 NA
10486	 sharedreward	 1	 1	 36.651071 	 26.989132 	 29.101403 	 19.576936 	 87.590462
10486	 sharedreward	 2	 1	 36.651071 	 26.989132 	 21.797422 	 11.363949 	 71.913788
10486	 sharedreward	 3	 1	 36.651071 	 26.989132 	 15.820104 	 4.943297 	 81.826263
10486	 sharedreward	 4	 1	 36.651071 	 26.989132 	 11.420979 	 2.860905 	 77.955864
10486	 sharedreward	 1	 2	 38.690308 	 29.571762 	 30.128201 	 20.037404 	 88.558113
10486	 sharedreward	 2	 2	 38.690308 	 29.571762 	 22.651887 	 11.520137 	 76.699959
10486	 sharedreward	 3	 2	 38.690308 	 29.571762 	 16.497374 	 4.824776 	 77.194946
10486	 sharedreward	 4	 2	 38.690308 	 29.571762 	 11.929386 	 2.996970 	 78.703926
10486	 doors	 1	 1	 39.147813 	 27.682671 	 30.020647 	 18.800029 	 90.425964
10486	 doors	 2	 1	 39.147813 	 27.682671 	 22.652430 	 10.729060 	 86.565468
10486	 doors	 3	 1	 39.147813 	 27.682671 	 16.528816 	 4.617548 	 79.360931
10486	 doors	 4	 1	 39.147813 	 27.682671 	 11.978112 	 2.805434 	 77.485329
10486	 doors	 1	 2	 NA	 NA	 NA	 NA	 NA
10486	 doors	 2	 2	 NA	 NA	 NA	 NA	 NA
10486	 doors	 3	 2	 NA	 NA	 NA	 NA	 NA
10486	 doors	 4	 2	 NA	 NA	 NA	 NA	 NA
10486	 socialdoors	 1	 1	 37.664693 	 28.335139 	 29.679188 	 19.634941 	 88.408569
10486	 socialdoors	 2	 1	 37.664693 	 28.335139 	 22.199152 	 10.681897 	 79.585083
10486	 socialdoors	 3	 1	 37.664693 	 28.335139 	 16.130104 	 4.380836 	 79.454063
10486	 socialdoors	 4	 1	 37.664693 	 28.335139 	 11.625248 	 2.827443 	 78.366287
10486	 socialdoors	 1	 2	 NA	 NA	 NA	 NA	 NA
10486	 socialdoors	 2	 2	 NA	 NA	 NA	 NA	 NA
10486	 socialdoors	 3	 2	 NA	 NA	 NA	 NA	 NA
10486	 socialdoors	 4	 2	 NA	 NA	 NA	 NA	 NA
10529	 trust	 1	 1	 36.897283 	 27.540086 	 27.168190 	 21.530634 	 94.628777
10529	 trust	 2	 1	 36.897283 	 27.540086 	 21.662721 	 12.410927 	 79.331657
10529	 trust	 3	 1	 36.897283 	 27.540086 	 16.087873 	 5.315297 	 81.012085
10529	 trust	 4	 1	 36.897283 	 27.540086 	 11.853312 	 3.179786 	 69.273125
10529	 trust	 1	 2	 36.615788 	 27.308581 	 27.635804 	 22.567104 	 83.059044
10529	 trust	 2	 2	 36.615788 	 27.308581 	 21.889065 	 12.807376 	 78.138359
10529	 trust	 3	 2	 36.615788 	 27.308581 	 16.201432 	 5.746870 	 72.404404
10529	 trust	 4	 2	 36.615788 	 27.308581 	 11.866772 	 3.115050 	 70.249435
10529	 ugr	 1	 1	 36.435060 	 27.594711 	 27.263120 	 22.060207 	 83.100899
10529	 ugr	 2	 1	 36.435060 	 27.594711 	 21.592173 	 12.362936 	 79.640213
10529	 ugr	 3	 1	 36.435060 	 27.594711 	 15.917500 	 5.210433 	 73.006210
10529	 ugr	 4	 1	 36.435060 	 27.594711 	 11.653907 	 2.872594 	 68.138824
10529	 ugr	 1	 2	 40.261855 	 28.280410 	 28.337867 	 21.351853 	 80.300217
10529	 ugr	 2	 2	 40.261855 	 28.280410 	 22.927736 	 12.795169 	 79.836487
10529	 ugr	 3	 2	 40.261855 	 28.280410 	 17.166373 	 5.284037 	 75.983559
10529	 ugr	 4	 2	 40.261855 	 28.280410 	 12.751074 	 2.813000 	 81.749489
10529	 sharedreward	 1	 1	 36.753368 	 27.608315 	 26.904815 	 20.939995 	 85.296165
10529	 sharedreward	 2	 1	 36.753368 	 27.608315 	 21.540207 	 12.452504 	 79.214966
10529	 sharedreward	 3	 1	 36.753368 	 27.608315 	 16.076993 	 5.633515 	 70.742973
10529	 sharedreward	 4	 1	 36.753368 	 27.608315 	 11.910096 	 2.800322 	 73.893944
10529	 sharedreward	 1	 2	 38.774366 	 27.919360 	 27.540656 	 21.361690 	 85.155838
10529	 sharedreward	 2	 2	 38.774366 	 27.919360 	 22.233537 	 12.743595 	 85.827919
10529	 sharedreward	 3	 2	 38.774366 	 27.919360 	 16.702155 	 5.721832 	 80.433334
10529	 sharedreward	 4	 2	 38.774366 	 27.919360 	 12.398840 	 3.170879 	 70.035912
10529	 doors	 1	 1	 36.585448 	 26.268218 	 27.115361 	 20.720533 	 81.520111
10529	 doors	 2	 1	 36.585448 	 26.268218 	 21.582772 	 12.287150 	 77.782455
10529	 doors	 3	 1	 36.585448 	 26.268218 	 15.969384 	 5.064615 	 77.672401
10529	 doors	 4	 1	 36.585448 	 26.268218 	 11.740275 	 2.646581 	 65.905342
10529	 doors	 1	 2	 NA	 NA	 NA	 NA	 NA
10529	 doors	 2	 2	 NA	 NA	 NA	 NA	 NA
10529	 doors	 3	 2	 NA	 NA	 NA	 NA	 NA
10529	 doors	 4	 2	 NA	 NA	 NA	 NA	 NA
10529	 socialdoors	 1	 1	 39.285792 	 27.997854 	 28.024259 	 21.581063 	 87.839241
10529	 socialdoors	 2	 1	 39.285792 	 27.997854 	 22.577568 	 12.850604 	 83.922943
10529	 socialdoors	 3	 1	 39.285792 	 27.997854 	 16.882247 	 5.323604 	 78.696068
10529	 socialdoors	 4	 1	 39.285792 	 27.997854 	 12.524791 	 2.749887 	 78.281113
10529	 socialdoors	 1	 2	 NA	 NA	 NA	 NA	 NA
10529	 socialdoors	 2	 2	 NA	 NA	 NA	 NA	 NA
10529	 socialdoors	 3	 2	 NA	 NA	 NA	 NA	 NA
10529	 socialdoors	 4	 2	 NA	 NA	 NA	 NA	 NA
10541	 trust	 1	 1	 31.923005 	 26.314165 	 25.916175 	 18.087591 	 78.256943
10541	 trust	 2	 1	 31.923005 	 26.314165 	 20.515507 	 13.911462 	 74.157761
10541	 trust	 3	 1	 31.923005 	 26.314165 	 15.505945 	 8.628560 	 83.393555
10541	 trust	 4	 1	 31.923005 	 26.314165 	 11.744515 	 4.483286 	 81.297470
10541	 trust	 1	 2	 31.746747 	 26.499549 	 25.888259 	 17.614075 	 69.288506
10541	 trust	 2	 2	 31.746747 	 26.499549 	 20.467998 	 14.035018 	 73.955399
10541	 trust	 3	 2	 31.746747 	 26.499549 	 15.434702 	 8.636176 	 73.918968
10541	 trust	 4	 2	 31.746747 	 26.499549 	 11.643946 	 4.581425 	 73.139442
10541	 ugr	 1	 1	 29.792780 	 25.521704 	 25.587621 	 19.307408 	 67.676186
10541	 ugr	 2	 1	 29.792780 	 25.521704 	 19.676667 	 14.213486 	 71.746307
10541	 ugr	 3	 1	 29.792780 	 25.521704 	 14.721612 	 9.113019 	 71.579536
10541	 ugr	 4	 1	 29.792780 	 25.521704 	 11.015682 	 4.412484 	 71.061691
10541	 ugr	 1	 2	 27.963185 	 23.413700 	 24.882948 	 19.450417 	 65.903755
10541	 ugr	 2	 2	 27.963185 	 23.413700 	 18.989983 	 13.664967 	 71.789040
10541	 ugr	 3	 2	 27.963185 	 23.413700 	 14.099038 	 8.377123 	 69.214760
10541	 ugr	 4	 2	 27.963185 	 23.413700 	 10.512163 	 4.125022 	 70.218781
10541	 sharedreward	 1	 1	 31.332450 	 25.068204 	 25.834012 	 17.899215 	 73.931679
10541	 sharedreward	 2	 1	 31.332450 	 25.068204 	 20.340826 	 13.523990 	 74.817345
10541	 sharedreward	 3	 1	 31.332450 	 25.068204 	 15.266568 	 8.442454 	 80.102585
10541	 sharedreward	 4	 1	 31.332450 	 25.068204 	 11.493635 	 4.399500 	 78.680313
10541	 sharedreward	 1	 2	 27.897531 	 23.526692 	 24.112725 	 17.146207 	 66.950516
10541	 sharedreward	 2	 2	 27.897531 	 23.526692 	 18.598879 	 12.595836 	 68.039284
10541	 sharedreward	 3	 2	 27.897531 	 23.526692 	 13.874995 	 7.715901 	 68.496887
10541	 sharedreward	 4	 2	 27.897531 	 23.526692 	 10.357748 	 3.984873 	 70.787231
10541	 doors	 1	 1	 26.069169 	 21.040072 	 23.717803 	 17.849029 	 65.580009
10541	 doors	 2	 1	 26.069169 	 21.040072 	 17.952604 	 11.990888 	 65.241570
10541	 doors	 3	 1	 26.069169 	 21.040072 	 13.320303 	 7.316846 	 70.077065
10541	 doors	 4	 1	 26.069169 	 21.040072 	 9.903289 	 3.853538 	 68.617592
10541	 doors	 1	 2	 NA	 NA	 NA	 NA	 NA
10541	 doors	 2	 2	 NA	 NA	 NA	 NA	 NA
10541	 doors	 3	 2	 NA	 NA	 NA	 NA	 NA
10541	 doors	 4	 2	 NA	 NA	 NA	 NA	 NA
10541	 socialdoors	 1	 1	 28.577429 	 23.983257 	 24.928662 	 18.710268 	 67.042267
10541	 socialdoors	 2	 1	 28.577429 	 23.983257 	 19.123132 	 13.093422 	 70.220398
10541	 socialdoors	 3	 1	 28.577429 	 23.983257 	 14.238929 	 7.982451 	 75.713173
10541	 socialdoors	 4	 1	 28.577429 	 23.983257 	 10.636033 	 3.861646 	 72.049759
10541	 socialdoors	 1	 2	 NA	 NA	 NA	 NA	 NA
10541	 socialdoors	 2	 2	 NA	 NA	 NA	 NA	 NA
10541	 socialdoors	 3	 2	 NA	 NA	 NA	 NA	 NA
10541	 socialdoors	 4	 2	 NA	 NA	 NA	 NA	 NA
10555	 trust	 1	 1	 NA	 NA	 NA	 NA	 NA
10555	 trust	 2	 1	 NA	 NA	 NA	 NA	 NA
10555	 trust	 3	 1	 NA	 NA	 NA	 NA	 NA
10555	 trust	 4	 1	 NA	 NA	 NA	 NA	 NA
10555	 trust	 1	 2	 NA	 NA	 NA	 NA	 NA
10555	 trust	 2	 2	 NA	 NA	 NA	 NA	 NA
10555	 trust	 3	 2	 NA	 NA	 NA	 NA	 NA
10555	 trust	 4	 2	 NA	 NA	 NA	 NA	 NA
10555	 ugr	 1	 1	 NA	 NA	 NA	 NA	 NA
10555	 ugr	 2	 1	 NA	 NA	 NA	 NA	 NA
10555	 ugr	 3	 1	 NA	 NA	 NA	 NA	 NA
10555	 ugr	 4	 1	 NA	 NA	 NA	 NA	 NA
10555	 ugr	 1	 2	 NA	 NA	 NA	 NA	 NA
10555	 ugr	 2	 2	 NA	 NA	 NA	 NA	 NA
10555	 ugr	 3	 2	 NA	 NA	 NA	 NA	 NA
10555	 ugr	 4	 2	 NA	 NA	 NA	 NA	 NA
10555	 sharedreward	 1	 1	 NA	 NA	 NA	 NA	 NA
10555	 sharedreward	 2	 1	 NA	 NA	 NA	 NA	 NA
10555	 sharedreward	 3	 1	 NA	 NA	 NA	 NA	 NA
10555	 sharedreward	 4	 1	 NA	 NA	 NA	 NA	 NA
10555	 sharedreward	 1	 2	 NA	 NA	 NA	 NA	 NA
10555	 sharedreward	 2	 2	 NA	 NA	 NA	 NA	 NA
10555	 sharedreward	 3	 2	 NA	 NA	 NA	 NA	 NA
10555	 sharedreward	 4	 2	 NA	 NA	 NA	 NA	 NA
10555	 doors	 1	 1	 NA	 NA	 NA	 NA	 NA
10555	 doors	 2	 1	 NA	 NA	 NA	 NA	 NA
10555	 doors	 3	 1	 NA	 NA	 NA	 NA	 NA
10555	 doors	 4	 1	 NA	 NA	 NA	 NA	 NA
10555	 doors	 1	 2	 NA	 NA	 NA	 NA	 NA
10555	 doors	 2	 2	 NA	 NA	 NA	 NA	 NA
10555	 doors	 3	 2	 NA	 NA	 NA	 NA	 NA
10555	 doors	 4	 2	 NA	 NA	 NA	 NA	 NA
10555	 socialdoors	 1	 1	 NA	 NA	 NA	 NA	 NA
10555	 socialdoors	 2	 1	 NA	 NA	 NA	 NA	 NA
10555	 socialdoors	 3	 1	 NA	 NA	 NA	 NA	 NA
10555	 socialdoors	 4	 1	 NA	 NA	 NA	 NA	 NA
10555	 socialdoors	 1	 2	 NA	 NA	 NA	 NA	 NA
10555	 socialdoors	 2	 2	 NA	 NA	 NA	 NA	 NA
10555	 socialdoors	 3	 2	 NA	 NA	 NA	 NA	 NA
10555	 socialdoors	 4	 2	 NA	 NA	 NA	 NA	 NA
10559	 trust	 1	 1	 30.116883 	 26.837133 	 23.243279 	 19.675581 	 69.621361
10559	 trust	 2	 1	 30.116883 	 26.837133 	 17.715243 	 15.800028 	 53.838051
10559	 trust	 3	 1	 30.116883 	 26.837133 	 13.321159 	 10.342766 	 56.205296
10559	 trust	 4	 1	 30.116883 	 26.837133 	 9.773904 	 5.736403 	 50.460743
10559	 trust	 1	 2	 25.615044 	 24.744715 	 21.226553 	 18.706936 	 65.335724
10559	 trust	 2	 2	 25.615044 	 24.744715 	 15.937913 	 13.778290 	 48.764137
10559	 trust	 3	 2	 25.615044 	 24.744715 	 11.884293 	 8.072768 	 53.159195
10559	 trust	 4	 2	 25.615044 	 24.744715 	 8.747048 	 4.961560 	 47.235409
10559	 ugr	 1	 1	 30.183657 	 27.848057 	 23.560827 	 21.085620 	 81.079590
10559	 ugr	 2	 1	 30.183657 	 27.848057 	 17.892011 	 15.057667 	 56.801208
10559	 ugr	 3	 1	 30.183657 	 27.848057 	 13.324103 	 8.433775 	 56.864902
10559	 ugr	 4	 1	 30.183657 	 27.848057 	 9.696593 	 4.225872 	 60.801819
10559	 ugr	 1	 2	 30.355522 	 28.075969 	 23.278586 	 21.313720 	 68.697723
10559	 ugr	 2	 2	 30.355522 	 28.075969 	 17.697460 	 16.611791 	 52.357853
10559	 ugr	 3	 2	 30.355522 	 28.075969 	 13.271752 	 9.914296 	 56.969166
10559	 ugr	 4	 2	 30.355522 	 28.075969 	 9.674055 	 5.216104 	 55.853893
10559	 sharedreward	 1	 1	 31.703370 	 29.104018 	 23.741364 	 21.053561 	 75.102081
10559	 sharedreward	 2	 1	 31.703370 	 29.104018 	 18.151131 	 16.653588 	 58.952713
10559	 sharedreward	 3	 1	 31.703370 	 29.104018 	 13.660147 	 10.546497 	 57.176861
10559	 sharedreward	 4	 1	 31.703370 	 29.104018 	 9.979753 	 5.841062 	 63.583984
10559	 sharedreward	 1	 2	 30.055487 	 28.464025 	 23.353257 	 20.063183 	 70.444359
10559	 sharedreward	 2	 2	 30.055487 	 28.464025 	 17.692145 	 15.882771 	 54.545658
10559	 sharedreward	 3	 2	 30.055487 	 28.464025 	 13.305308 	 9.711324 	 59.157497
10559	 sharedreward	 4	 2	 30.055487 	 28.464025 	 9.726314 	 5.530691 	 62.628998
10559	 doors	 1	 1	 37.013075 	 31.309407 	 25.586935 	 21.807415 	 77.064697
10559	 doors	 2	 1	 37.013075 	 31.309407 	 19.971694 	 17.707992 	 71.376694
10559	 doors	 3	 1	 37.013075 	 31.309407 	 15.097236 	 10.297090 	 67.846779
10559	 doors	 4	 1	 37.013075 	 31.309407 	 10.978835 	 5.628018 	 72.014168
10559	 doors	 1	 2	 NA	 NA	 NA	 NA	 NA
10559	 doors	 2	 2	 NA	 NA	 NA	 NA	 NA
10559	 doors	 3	 2	 NA	 NA	 NA	 NA	 NA
10559	 doors	 4	 2	 NA	 NA	 NA	 NA	 NA
10559	 socialdoors	 1	 1	 33.058551 	 29.738234 	 24.152391 	 21.173407 	 71.507759
10559	 socialdoors	 2	 1	 33.058551 	 29.738234 	 18.516744 	 16.709702 	 57.174129
10559	 socialdoors	 3	 1	 33.058551 	 29.738234 	 13.994362 	 10.261416 	 67.388512
10559	 socialdoors	 4	 1	 33.058551 	 29.738234 	 10.226625 	 5.727817 	 64.823784
10559	 socialdoors	 1	 2	 NA	 NA	 NA	 NA	 NA
10559	 socialdoors	 2	 2	 NA	 NA	 NA	 NA	 NA
10559	 socialdoors	 3	 2	 NA	 NA	 NA	 NA	 NA
10559	 socialdoors	 4	 2	 NA	 NA	 NA	 NA	 NA
10572	 trust	 1	 1	 33.921396 	 30.612865 	 26.005841 	 21.514264 	 88.300644
10572	 trust	 2	 1	 33.921396 	 30.612865 	 20.762100 	 18.566259 	 79.106430
10572	 trust	 3	 1	 33.921396 	 30.612865 	 15.600038 	 10.923672 	 77.262924
10572	 trust	 4	 1	 33.921396 	 30.612865 	 11.772268 	 5.910905 	 76.114662
10572	 trust	 1	 2	 30.263098 	 28.766384 	 25.053291 	 21.912535 	 75.034760
10572	 trust	 2	 2	 30.263098 	 28.766384 	 19.314431 	 18.054124 	 76.004768
10572	 trust	 3	 2	 30.263098 	 28.766384 	 14.163630 	 10.379611 	 74.933411
10572	 trust	 4	 2	 30.263098 	 28.766384 	 10.498188 	 5.479645 	 70.476776
10572	 ugr	 1	 1	 28.249669 	 26.255444 	 24.371964 	 25.005335 	 66.689102
10572	 ugr	 2	 1	 28.249669 	 26.255444 	 18.322673 	 23.306595 	 71.030396
10572	 ugr	 3	 1	 28.249669 	 26.255444 	 13.338487 	 21.867713 	 72.476540
10572	 ugr	 4	 1	 28.249669 	 26.255444 	 9.820398 	 19.597101 	 62.005936
10572	 ugr	 1	 2	 NA	 NA	 NA	 NA	 NA
10572	 ugr	 2	 2	 NA	 NA	 NA	 NA	 NA
10572	 ugr	 3	 2	 NA	 NA	 NA	 NA	 NA
10572	 ugr	 4	 2	 NA	 NA	 NA	 NA	 NA
10572	 sharedreward	 1	 1	 30.630936 	 29.562262 	 25.258684 	 22.500285 	 88.922424
10572	 sharedreward	 2	 1	 30.630936 	 29.562262 	 19.628737 	 18.504189 	 80.522301
10572	 sharedreward	 3	 1	 30.630936 	 29.562262 	 14.483844 	 10.654975 	 80.828804
10572	 sharedreward	 4	 1	 30.630936 	 29.562262 	 10.786650 	 5.836827 	 79.968796
10572	 sharedreward	 1	 2	 28.492585 	 27.045276 	 24.515436 	 24.884921 	 66.773636
10572	 sharedreward	 2	 2	 28.492585 	 27.045276 	 18.505949 	 24.819572 	 69.532051
10572	 sharedreward	 3	 2	 28.492585 	 27.045276 	 13.476979 	 22.703157 	 76.832962
10572	 sharedreward	 4	 2	 28.492585 	 27.045276 	 9.921674 	 20.309977 	 74.829933
10572	 doors	 1	 1	 33.450625 	 29.871210 	 26.349625 	 25.978141 	 71.539757
10572	 doors	 2	 1	 33.450625 	 29.871210 	 20.461613 	 26.653113 	 74.638390
10572	 doors	 3	 1	 33.450625 	 29.871210 	 15.258221 	 25.951099 	 75.626923
10572	 doors	 4	 1	 33.450625 	 29.871210 	 11.443668 	 23.737879 	 76.680267
10572	 doors	 1	 2	 NA	 NA	 NA	 NA	 NA
10572	 doors	 2	 2	 NA	 NA	 NA	 NA	 NA
10572	 doors	 3	 2	 NA	 NA	 NA	 NA	 NA
10572	 doors	 4	 2	 NA	 NA	 NA	 NA	 NA
10572	 socialdoors	 1	 1	 31.854845 	 29.175087 	 25.568770 	 25.447288 	 70.836540
10572	 socialdoors	 2	 1	 31.854845 	 29.175087 	 19.722783 	 25.216140 	 70.570778
10572	 socialdoors	 3	 1	 31.854845 	 29.175087 	 14.568145 	 22.490411 	 70.144974
10572	 socialdoors	 4	 1	 31.854845 	 29.175087 	 10.871362 	 20.617931 	 68.995377
10572	 socialdoors	 1	 2	 NA	 NA	 NA	 NA	 NA
10572	 socialdoors	 2	 2	 NA	 NA	 NA	 NA	 NA
10572	 socialdoors	 3	 2	 NA	 NA	 NA	 NA	 NA
10572	 socialdoors	 4	 2	 NA	 NA	 NA	 NA	 NA
10581	 trust	 1	 1	 28.990533 	 23.593685 	 22.567231 	 16.593010 	 71.623306
10581	 trust	 2	 1	 28.990533 	 23.593685 	 17.416918 	 13.585446 	 75.049286
10581	 trust	 3	 1	 28.990533 	 23.593685 	 12.915204 	 10.010059 	 71.836609
10581	 trust	 4	 1	 28.990533 	 23.593685 	 9.608816 	 6.665315 	 65.202629
10581	 trust	 1	 2	 32.729970 	 28.455147 	 23.396280 	 16.104949 	 89.942307
10581	 trust	 2	 2	 32.729970 	 28.455147 	 18.550729 	 14.510170 	 81.585495
10581	 trust	 3	 2	 32.729970 	 28.455147 	 13.980905 	 10.467010 	 75.619804
10581	 trust	 4	 2	 32.729970 	 28.455147 	 10.502168 	 6.952699 	 71.059601
10581	 ugr	 1	 1	 27.643191 	 23.968059 	 21.509708 	 15.854231 	 61.943848
10581	 ugr	 2	 1	 27.643191 	 23.968059 	 16.573263 	 13.001586 	 68.610176
10581	 ugr	 3	 1	 27.643191 	 23.968059 	 12.378187 	 9.569691 	 59.747993
10581	 ugr	 4	 1	 27.643191 	 23.968059 	 9.233811 	 6.445986 	 63.232643
10581	 ugr	 1	 2	 31.205397 	 34.011612 	 27.463684 	 26.113679 	 78.044441
10581	 ugr	 2	 2	 31.205397 	 34.011612 	 20.426711 	 17.342995 	 69.070114
10581	 ugr	 3	 2	 31.205397 	 34.011612 	 15.058440 	 9.385670 	 70.998489
10581	 ugr	 4	 2	 31.205397 	 34.011612 	 11.118780 	 5.099440 	 68.465866
10581	 sharedreward	 1	 1	 29.336449 	 24.051116 	 22.545286 	 16.174328 	 72.774757
10581	 sharedreward	 2	 1	 29.336449 	 24.051116 	 17.475069 	 13.958400 	 69.287605
10581	 sharedreward	 3	 1	 29.336449 	 24.051116 	 13.013083 	 10.234813 	 71.440384
10581	 sharedreward	 4	 1	 29.336449 	 24.051116 	 9.680172 	 6.824564 	 62.857834
10581	 sharedreward	 1	 2	 30.196277 	 25.435479 	 22.687674 	 15.767730 	 74.061539
10581	 sharedreward	 2	 2	 30.196277 	 25.435479 	 17.687695 	 13.642451 	 77.899521
10581	 sharedreward	 3	 2	 30.196277 	 25.435479 	 13.239386 	 10.194739 	 70.536613
10581	 sharedreward	 4	 2	 30.196277 	 25.435479 	 9.888350 	 6.925131 	 63.692249
10581	 doors	 1	 1	 31.915412 	 25.525476 	 23.470060 	 16.769059 	 72.034950
10581	 doors	 2	 1	 31.915412 	 25.525476 	 18.438029 	 14.451453 	 75.468407
10581	 doors	 3	 1	 31.915412 	 25.525476 	 13.764800 	 10.667295 	 66.679070
10581	 doors	 4	 1	 31.915412 	 25.525476 	 10.301098 	 7.379854 	 69.021942
10581	 doors	 1	 2	 NA	 NA	 NA	 NA	 NA
10581	 doors	 2	 2	 NA	 NA	 NA	 NA	 NA
10581	 doors	 3	 2	 NA	 NA	 NA	 NA	 NA
10581	 doors	 4	 2	 NA	 NA	 NA	 NA	 NA
10581	 socialdoors	 1	 1	 29.966292 	 27.006834 	 22.701424 	 16.855022 	 74.131767
10581	 socialdoors	 2	 1	 29.966292 	 27.006834 	 17.582541 	 14.543375 	 69.994545
10581	 socialdoors	 3	 1	 29.966292 	 27.006834 	 13.087303 	 10.633894 	 66.429543
10581	 socialdoors	 4	 1	 29.966292 	 27.006834 	 9.753748 	 7.201241 	 68.121078
10581	 socialdoors	 1	 2	 NA	 NA	 NA	 NA	 NA
10581	 socialdoors	 2	 2	 NA	 NA	 NA	 NA	 NA
10581	 socialdoors	 3	 2	 NA	 NA	 NA	 NA	 NA
10581	 socialdoors	 4	 2	 NA	 NA	 NA	 NA	 NA
10584	 trust	 1	 1	 32.733840 	 28.260913 	 27.232491 	 23.110475 	 81.329216
10584	 trust	 2	 1	 32.733840 	 28.260913 	 20.567540 	 15.729151 	 71.079407
10584	 trust	 3	 1	 32.733840 	 28.260913 	 15.255720 	 8.104416 	 75.095947
10584	 trust	 4	 1	 32.733840 	 28.260913 	 11.391202 	 4.182662 	 72.448563
10584	 trust	 1	 2	 34.668927 	 30.753152 	 27.646188 	 23.243899 	 75.989815
10584	 trust	 2	 2	 34.668927 	 30.753152 	 21.056558 	 16.074493 	 72.491158
10584	 trust	 3	 2	 34.668927 	 30.753152 	 15.751795 	 8.492000 	 72.591850
10584	 trust	 4	 2	 34.668927 	 30.753152 	 11.808510 	 4.454385 	 68.962059
10584	 ugr	 1	 1	 31.462079 	 29.569332 	 27.613952 	 26.109746 	 71.102722
10584	 ugr	 2	 1	 31.462079 	 29.569332 	 20.443345 	 17.034158 	 65.387634
10584	 ugr	 3	 1	 31.462079 	 29.569332 	 15.012496 	 9.051816 	 72.873871
10584	 ugr	 4	 1	 31.462079 	 29.569332 	 11.103383 	 4.936639 	 66.559929
10584	 ugr	 1	 2	 NA	 NA	 NA	 NA	 NA
10584	 ugr	 2	 2	 NA	 NA	 NA	 NA	 NA
10584	 ugr	 3	 2	 NA	 NA	 NA	 NA	 NA
10584	 ugr	 4	 2	 NA	 NA	 NA	 NA	 NA
10584	 sharedreward	 1	 1	 37.444199 	 31.917859 	 28.496783 	 23.411927 	 74.475792
10584	 sharedreward	 2	 1	 37.444199 	 31.917859 	 22.106486 	 16.765326 	 70.529541
10584	 sharedreward	 3	 1	 37.444199 	 31.917859 	 16.765379 	 8.777967 	 83.052040
10584	 sharedreward	 4	 1	 37.444199 	 31.917859 	 12.715530 	 4.817606 	 78.510742
10584	 sharedreward	 1	 2	 NA	 NA	 NA	 NA	 NA
10584	 sharedreward	 2	 2	 NA	 NA	 NA	 NA	 NA
10584	 sharedreward	 3	 2	 NA	 NA	 NA	 NA	 NA
10584	 sharedreward	 4	 2	 NA	 NA	 NA	 NA	 NA
10584	 doors	 1	 1	 33.288912 	 30.793778 	 27.950306 	 26.516896 	 76.726837
10584	 doors	 2	 1	 33.288912 	 30.793778 	 20.963940 	 18.146330 	 78.604195
10584	 doors	 3	 1	 33.288912 	 30.793778 	 15.595779 	 10.081304 	 68.828209
10584	 doors	 4	 1	 33.288912 	 30.793778 	 11.664277 	 5.593959 	 68.820930
10584	 doors	 1	 2	 NA	 NA	 NA	 NA	 NA
10584	 doors	 2	 2	 NA	 NA	 NA	 NA	 NA
10584	 doors	 3	 2	 NA	 NA	 NA	 NA	 NA
10584	 doors	 4	 2	 NA	 NA	 NA	 NA	 NA
10584	 socialdoors	 1	 1	 34.078003 	 31.817211 	 27.526511 	 24.075872 	 81.178307
10584	 socialdoors	 2	 1	 34.078003 	 31.817211 	 20.914288 	 17.070463 	 73.455627
10584	 socialdoors	 3	 1	 34.078003 	 31.817211 	 15.660278 	 9.088551 	 76.087982
10584	 socialdoors	 4	 1	 34.078003 	 31.817211 	 11.789825 	 4.713511 	 68.669495
10584	 socialdoors	 1	 2	 NA	 NA	 NA	 NA	 NA
10584	 socialdoors	 2	 2	 NA	 NA	 NA	 NA	 NA
10584	 socialdoors	 3	 2	 NA	 NA	 NA	 NA	 NA
10584	 socialdoors	 4	 2	 NA	 NA	 NA	 NA	 NA
10585	 trust	 1	 1	 32.366420 	 31.181620 	 26.852442 	 25.246067 	 92.562424
10585	 trust	 2	 1	 32.366420 	 31.181620 	 20.388788 	 18.316430 	 69.580284
10585	 trust	 3	 1	 32.366420 	 31.181620 	 14.948356 	 8.833134 	 70.932571
10585	 trust	 4	 1	 32.366420 	 31.181620 	 11.085292 	 4.235296 	 70.780907
10585	 trust	 1	 2	 34.781802 	 34.586912 	 27.832626 	 25.647401 	 78.735596
10585	 trust	 2	 2	 34.781802 	 34.586912 	 21.415271 	 20.085465 	 76.237755
10585	 trust	 3	 2	 34.781802 	 34.586912 	 15.816997 	 8.934673 	 75.379517
10585	 trust	 4	 2	 34.781802 	 34.586912 	 11.796596 	 4.253959 	 77.560272
10585	 ugr	 1	 1	 33.814349 	 33.893691 	 27.652357 	 25.441035 	 82.163292
10585	 ugr	 2	 1	 33.814349 	 33.893691 	 21.087081 	 19.794673 	 72.236267
10585	 ugr	 3	 1	 33.814349 	 33.893691 	 15.517334 	 9.480395 	 71.000397
10585	 ugr	 4	 1	 33.814349 	 33.893691 	 11.518022 	 4.378016 	 71.392708
10585	 ugr	 1	 2	 32.776033 	 33.773041 	 27.143201 	 24.770945 	 78.968361
10585	 ugr	 2	 2	 32.776033 	 33.773041 	 20.664141 	 17.804840 	 74.338387
10585	 ugr	 3	 2	 32.776033 	 33.773041 	 15.182749 	 7.805298 	 69.642029
10585	 ugr	 4	 2	 32.776033 	 33.773041 	 11.254781 	 3.923357 	 72.909744
10585	 sharedreward	 1	 1	 33.465134 	 33.806078 	 27.312308 	 25.565902 	 75.057587
10585	 sharedreward	 2	 1	 33.465134 	 33.806078 	 20.847297 	 20.234227 	 69.953545
10585	 sharedreward	 3	 1	 33.465134 	 33.806078 	 15.291642 	 9.703800 	 67.957420
10585	 sharedreward	 4	 1	 33.465134 	 33.806078 	 11.325281 	 4.776268 	 74.234543
10585	 sharedreward	 1	 2	 33.679481 	 33.910348 	 27.714458 	 26.652001 	 73.075630
10585	 sharedreward	 2	 2	 33.679481 	 33.910348 	 21.160881 	 20.891571 	 69.625900
10585	 sharedreward	 3	 2	 33.679481 	 33.910348 	 15.533494 	 9.576688 	 77.234421
10585	 sharedreward	 4	 2	 33.679481 	 33.910348 	 11.511470 	 4.323431 	 71.281593
10585	 doors	 1	 1	 34.317748 	 35.132256 	 27.631327 	 25.639684 	 81.518410
10585	 doors	 2	 1	 34.317748 	 35.132256 	 21.187146 	 19.571902 	 75.515678
10585	 doors	 3	 1	 34.317748 	 35.132256 	 15.646405 	 8.726617 	 71.249229
10585	 doors	 4	 1	 34.317748 	 35.132256 	 11.643785 	 4.172594 	 69.761543
10585	 doors	 1	 2	 NA	 NA	 NA	 NA	 NA
10585	 doors	 2	 2	 NA	 NA	 NA	 NA	 NA
10585	 doors	 3	 2	 NA	 NA	 NA	 NA	 NA
10585	 doors	 4	 2	 NA	 NA	 NA	 NA	 NA
10585	 socialdoors	 1	 1	 31.524457 	 31.190319 	 26.596139 	 24.771991 	 77.914665
10585	 socialdoors	 2	 1	 31.524457 	 31.190319 	 20.099381 	 19.193875 	 77.497353
10585	 socialdoors	 3	 1	 31.524457 	 31.190319 	 14.650928 	 8.796861 	 70.595139
10585	 socialdoors	 4	 1	 31.524457 	 31.190319 	 10.832046 	 4.056357 	 65.643250
10585	 socialdoors	 1	 2	 NA	 NA	 NA	 NA	 NA
10585	 socialdoors	 2	 2	 NA	 NA	 NA	 NA	 NA
10585	 socialdoors	 3	 2	 NA	 NA	 NA	 NA	 NA
10585	 socialdoors	 4	 2	 NA	 NA	 NA	 NA	 NA
10589	 trust	 1	 1	 38.178444 	 31.572937 	 28.593226 	 19.984840 	 84.762009
10589	 trust	 2	 1	 38.178444 	 31.572937 	 22.139751 	 17.204346 	 76.800583
10589	 trust	 3	 1	 38.178444 	 31.572937 	 16.383626 	 10.588426 	 73.644547
10589	 trust	 4	 1	 38.178444 	 31.572937 	 12.049176 	 5.541607 	 79.114708
10589	 trust	 1	 2	 39.613037 	 33.059187 	 28.721910 	 19.615166 	 88.406754
10589	 trust	 2	 2	 39.613037 	 33.059187 	 22.479874 	 18.052666 	 75.665260
10589	 trust	 3	 2	 39.613037 	 33.059187 	 16.809085 	 11.151967 	 75.695061
10589	 trust	 4	 2	 39.613037 	 33.059187 	 12.447901 	 5.560159 	 76.251869
10589	 ugr	 1	 1	 40.507654 	 33.085520 	 29.131592 	 20.373142 	 89.703224
10589	 ugr	 2	 1	 40.507654 	 33.085520 	 22.902226 	 17.752901 	 79.864342
10589	 ugr	 3	 1	 40.507654 	 33.085520 	 16.996869 	 10.332251 	 75.541862
10589	 ugr	 4	 1	 40.507654 	 33.085520 	 12.496043 	 5.087410 	 76.989304
10589	 ugr	 1	 2	 40.393645 	 32.445006 	 28.725453 	 19.659621 	 86.523407
10589	 ugr	 2	 2	 40.393645 	 32.445006 	 22.700660 	 17.667489 	 87.209961
10589	 ugr	 3	 2	 40.393645 	 32.445006 	 16.914690 	 10.412518 	 83.521584
10589	 ugr	 4	 2	 40.393645 	 32.445006 	 12.478287 	 5.094148 	 74.516930
10589	 sharedreward	 1	 1	 39.637648 	 31.327248 	 29.061392 	 19.413059 	 89.466591
10589	 sharedreward	 2	 1	 39.637648 	 31.327248 	 22.748845 	 17.406357 	 85.548584
10589	 sharedreward	 3	 1	 39.637648 	 31.327248 	 16.917278 	 10.482539 	 94.764725
10589	 sharedreward	 4	 1	 39.637648 	 31.327248 	 12.455859 	 5.235206 	 81.690819
10589	 sharedreward	 1	 2	 36.684771 	 31.145237 	 28.073697 	 19.685554 	 82.475822
10589	 sharedreward	 2	 2	 36.684771 	 31.145237 	 21.674508 	 17.168363 	 82.301399
10589	 sharedreward	 3	 2	 36.684771 	 31.145237 	 15.986862 	 10.329370 	 81.852386
10589	 sharedreward	 4	 2	 36.684771 	 31.145237 	 11.737915 	 5.106247 	 77.294884
10589	 doors	 1	 1	 41.830142 	 33.239609 	 29.536204 	 19.611515 	 83.979202
10589	 doors	 2	 1	 41.830142 	 33.239609 	 23.340094 	 17.514864 	 80.917786
10589	 doors	 3	 1	 41.830142 	 33.239609 	 17.397665 	 10.182918 	 78.085075
10589	 doors	 4	 1	 41.830142 	 33.239609 	 12.838704 	 4.985894 	 81.256798
10589	 doors	 1	 2	 NA	 NA	 NA	 NA	 NA
10589	 doors	 2	 2	 NA	 NA	 NA	 NA	 NA
10589	 doors	 3	 2	 NA	 NA	 NA	 NA	 NA
10589	 doors	 4	 2	 NA	 NA	 NA	 NA	 NA
10589	 socialdoors	 1	 1	 40.393137 	 32.786999 	 28.867416 	 19.810844 	 89.866211
10589	 socialdoors	 2	 1	 40.393137 	 32.786999 	 22.742567 	 17.447127 	 83.918373
10589	 socialdoors	 3	 1	 40.393137 	 32.786999 	 16.967586 	 10.387080 	 79.829025
10589	 socialdoors	 4	 1	 40.393137 	 32.786999 	 12.529464 	 4.987416 	 79.676788
10589	 socialdoors	 1	 2	 NA	 NA	 NA	 NA	 NA
10589	 socialdoors	 2	 2	 NA	 NA	 NA	 NA	 NA
10589	 socialdoors	 3	 2	 NA	 NA	 NA	 NA	 NA
10589	 socialdoors	 4	 2	 NA	 NA	 NA	 NA	 NA
10590	 trust	 1	 1	 42.537418 	 30.421113 	 32.613285 	 21.364031 	 107.052979
10590	 trust	 2	 1	 42.537418 	 30.421113 	 25.525899 	 17.525436 	 115.300079
10590	 trust	 3	 1	 42.537418 	 30.421113 	 19.211791 	 10.199152 	 101.662781
10590	 trust	 4	 1	 42.537418 	 30.421113 	 14.435835 	 5.286373 	 99.439629
10590	 trust	 1	 2	 41.430980 	 31.613865 	 32.227619 	 21.201352 	 105.658585
10590	 trust	 2	 2	 41.430980 	 31.613865 	 25.079673 	 17.709374 	 105.244743
10590	 trust	 3	 2	 41.430980 	 31.613865 	 18.779391 	 10.202079 	 105.027168
10590	 trust	 4	 2	 41.430980 	 31.613865 	 14.080863 	 5.670989 	 93.437111
10590	 ugr	 1	 1	 41.962612 	 31.676217 	 32.350514 	 20.863727 	 113.275841
10590	 ugr	 2	 1	 41.962612 	 31.676217 	 25.308444 	 17.365175 	 111.590401
10590	 ugr	 3	 1	 41.962612 	 31.676217 	 18.990925 	 9.987389 	 116.489990
10590	 ugr	 4	 1	 41.962612 	 31.676217 	 14.243823 	 5.197113 	 97.419456
10590	 ugr	 1	 2	 41.290606 	 31.257632 	 32.338450 	 21.294463 	 116.029350
10590	 ugr	 2	 2	 41.290606 	 31.257632 	 25.155883 	 17.865323 	 113.469475
10590	 ugr	 3	 2	 41.290606 	 31.257632 	 18.803309 	 10.020996 	 104.107895
10590	 ugr	 4	 2	 41.290606 	 31.257632 	 14.019439 	 4.937042 	 101.700829
10590	 sharedreward	 1	 1	 40.443686 	 30.186047 	 31.700875 	 20.781586 	 105.546898
10590	 sharedreward	 2	 1	 40.443686 	 30.186047 	 24.666131 	 17.447212 	 96.301620
10590	 sharedreward	 3	 1	 40.443686 	 30.186047 	 18.482944 	 9.896407 	 103.136795
10590	 sharedreward	 4	 1	 40.443686 	 30.186047 	 13.815716 	 5.173840 	 94.225143
10590	 sharedreward	 1	 2	 40.626505 	 30.005115 	 31.963400 	 20.811404 	 100.112595
10590	 sharedreward	 2	 2	 40.626505 	 30.005115 	 24.755941 	 17.027357 	 101.816101
10590	 sharedreward	 3	 2	 40.626505 	 30.005115 	 18.508081 	 9.728519 	 105.961800
10590	 sharedreward	 4	 2	 40.626505 	 30.005115 	 13.819439 	 5.086018 	 93.812668
10590	 doors	 1	 1	 40.402421 	 31.509636 	 32.014478 	 21.483629 	 106.581741
10590	 doors	 2	 1	 40.402421 	 31.509636 	 24.843178 	 17.860563 	 100.424240
10590	 doors	 3	 1	 40.402421 	 31.509636 	 18.510815 	 10.506748 	 103.801666
10590	 doors	 4	 1	 40.402421 	 31.509636 	 13.779320 	 5.363401 	 89.587135
10590	 doors	 1	 2	 NA	 NA	 NA	 NA	 NA
10590	 doors	 2	 2	 NA	 NA	 NA	 NA	 NA
10590	 doors	 3	 2	 NA	 NA	 NA	 NA	 NA
10590	 doors	 4	 2	 NA	 NA	 NA	 NA	 NA
10590	 socialdoors	 1	 1	 41.671993 	 30.952922 	 32.117008 	 20.522713 	 116.190392
10590	 socialdoors	 2	 1	 41.671993 	 30.952922 	 25.126010 	 17.517648 	 100.505470
10590	 socialdoors	 3	 1	 41.671993 	 30.952922 	 18.856020 	 10.597562 	 100.211075
10590	 socialdoors	 4	 1	 41.671993 	 30.952922 	 14.104462 	 5.315763 	 101.291763
10590	 socialdoors	 1	 2	 NA	 NA	 NA	 NA	 NA
10590	 socialdoors	 2	 2	 NA	 NA	 NA	 NA	 NA
10590	 socialdoors	 3	 2	 NA	 NA	 NA	 NA	 NA
10590	 socialdoors	 4	 2	 NA	 NA	 NA	 NA	 NA
10596	 trust	 1	 1	 38.684834 	 31.490633 	 29.366867 	 21.021467 	 82.773323
10596	 trust	 2	 1	 38.684834 	 31.490633 	 22.004111 	 16.612387 	 62.057590
10596	 trust	 3	 1	 38.684834 	 31.490633 	 15.899246 	 9.288880 	 68.799515
10596	 trust	 4	 1	 38.684834 	 31.490633 	 11.417164 	 5.037301 	 63.899944
10596	 trust	 1	 2	 36.944115 	 32.235236 	 28.529007 	 21.406712 	 83.638329
10596	 trust	 2	 2	 36.944115 	 32.235236 	 21.307186 	 17.503161 	 63.274918
10596	 trust	 3	 2	 36.944115 	 32.235236 	 15.401479 	 9.560613 	 64.698647
10596	 trust	 4	 2	 36.944115 	 32.235236 	 11.063932 	 4.790601 	 64.114159
10596	 ugr	 1	 1	 39.733403 	 32.795269 	 29.461521 	 21.163021 	 83.869568
10596	 ugr	 2	 1	 39.733403 	 32.795269 	 22.275782 	 18.207189 	 71.270401
10596	 ugr	 3	 1	 39.733403 	 32.795269 	 16.169546 	 8.154653 	 70.293304
10596	 ugr	 4	 1	 39.733403 	 32.795269 	 11.614942 	 4.134203 	 70.814445
10596	 ugr	 1	 2	 40.236676 	 33.003129 	 29.873203 	 22.566999 	 83.802368
10596	 ugr	 2	 2	 40.236676 	 33.003129 	 22.485830 	 18.406612 	 74.483345
10596	 ugr	 3	 2	 40.236676 	 33.003129 	 16.268694 	 8.927559 	 74.117592
10596	 ugr	 4	 2	 40.236676 	 33.003129 	 11.682954 	 4.340473 	 67.068253
10596	 sharedreward	 1	 1	 38.583475 	 32.288337 	 28.668043 	 21.356440 	 77.542488
10596	 sharedreward	 2	 1	 38.583475 	 32.288337 	 21.787087 	 17.388588 	 68.276184
10596	 sharedreward	 3	 1	 38.583475 	 32.288337 	 15.828968 	 10.138233 	 72.653854
10596	 sharedreward	 4	 1	 38.583475 	 32.288337 	 11.384021 	 5.674532 	 66.113052
10596	 sharedreward	 1	 2	 36.746896 	 31.318989 	 28.538964 	 21.007809 	 81.614479
10596	 sharedreward	 2	 2	 36.746896 	 31.318989 	 21.234084 	 17.180958 	 63.031422
10596	 sharedreward	 3	 2	 36.746896 	 31.318989 	 15.320055 	 9.242892 	 64.366890
10596	 sharedreward	 4	 2	 36.746896 	 31.318989 	 10.957128 	 5.019451 	 65.646431
10596	 doors	 1	 1	 40.023240 	 33.103725 	 30.193801 	 21.970123 	 82.605469
10596	 doors	 2	 1	 40.023240 	 33.103725 	 22.583618 	 18.121873 	 72.074310
10596	 doors	 3	 1	 40.023240 	 33.103725 	 16.277142 	 10.065387 	 82.357346
10596	 doors	 4	 1	 40.023240 	 33.103725 	 11.677811 	 5.299165 	 65.842506
10596	 doors	 1	 2	 NA	 NA	 NA	 NA	 NA
10596	 doors	 2	 2	 NA	 NA	 NA	 NA	 NA
10596	 doors	 3	 2	 NA	 NA	 NA	 NA	 NA
10596	 doors	 4	 2	 NA	 NA	 NA	 NA	 NA
10596	 socialdoors	 1	 1	 39.657857 	 32.884887 	 29.904139 	 21.527783 	 87.476891
10596	 socialdoors	 2	 1	 39.657857 	 32.884887 	 22.393815 	 17.316765 	 68.203712
10596	 socialdoors	 3	 1	 39.657857 	 32.884887 	 16.177535 	 9.842730 	 75.662247
10596	 socialdoors	 4	 1	 39.657857 	 32.884887 	 11.597172 	 5.222074 	 64.474236
10596	 socialdoors	 1	 2	 NA	 NA	 NA	 NA	 NA
10596	 socialdoors	 2	 2	 NA	 NA	 NA	 NA	 NA
10596	 socialdoors	 3	 2	 NA	 NA	 NA	 NA	 NA
10596	 socialdoors	 4	 2	 NA	 NA	 NA	 NA	 NA
10603	 trust	 1	 1	 33.291808 	 31.468408 	 27.053931 	 24.471023 	 68.427719
10603	 trust	 2	 1	 33.291808 	 31.468408 	 20.496581 	 15.676113 	 75.664314
10603	 trust	 3	 1	 33.291808 	 31.468408 	 14.776900 	 6.195353 	 69.437103
10603	 trust	 4	 1	 33.291808 	 31.468408 	 10.753444 	 3.076368 	 69.479240
10603	 trust	 1	 2	 30.559644 	 30.456381 	 25.535300 	 23.167046 	 68.636627
10603	 trust	 2	 2	 30.559644 	 30.456381 	 19.097049 	 16.352075 	 64.361641
10603	 trust	 3	 2	 30.559644 	 30.456381 	 13.760855 	 7.234031 	 67.364838
10603	 trust	 4	 2	 30.559644 	 30.456381 	 10.005310 	 3.274586 	 66.442329
10603	 ugr	 1	 1	 30.265552 	 29.604240 	 26.287565 	 23.440727 	 83.195015
10603	 ugr	 2	 1	 30.265552 	 29.604240 	 19.339847 	 16.520957 	 76.607315
10603	 ugr	 3	 1	 30.265552 	 29.604240 	 13.790519 	 7.614930 	 70.906326
10603	 ugr	 4	 1	 30.265552 	 29.604240 	 9.939869 	 3.717614 	 68.294395
10603	 ugr	 1	 2	 NA	 NA	 NA	 NA	 NA
10603	 ugr	 2	 2	 NA	 NA	 NA	 NA	 NA
10603	 ugr	 3	 2	 NA	 NA	 NA	 NA	 NA
10603	 ugr	 4	 2	 NA	 NA	 NA	 NA	 NA
10603	 sharedreward	 1	 1	 35.870241 	 33.378636 	 28.375534 	 23.923021 	 84.020660
10603	 sharedreward	 2	 1	 35.870241 	 33.378636 	 21.523267 	 17.544759 	 76.023415
10603	 sharedreward	 3	 1	 35.870241 	 33.378636 	 15.666192 	 8.006766 	 75.503448
10603	 sharedreward	 4	 1	 35.870241 	 33.378636 	 11.428850 	 3.863140 	 75.861008
10603	 sharedreward	 1	 2	 NA	 NA	 NA	 NA	 NA
10603	 sharedreward	 2	 2	 NA	 NA	 NA	 NA	 NA
10603	 sharedreward	 3	 2	 NA	 NA	 NA	 NA	 NA
10603	 sharedreward	 4	 2	 NA	 NA	 NA	 NA	 NA
10603	 doors	 1	 1	 30.816147 	 31.080205 	 26.323781 	 22.985086 	 73.842766
10603	 doors	 2	 1	 30.816147 	 31.080205 	 19.493093 	 17.372498 	 80.495636
10603	 doors	 3	 1	 30.816147 	 31.080205 	 14.000267 	 8.501591 	 67.456512
10603	 doors	 4	 1	 30.816147 	 31.080205 	 10.170765 	 4.024478 	 73.743439
10603	 doors	 1	 2	 NA	 NA	 NA	 NA	 NA
10603	 doors	 2	 2	 NA	 NA	 NA	 NA	 NA
10603	 doors	 3	 2	 NA	 NA	 NA	 NA	 NA
10603	 doors	 4	 2	 NA	 NA	 NA	 NA	 NA
10603	 socialdoors	 1	 1	 31.531325 	 31.441983 	 26.687827 	 23.223713 	 70.415321
10603	 socialdoors	 2	 1	 31.531325 	 31.441983 	 19.808530 	 17.157086 	 82.487518
10603	 socialdoors	 3	 1	 31.531325 	 31.441983 	 14.253908 	 8.463105 	 71.648720
10603	 socialdoors	 4	 1	 31.531325 	 31.441983 	 10.353014 	 4.264421 	 68.732704
10603	 socialdoors	 1	 2	 NA	 NA	 NA	 NA	 NA
10603	 socialdoors	 2	 2	 NA	 NA	 NA	 NA	 NA
10603	 socialdoors	 3	 2	 NA	 NA	 NA	 NA	 NA
10603	 socialdoors	 4	 2	 NA	 NA	 NA	 NA	 NA
10606	 trust	 1	 1	 39.649421 	 35.258567 	 30.238479 	 24.439829 	 91.430145
