sub-10317_task-trust_run-1_echo-1_desc-preproc_bold.nii.gz	 mean tsnr: 11.258658 	 max tsnr: 77.886978
sub-10572_task-trust_run-1_echo-1_desc-preproc_bold.nii.gz	 mean tsnr: 9.726854 	 max tsnr: 89.791801
sub-10529_task-trust_run-1_echo-1_desc-preproc_bold.nii.gz	 mean tsnr: 10.268241 	 max tsnr: 94.629440
sub-10369_task-trust_run-1_echo-1_desc-preproc_bold.nii.gz	 mean tsnr: 11.369668 	 max tsnr: 100.492935
sub-10486_task-trust_run-1_echo-1_desc-preproc_bold.nii.gz	 mean tsnr: 9.325250 	 max tsnr: 86.971886
sub-10462_task-trust_run-1_echo-1_desc-preproc_bold.nii.gz	 mean tsnr: 13.806697 	 max tsnr: 88.228882
sub-10590_task-trust_run-1_echo-1_desc-preproc_bold.nii.gz	 mean tsnr: 15.290696 	 max tsnr: 107.196762
sub-10559_task-trust_run-1_echo-1_desc-preproc_bold.nii.gz	 mean tsnr: 10.073207 	 max tsnr: 69.155251
sub-10606_task-trust_run-1_echo-1_desc-preproc_bold.nii.gz	 mean tsnr: 14.230762 	 max tsnr: 91.315475
sub-10402_task-trust_run-1_echo-1_desc-preproc_bold.nii.gz	 mean tsnr: 11.766350 	 max tsnr: 76.212097
sub-10585_task-trust_run-1_echo-1_desc-preproc_bold.nii.gz	 mean tsnr: 10.368902 	 max tsnr: 92.626892
sub-10589_task-trust_run-1_echo-1_desc-preproc_bold.nii.gz	 mean tsnr: 10.599755 	 max tsnr: 84.348244
sub-10584_task-trust_run-1_echo-1_desc-preproc_bold.nii.gz	 mean tsnr: 10.920751 	 max tsnr: 80.641060
sub-10603_task-trust_run-1_echo-1_desc-preproc_bold.nii.gz	 mean tsnr: 8.817814 	 max tsnr: 68.331635
sub-10418_task-trust_run-1_echo-1_desc-preproc_bold.nii.gz	 mean tsnr: 12.066330 	 max tsnr: 92.430328
sub-10581_task-trust_run-1_echo-1_desc-preproc_bold.nii.gz	 mean tsnr: 8.739329 	 max tsnr: 71.400452
sub-10478_task-trust_run-1_echo-1_desc-preproc_bold.nii.gz	 mean tsnr: 13.475276 	 max tsnr: 104.796349
sub-10541_task-trust_run-1_echo-1_desc-preproc_bold.nii.gz	 mean tsnr: 11.370020 	 max tsnr: 78.248825
sub-10608_task-trust_run-1_echo-1_desc-preproc_bold.nii.gz	 mean tsnr: 11.753341 	 max tsnr: 76.385086
sub-10596_task-trust_run-1_echo-1_desc-preproc_bold.nii.gz	 mean tsnr: 11.648036 	 max tsnr: 82.639153
sub-10572_task-trust_run-1_echo-2_desc-preproc_bold.nii.gz	 mean tsnr: 7.950723 	 max tsnr: 78.964195
sub-10486_task-trust_run-1_echo-2_desc-preproc_bold.nii.gz	 mean tsnr: 6.963291 	 max tsnr: 78.110641
sub-10590_task-trust_run-1_echo-2_desc-preproc_bold.nii.gz	 mean tsnr: 12.601942 	 max tsnr: 115.572731
sub-10529_task-trust_run-1_echo-2_desc-preproc_bold.nii.gz	 mean tsnr: 7.919542 	 max tsnr: 78.923042
sub-10581_task-trust_run-1_echo-2_desc-preproc_bold.nii.gz	 mean tsnr: 6.550554 	 max tsnr: 74.410950
sub-10589_task-trust_run-1_echo-2_desc-preproc_bold.nii.gz	 mean tsnr: 7.801005 	 max tsnr: 76.562050
sub-10584_task-trust_run-1_echo-2_desc-preproc_bold.nii.gz	 mean tsnr: 8.261769 	 max tsnr: 71.662392
sub-10541_task-trust_run-1_echo-2_desc-preproc_bold.nii.gz	 mean tsnr: 9.015337 	 max tsnr: 72.862679
sub-10559_task-trust_run-1_echo-2_desc-preproc_bold.nii.gz	 mean tsnr: 7.458202 	 max tsnr: 53.900452
sub-10478_task-trust_run-1_echo-2_desc-preproc_bold.nii.gz	 mean tsnr: 10.455564 	 max tsnr: 102.939201
sub-10606_task-trust_run-1_echo-2_desc-preproc_bold.nii.gz	 mean tsnr: 11.235209 	 max tsnr: 80.164635
sub-10585_task-trust_run-1_echo-2_desc-preproc_bold.nii.gz	 mean tsnr: 8.114267 	 max tsnr: 69.580009
sub-10596_task-trust_run-1_echo-2_desc-preproc_bold.nii.gz	 mean tsnr: 8.994380 	 max tsnr: 61.503315
sub-10608_task-trust_run-1_echo-2_desc-preproc_bold.nii.gz	 mean tsnr: 9.627366 	 max tsnr: 69.250259
sub-10317_task-trust_run-1_echo-2_desc-preproc_bold.nii.gz	 mean tsnr: 8.725034 	 max tsnr: 75.961182
sub-10462_task-trust_run-1_echo-2_desc-preproc_bold.nii.gz	 mean tsnr: 10.867610 	 max tsnr: 91.136887
sub-10369_task-trust_run-1_echo-2_desc-preproc_bold.nii.gz	 mean tsnr: 8.332979 	 max tsnr: 89.820915
sub-10402_task-trust_run-1_echo-2_desc-preproc_bold.nii.gz	 mean tsnr: 9.194748 	 max tsnr: 74.264999
sub-10603_task-trust_run-1_echo-2_desc-preproc_bold.nii.gz	 mean tsnr: 6.742331 	 max tsnr: 75.730011
sub-10418_task-trust_run-1_echo-2_desc-preproc_bold.nii.gz	 mean tsnr: 9.920855 	 max tsnr: 90.742699
sub-10572_task-trust_run-1_echo-3_desc-preproc_bold.nii.gz	 mean tsnr: 6.459068 	 max tsnr: 77.432747
sub-10541_task-trust_run-1_echo-3_desc-preproc_bold.nii.gz	 mean tsnr: 7.227746 	 max tsnr: 83.265923
sub-10478_task-trust_run-1_echo-3_desc-preproc_bold.nii.gz	 mean tsnr: 8.256904 	 max tsnr: 82.969002
sub-10581_task-trust_run-1_echo-3_desc-preproc_bold.nii.gz	 mean tsnr: 5.126032 	 max tsnr: 71.070320
sub-10590_task-trust_run-1_echo-3_desc-preproc_bold.nii.gz	 mean tsnr: 10.142841 	 max tsnr: 101.534271
sub-10529_task-trust_run-1_echo-3_desc-preproc_bold.nii.gz	 mean tsnr: 6.235291 	 max tsnr: 81.394241
sub-10608_task-trust_run-1_echo-3_desc-preproc_bold.nii.gz	 mean tsnr: 7.734403 	 max tsnr: 73.409546
sub-10606_task-trust_run-1_echo-3_desc-preproc_bold.nii.gz	 mean tsnr: 8.918477 	 max tsnr: 80.610878
sub-10596_task-trust_run-1_echo-3_desc-preproc_bold.nii.gz	 mean tsnr: 7.020689 	 max tsnr: 68.786674
sub-10589_task-trust_run-1_echo-3_desc-preproc_bold.nii.gz	 mean tsnr: 6.017560 	 max tsnr: 73.606987
sub-10486_task-trust_run-1_echo-3_desc-preproc_bold.nii.gz	 mean tsnr: 5.381527 	 max tsnr: 77.072609
sub-10559_task-trust_run-1_echo-3_desc-preproc_bold.nii.gz	 mean tsnr: 5.945384 	 max tsnr: 56.445286
sub-10584_task-trust_run-1_echo-3_desc-preproc_bold.nii.gz	 mean tsnr: 6.478390 	 max tsnr: 74.347137
sub-10585_task-trust_run-1_echo-3_desc-preproc_bold.nii.gz	 mean tsnr: 6.372167 	 max tsnr: 70.925964
sub-10603_task-trust_run-1_echo-3_desc-preproc_bold.nii.gz	 mean tsnr: 5.260807 	 max tsnr: 69.477394
sub-10317_task-trust_run-1_echo-3_desc-preproc_bold.nii.gz	 mean tsnr: 6.819075 	 max tsnr: 70.638840
sub-10402_task-trust_run-1_echo-3_desc-preproc_bold.nii.gz	 mean tsnr: 7.345444 	 max tsnr: 71.803177
sub-10369_task-trust_run-1_echo-3_desc-preproc_bold.nii.gz	 mean tsnr: 6.443210 	 max tsnr: 81.275719
sub-10418_task-trust_run-1_echo-3_desc-preproc_bold.nii.gz	 mean tsnr: 8.094024 	 max tsnr: 93.184029
sub-10462_task-trust_run-1_echo-3_desc-preproc_bold.nii.gz	 mean tsnr: 8.539967 	 max tsnr: 91.259460
sub-10572_task-trust_run-1_echo-4_desc-preproc_bold.nii.gz	 mean tsnr: 5.286374 	 max tsnr: 76.390472
sub-10541_task-trust_run-1_echo-4_desc-preproc_bold.nii.gz	 mean tsnr: 5.843715 	 max tsnr: 81.565132
sub-10478_task-trust_run-1_echo-4_desc-preproc_bold.nii.gz	 mean tsnr: 6.558049 	 max tsnr: 82.242294
sub-10590_task-trust_run-1_echo-4_desc-preproc_bold.nii.gz	 mean tsnr: 8.133229 	 max tsnr: 99.224846
sub-10581_task-trust_run-1_echo-4_desc-preproc_bold.nii.gz	 mean tsnr: 4.174520 	 max tsnr: 64.852425
sub-10529_task-trust_run-1_echo-4_desc-preproc_bold.nii.gz	 mean tsnr: 5.008898 	 max tsnr: 69.391762
sub-10608_task-trust_run-1_echo-4_desc-preproc_bold.nii.gz	 mean tsnr: 6.169569 	 max tsnr: 69.257401
sub-10596_task-trust_run-1_echo-4_desc-preproc_bold.nii.gz	 mean tsnr: 5.505131 	 max tsnr: 64.987534
sub-10606_task-trust_run-1_echo-4_desc-preproc_bold.nii.gz	 mean tsnr: 7.078560 	 max tsnr: 73.047043
sub-10486_task-trust_run-1_echo-4_desc-preproc_bold.nii.gz	 mean tsnr: 4.298011 	 max tsnr: 75.636559
sub-10584_task-trust_run-1_echo-4_desc-preproc_bold.nii.gz	 mean tsnr: 5.210999 	 max tsnr: 71.831802
sub-10589_task-trust_run-1_echo-4_desc-preproc_bold.nii.gz	 mean tsnr: 4.802796 	 max tsnr: 79.071114
sub-10572_task-trust_run-1_space-MNI152NLin6Asym_desc-preproc_bold.nii.gz	 mean tsnr: 23.774447 	 max tsnr: 127.139740
sub-10559_task-trust_run-1_echo-4_desc-preproc_bold.nii.gz	 mean tsnr: 4.765231 	 max tsnr: 50.462265
sub-10478_task-trust_run-1_space-MNI152NLin6Asym_desc-preproc_bold.nii.gz	 mean tsnr: 29.480118 	 max tsnr: 149.149185
sub-10590_task-trust_run-1_space-MNI152NLin6Asym_desc-preproc_bold.nii.gz	 mean tsnr: 30.429177 	 max tsnr: 168.522995
sub-10585_task-trust_run-1_echo-4_desc-preproc_bold.nii.gz	 mean tsnr: 5.127373 	 max tsnr: 70.779640
sub-10581_task-trust_run-1_space-MNI152NLin6Asym_desc-preproc_bold.nii.gz	 mean tsnr: 20.755007 	 max tsnr: 105.800262
sub-10541_task-trust_run-1_space-MNI152NLin6Asym_desc-preproc_bold.nii.gz	 mean tsnr: 22.901898 	 max tsnr: 126.264809
sub-10369_task-trust_run-1_echo-4_desc-preproc_bold.nii.gz	 mean tsnr: 5.123660 	 max tsnr: 75.118393
sub-10603_task-trust_run-1_echo-4_desc-preproc_bold.nii.gz	 mean tsnr: 4.267857 	 max tsnr: 69.561150
sub-10462_task-trust_run-1_echo-4_desc-preproc_bold.nii.gz	 mean tsnr: 6.755697 	 max tsnr: 92.533203
sub-10402_task-trust_run-1_echo-4_desc-preproc_bold.nii.gz	 mean tsnr: 5.943901 	 max tsnr: 76.749718
sub-10317_task-trust_run-1_echo-4_desc-preproc_bold.nii.gz	 mean tsnr: 5.399022 	 max tsnr: 67.742401
sub-10418_task-trust_run-1_echo-4_desc-preproc_bold.nii.gz	 mean tsnr: 6.686117 	 max tsnr: 85.366737
sub-10529_task-trust_run-1_space-MNI152NLin6Asym_desc-preproc_bold.nii.gz	 mean tsnr: 26.236024 	 max tsnr: 127.827148
sub-10608_task-trust_run-1_space-MNI152NLin6Asym_desc-preproc_bold.nii.gz	 mean tsnr: 29.289032 	 max tsnr: 115.775688
sub-10596_task-trust_run-1_space-MNI152NLin6Asym_desc-preproc_bold.nii.gz	 mean tsnr: 27.707447 	 max tsnr: 109.915771
sub-10606_task-trust_run-1_space-MNI152NLin6Asym_desc-preproc_bold.nii.gz	 mean tsnr: 28.289215 	 max tsnr: 135.560287
sub-10584_task-trust_run-1_space-MNI152NLin6Asym_desc-preproc_bold.nii.gz	 mean tsnr: 24.131049 	 max tsnr: 113.264084
sub-10585_task-trust_run-1_space-MNI152NLin6Asym_desc-preproc_bold.nii.gz	 mean tsnr: 23.463905 	 max tsnr: 125.190514
sub-10572_task-trust_run-2_echo-1_desc-preproc_bold.nii.gz	 mean tsnr: 8.115054 	 max tsnr: 75.551788
sub-10559_task-trust_run-1_space-MNI152NLin6Asym_desc-preproc_bold.nii.gz	 mean tsnr: 21.631470 	 max tsnr: 91.581779
sub-10486_task-trust_run-1_space-MNI152NLin6Asym_desc-preproc_bold.nii.gz	 mean tsnr: 24.764349 	 max tsnr: 124.133575
sub-10590_task-trust_run-2_echo-1_desc-preproc_bold.nii.gz	 mean tsnr: 14.568239 	 max tsnr: 105.718567
sub-10589_task-trust_run-1_space-MNI152NLin6Asym_desc-preproc_bold.nii.gz	 mean tsnr: 26.355606 	 max tsnr: 145.694931
sub-10581_task-trust_run-2_echo-1_desc-preproc_bold.nii.gz	 mean tsnr: 10.136541 	 max tsnr: 89.870514
sub-10462_task-trust_run-1_space-MNI152NLin6Asym_desc-preproc_bold.nii.gz	 mean tsnr: 26.345762 	 max tsnr: 153.041061
sub-10418_task-trust_run-1_space-MNI152NLin6Asym_desc-preproc_bold.nii.gz	 mean tsnr: 29.139206 	 max tsnr: 166.701569
sub-10603_task-trust_run-1_space-MNI152NLin6Asym_desc-preproc_bold.nii.gz	 mean tsnr: 23.466664 	 max tsnr: 118.398048
sub-10478_task-trust_run-2_echo-1_desc-preproc_bold.nii.gz	 mean tsnr: 11.223882 	 max tsnr: 92.863121
sub-10541_task-trust_run-2_echo-1_desc-preproc_bold.nii.gz	 mean tsnr: 11.442413 	 max tsnr: 69.419289
sub-10617_task-trust_run-1_echo-1_desc-preproc_bold.nii.gz	 mean tsnr: 11.367450 	 max tsnr: 92.673485
sub-10369_task-trust_run-1_space-MNI152NLin6Asym_desc-preproc_bold.nii.gz	 mean tsnr: 25.849663 	 max tsnr: 145.897369
sub-10559_task-trust_run-2_echo-1_desc-preproc_bold.nii.gz	 mean tsnr: 8.391199 	 max tsnr: 65.152939
sub-10585_task-trust_run-2_echo-1_desc-preproc_bold.nii.gz	 mean tsnr: 9.863816 	 max tsnr: 78.610764
sub-10402_task-trust_run-1_space-MNI152NLin6Asym_desc-preproc_bold.nii.gz	 mean tsnr: 23.849687 	 max tsnr: 124.817719
sub-10596_task-trust_run-2_echo-1_desc-preproc_bold.nii.gz	 mean tsnr: 12.162615 	 max tsnr: 83.532997
sub-10529_task-trust_run-2_echo-1_desc-preproc_bold.nii.gz	 mean tsnr: 10.046785 	 max tsnr: 82.832741
sub-10590_task-trust_run-2_echo-2_desc-preproc_bold.nii.gz	 mean tsnr: 11.859048 	 max tsnr: 105.321312
sub-10317_task-trust_run-1_space-MNI152NLin6Asym_desc-preproc_bold.nii.gz	 mean tsnr: 25.148482 	 max tsnr: 122.441269
sub-10584_task-trust_run-2_echo-1_desc-preproc_bold.nii.gz	 mean tsnr: 12.716761 	 max tsnr: 75.484039
sub-10589_task-trust_run-2_echo-1_desc-preproc_bold.nii.gz	 mean tsnr: 12.626745 	 max tsnr: 87.950737
sub-10572_task-trust_run-2_echo-2_desc-preproc_bold.nii.gz	 mean tsnr: 6.277468 	 max tsnr: 74.743820
sub-10486_task-trust_run-2_echo-1_desc-preproc_bold.nii.gz	 mean tsnr: 9.919251 	 max tsnr: 83.294464
sub-10636_task-trust_run-1_echo-1_desc-preproc_bold.nii.gz	 mean tsnr: 11.162175 	 max tsnr: 90.977951
sub-10478_task-trust_run-2_echo-2_desc-preproc_bold.nii.gz	 mean tsnr: 8.343101 	 max tsnr: 84.990089
sub-10603_task-trust_run-2_echo-1_desc-preproc_bold.nii.gz	 mean tsnr: 9.382892 	 max tsnr: 68.640259
sub-10581_task-trust_run-2_echo-2_desc-preproc_bold.nii.gz	 mean tsnr: 7.896373 	 max tsnr: 81.809464
sub-10617_task-trust_run-1_echo-2_desc-preproc_bold.nii.gz	 mean tsnr: 9.079133 	 max tsnr: 84.351631
sub-10541_task-trust_run-2_echo-2_desc-preproc_bold.nii.gz	 mean tsnr: 9.098213 	 max tsnr: 74.588554
sub-10638_task-trust_run-1_echo-1_desc-preproc_bold.nii.gz	 mean tsnr: 11.431266 	 max tsnr: 80.898987
sub-10585_task-trust_run-2_echo-2_desc-preproc_bold.nii.gz	 mean tsnr: 7.661449 	 max tsnr: 76.108238
sub-10596_task-trust_run-2_echo-2_desc-preproc_bold.nii.gz	 mean tsnr: 9.512244 	 max tsnr: 63.444935
sub-10606_task-trust_run-2_echo-1_desc-preproc_bold.nii.gz	 mean tsnr: 13.316823 	 max tsnr: 81.050117
sub-10559_task-trust_run-2_echo-2_desc-preproc_bold.nii.gz	 mean tsnr: 6.026872 	 max tsnr: 48.701675
sub-10529_task-trust_run-2_echo-2_desc-preproc_bold.nii.gz	 mean tsnr: 7.543108 	 max tsnr: 78.117691
sub-10590_task-trust_run-2_echo-3_desc-preproc_bold.nii.gz	 mean tsnr: 9.443107 	 max tsnr: 104.859688
sub-10589_task-trust_run-2_echo-2_desc-preproc_bold.nii.gz	 mean tsnr: 9.902311 	 max tsnr: 77.009789
sub-10418_task-trust_run-2_echo-1_desc-preproc_bold.nii.gz	 mean tsnr: 12.628420 	 max tsnr: 88.967705
sub-10640_task-trust_run-1_echo-1_desc-preproc_bold.nii.gz	 mean tsnr: 17.300291 	 max tsnr: 144.640366
sub-10636_task-trust_run-1_echo-2_desc-preproc_bold.nii.gz	 mean tsnr: 8.246188 	 max tsnr: 97.080673
sub-10584_task-trust_run-2_echo-2_desc-preproc_bold.nii.gz	 mean tsnr: 9.938019 	 max tsnr: 72.446198
sub-10572_task-trust_run-2_echo-3_desc-preproc_bold.nii.gz	 mean tsnr: 4.989151 	 max tsnr: 74.970642
sub-10478_task-trust_run-2_echo-3_desc-preproc_bold.nii.gz	 mean tsnr: 6.481385 	 max tsnr: 83.500008
sub-10541_task-trust_run-2_echo-3_desc-preproc_bold.nii.gz	 mean tsnr: 7.262694 	 max tsnr: 75.223900
sub-10603_task-trust_run-2_echo-2_desc-preproc_bold.nii.gz	 mean tsnr: 7.193705 	 max tsnr: 64.282196
sub-10402_task-trust_run-2_echo-1_desc-preproc_bold.nii.gz	 mean tsnr: 11.822758 	 max tsnr: 84.494949
sub-10617_task-trust_run-1_echo-3_desc-preproc_bold.nii.gz	 mean tsnr: 7.211586 	 max tsnr: 80.199951
sub-10596_task-trust_run-2_echo-3_desc-preproc_bold.nii.gz	 mean tsnr: 7.473828 	 max tsnr: 64.664177
sub-10585_task-trust_run-2_echo-3_desc-preproc_bold.nii.gz	 mean tsnr: 6.045655 	 max tsnr: 75.402397
sub-10529_task-trust_run-2_echo-3_desc-preproc_bold.nii.gz	 mean tsnr: 5.897738 	 max tsnr: 73.222389
sub-10486_task-trust_run-2_echo-2_desc-preproc_bold.nii.gz	 mean tsnr: 7.474696 	 max tsnr: 77.405205
sub-10581_task-trust_run-2_echo-3_desc-preproc_bold.nii.gz	 mean tsnr: 6.291066 	 max tsnr: 75.783539
sub-10559_task-trust_run-2_echo-3_desc-preproc_bold.nii.gz	 mean tsnr: 4.709522 	 max tsnr: 52.885147
sub-10589_task-trust_run-2_echo-3_desc-preproc_bold.nii.gz	 mean tsnr: 7.944057 	 max tsnr: 75.402817
sub-10638_task-trust_run-1_echo-2_desc-preproc_bold.nii.gz	 mean tsnr: 9.085353 	 max tsnr: 80.166779
sub-10606_task-trust_run-2_echo-2_desc-preproc_bold.nii.gz	 mean tsnr: 10.399876 	 max tsnr: 79.522148
sub-10590_task-trust_run-2_echo-4_desc-preproc_bold.nii.gz	 mean tsnr: 7.527607 	 max tsnr: 93.140396
sub-10584_task-trust_run-2_echo-3_desc-preproc_bold.nii.gz	 mean tsnr: 7.843601 	 max tsnr: 72.103142
sub-10640_task-trust_run-1_echo-2_desc-preproc_bold.nii.gz	 mean tsnr: 12.999238 	 max tsnr: 109.244606
sub-10617_task-trust_run-1_echo-4_desc-preproc_bold.nii.gz	 mean tsnr: 5.796174 	 max tsnr: 74.472870
sub-10596_task-trust_run-2_echo-4_desc-preproc_bold.nii.gz	 mean tsnr: 5.841457 	 max tsnr: 64.157524
sub-10572_task-trust_run-2_echo-4_desc-preproc_bold.nii.gz	 mean tsnr: 4.114053 	 max tsnr: 71.502571
sub-10529_task-trust_run-2_echo-4_desc-preproc_bold.nii.gz	 mean tsnr: 4.733994 	 max tsnr: 70.246750
sub-10636_task-trust_run-1_echo-3_desc-preproc_bold.nii.gz	 mean tsnr: 6.407217 	 max tsnr: 93.615952
sub-10541_task-trust_run-2_echo-4_desc-preproc_bold.nii.gz	 mean tsnr: 5.857505 	 max tsnr: 73.139252
sub-10585_task-trust_run-2_echo-4_desc-preproc_bold.nii.gz	 mean tsnr: 4.913446 	 max tsnr: 77.569893
sub-10478_task-trust_run-2_echo-4_desc-preproc_bold.nii.gz	 mean tsnr: 5.177253 	 max tsnr: 78.574364
sub-10603_task-trust_run-2_echo-3_desc-preproc_bold.nii.gz	 mean tsnr: 5.574933 	 max tsnr: 67.333885
sub-10486_task-trust_run-2_echo-3_desc-preproc_bold.nii.gz	 mean tsnr: 5.780930 	 max tsnr: 76.641701
sub-10559_task-trust_run-2_echo-4_desc-preproc_bold.nii.gz	 mean tsnr: 3.832434 	 max tsnr: 47.127209
sub-10418_task-trust_run-2_echo-2_desc-preproc_bold.nii.gz	 mean tsnr: 10.475866 	 max tsnr: 90.122520
sub-10402_task-trust_run-2_echo-2_desc-preproc_bold.nii.gz	 mean tsnr: 9.389074 	 max tsnr: 69.563332
sub-10581_task-trust_run-2_echo-4_desc-preproc_bold.nii.gz	 mean tsnr: 5.106609 	 max tsnr: 71.221779
sub-10590_task-trust_run-2_space-MNI152NLin6Asym_desc-preproc_bold.nii.gz	 mean tsnr: 29.731723 	 max tsnr: 153.076920
sub-10589_task-trust_run-2_echo-4_desc-preproc_bold.nii.gz	 mean tsnr: 6.374183 	 max tsnr: 75.635361
sub-10584_task-trust_run-2_echo-4_desc-preproc_bold.nii.gz	 mean tsnr: 6.265623 	 max tsnr: 68.929390
sub-10606_task-trust_run-2_echo-3_desc-preproc_bold.nii.gz	 mean tsnr: 8.202109 	 max tsnr: 74.280128
sub-10638_task-trust_run-1_echo-3_desc-preproc_bold.nii.gz	 mean tsnr: 7.328339 	 max tsnr: 77.524979
sub-10617_task-trust_run-1_space-MNI152NLin6Asym_desc-preproc_bold.nii.gz	 mean tsnr: 27.548764 	 max tsnr: 131.611450
sub-10572_task-trust_run-2_space-MNI152NLin6Asym_desc-preproc_bold.nii.gz	 mean tsnr: 21.617709 	 max tsnr: 124.530632
sub-10640_task-trust_run-1_echo-3_desc-preproc_bold.nii.gz	 mean tsnr: 10.010795 	 max tsnr: 89.814034
sub-10529_task-trust_run-2_space-MNI152NLin6Asym_desc-preproc_bold.nii.gz	 mean tsnr: 26.066250 	 max tsnr: 122.491463
sub-10541_task-trust_run-2_space-MNI152NLin6Asym_desc-preproc_bold.nii.gz	 mean tsnr: 22.530842 	 max tsnr: 128.328842
sub-10559_task-trust_run-2_space-MNI152NLin6Asym_desc-preproc_bold.nii.gz	 mean tsnr: 18.645756 	 max tsnr: 81.058266
sub-10596_task-trust_run-2_space-MNI152NLin6Asym_desc-preproc_bold.nii.gz	 mean tsnr: 26.563264 	 max tsnr: 110.711067
sub-10585_task-trust_run-2_space-MNI152NLin6Asym_desc-preproc_bold.nii.gz	 mean tsnr: 25.104958 	 max tsnr: 122.084435
sub-10478_task-trust_run-2_space-MNI152NLin6Asym_desc-preproc_bold.nii.gz	 mean tsnr: 28.028977 	 max tsnr: 152.828171
sub-10581_task-trust_run-2_space-MNI152NLin6Asym_desc-preproc_bold.nii.gz	 mean tsnr: 23.329070 	 max tsnr: 122.240280
sub-10636_task-trust_run-1_echo-4_desc-preproc_bold.nii.gz	 mean tsnr: 5.129517 	 max tsnr: 73.626175
sub-10603_task-trust_run-2_echo-4_desc-preproc_bold.nii.gz	 mean tsnr: 4.453258 	 max tsnr: 66.475502
sub-10589_task-trust_run-2_space-MNI152NLin6Asym_desc-preproc_bold.nii.gz	 mean tsnr: 27.375063 	 max tsnr: 146.799973
sub-10584_task-trust_run-2_space-MNI152NLin6Asym_desc-preproc_bold.nii.gz	 mean tsnr: 25.171421 	 max tsnr: 126.956757
sub-10641_task-trust_run-1_echo-1_desc-preproc_bold.nii.gz	 mean tsnr: 10.735132 	 max tsnr: 78.472420
sub-10418_task-trust_run-2_echo-3_desc-preproc_bold.nii.gz	 mean tsnr: 8.654261 	 max tsnr: 89.694618
sub-10402_task-trust_run-2_echo-3_desc-preproc_bold.nii.gz	 mean tsnr: 7.551203 	 max tsnr: 67.118507
sub-10606_task-trust_run-2_echo-4_desc-preproc_bold.nii.gz	 mean tsnr: 6.507320 	 max tsnr: 73.456146
sub-10642_task-trust_run-1_echo-1_desc-preproc_bold.nii.gz	 mean tsnr: 12.749801 	 max tsnr: 105.503098
sub-10644_task-trust_run-1_echo-1_desc-preproc_bold.nii.gz	 mean tsnr: 13.111582 	 max tsnr: 94.215332
sub-10652_task-trust_run-1_echo-1_desc-preproc_bold.nii.gz	 mean tsnr: 11.705571 	 max tsnr: 94.829994
sub-10638_task-trust_run-1_echo-4_desc-preproc_bold.nii.gz	 mean tsnr: 5.996965 	 max tsnr: 80.793755
sub-10486_task-trust_run-2_echo-4_desc-preproc_bold.nii.gz	 mean tsnr: 4.572424 	 max tsnr: 75.587357
sub-10649_task-trust_run-1_echo-1_desc-preproc_bold.nii.gz	 mean tsnr: 10.549352 	 max tsnr: 74.887749
sub-10640_task-trust_run-1_echo-4_desc-preproc_bold.nii.gz	 mean tsnr: 7.784695 	 max tsnr: 82.548058
sub-10603_task-trust_run-2_space-MNI152NLin6Asym_desc-preproc_bold.nii.gz	 mean tsnr: 21.669047 	 max tsnr: 104.066185
sub-10617_task-trust_run-2_echo-1_desc-preproc_bold.nii.gz	 mean tsnr: 11.160581 	 max tsnr: 76.376091
sub-10636_task-trust_run-1_space-MNI152NLin6Asym_desc-preproc_bold.nii.gz	 mean tsnr: 24.625379 	 max tsnr: 137.122650
sub-10486_task-trust_run-2_space-MNI152NLin6Asym_desc-preproc_bold.nii.gz	 mean tsnr: 26.604097 	 max tsnr: 144.298111
sub-10661_task-trust_run-1_echo-1_desc-preproc_bold.nii.gz	 mean tsnr: 11.828113 	 max tsnr: 80.202774
sub-10657_task-trust_run-1_echo-1_desc-preproc_bold.nii.gz	 mean tsnr: 10.189846 	 max tsnr: 83.560890
sub-10656_task-trust_run-1_echo-1_desc-preproc_bold.nii.gz	 mean tsnr: 12.256602 	 max tsnr: 65.587196
sub-10663_task-trust_run-1_echo-1_desc-preproc_bold.nii.gz	 mean tsnr: 13.109134 	 max tsnr: 90.297501
sub-10641_task-trust_run-1_echo-2_desc-preproc_bold.nii.gz	 mean tsnr: 8.460118 	 max tsnr: 70.446205
sub-10668_task-trust_run-1_echo-1_desc-preproc_bold.nii.gz	 mean tsnr: 13.351228 	 max tsnr: 116.419128
sub-10647_task-trust_run-1_echo-1_desc-preproc_bold.nii.gz	 mean tsnr: 21.927417 	 max tsnr: 161.443619
sub-10606_task-trust_run-2_space-MNI152NLin6Asym_desc-preproc_bold.nii.gz	 mean tsnr: 26.971149 	 max tsnr: 116.883339
sub-10652_task-trust_run-1_echo-2_desc-preproc_bold.nii.gz	 mean tsnr: 9.490179 	 max tsnr: 90.296127
sub-10642_task-trust_run-1_echo-2_desc-preproc_bold.nii.gz	 mean tsnr: 9.514155 	 max tsnr: 85.436249
sub-10644_task-trust_run-1_echo-2_desc-preproc_bold.nii.gz	 mean tsnr: 10.767756 	 max tsnr: 80.507378
sub-10640_task-trust_run-1_space-MNI152NLin6Asym_desc-preproc_bold.nii.gz	 mean tsnr: 38.443645 	 max tsnr: 169.517944
sub-10617_task-trust_run-2_echo-2_desc-preproc_bold.nii.gz	 mean tsnr: 8.888229 	 max tsnr: 76.470490
sub-10638_task-trust_run-1_space-MNI152NLin6Asym_desc-preproc_bold.nii.gz	 mean tsnr: 27.611866 	 max tsnr: 129.883820
sub-10649_task-trust_run-1_echo-2_desc-preproc_bold.nii.gz	 mean tsnr: 8.108161 	 max tsnr: 68.528618
sub-10673_task-trust_run-1_echo-1_desc-preproc_bold.nii.gz	 mean tsnr: 12.020895 	 max tsnr: 80.536224
sub-10636_task-trust_run-2_echo-1_desc-preproc_bold.nii.gz	 mean tsnr: 11.665994 	 max tsnr: 84.342239
sub-10418_task-trust_run-2_echo-4_desc-preproc_bold.nii.gz	 mean tsnr: 7.180569 	 max tsnr: 87.784424
sub-10402_task-trust_run-2_echo-4_desc-preproc_bold.nii.gz	 mean tsnr: 6.131985 	 max tsnr: 70.437103
sub-10657_task-trust_run-1_echo-2_desc-preproc_bold.nii.gz	 mean tsnr: 7.687862 	 max tsnr: 82.882988
sub-10656_task-trust_run-1_echo-2_desc-preproc_bold.nii.gz	 mean tsnr: 9.475662 	 max tsnr: 60.774269
sub-10641_task-trust_run-1_echo-3_desc-preproc_bold.nii.gz	 mean tsnr: 6.625536 	 max tsnr: 74.384293
sub-10668_task-trust_run-1_echo-2_desc-preproc_bold.nii.gz	 mean tsnr: 9.775105 	 max tsnr: 98.217422
sub-10674_task-trust_run-1_echo-1_desc-preproc_bold.nii.gz	 mean tsnr: 14.103102 	 max tsnr: 86.812096
sub-10652_task-trust_run-1_echo-3_desc-preproc_bold.nii.gz	 mean tsnr: 7.673989 	 max tsnr: 92.127747
sub-10640_task-trust_run-2_echo-1_desc-preproc_bold.nii.gz	 mean tsnr: 20.327986 	 max tsnr: 148.531250
sub-10661_task-trust_run-1_echo-2_desc-preproc_bold.nii.gz	 mean tsnr: 9.268173 	 max tsnr: 90.416977
sub-10644_task-trust_run-1_echo-3_desc-preproc_bold.nii.gz	 mean tsnr: 8.671550 	 max tsnr: 88.044128
sub-10638_task-trust_run-2_echo-1_desc-preproc_bold.nii.gz	 mean tsnr: 9.363549 	 max tsnr: 81.543259
sub-10642_task-trust_run-1_echo-3_desc-preproc_bold.nii.gz	 mean tsnr: 7.279847 	 max tsnr: 73.602440
sub-10663_task-trust_run-1_echo-2_desc-preproc_bold.nii.gz	 mean tsnr: 10.896965 	 max tsnr: 76.965546
sub-10647_task-trust_run-1_echo-2_desc-preproc_bold.nii.gz	 mean tsnr: 17.607269 	 max tsnr: 124.680595
sub-10636_task-trust_run-2_echo-2_desc-preproc_bold.nii.gz	 mean tsnr: 8.621805 	 max tsnr: 76.984390
sub-10617_task-trust_run-2_echo-3_desc-preproc_bold.nii.gz	 mean tsnr: 7.035587 	 max tsnr: 74.650047
sub-10649_task-trust_run-1_echo-3_desc-preproc_bold.nii.gz	 mean tsnr: 6.350578 	 max tsnr: 60.212063
sub-10677_task-trust_run-1_echo-1_desc-preproc_bold.nii.gz	 mean tsnr: 10.038976 	 max tsnr: 82.983208
sub-10641_task-trust_run-1_echo-4_desc-preproc_bold.nii.gz	 mean tsnr: 5.236300 	 max tsnr: 80.616188
sub-10673_task-trust_run-1_echo-2_desc-preproc_bold.nii.gz	 mean tsnr: 10.077057 	 max tsnr: 79.922417
sub-10657_task-trust_run-1_echo-3_desc-preproc_bold.nii.gz	 mean tsnr: 6.018891 	 max tsnr: 78.771729
sub-10402_task-trust_run-2_space-MNI152NLin6Asym_desc-preproc_bold.nii.gz	 mean tsnr: 23.221309 	 max tsnr: 112.253334
sub-10656_task-trust_run-1_echo-3_desc-preproc_bold.nii.gz	 mean tsnr: 7.560734 	 max tsnr: 66.654984
sub-10652_task-trust_run-1_echo-4_desc-preproc_bold.nii.gz	 mean tsnr: 6.139537 	 max tsnr: 92.625977
sub-10661_task-trust_run-1_echo-3_desc-preproc_bold.nii.gz	 mean tsnr: 7.242494 	 max tsnr: 82.137230
sub-10668_task-trust_run-1_echo-3_desc-preproc_bold.nii.gz	 mean tsnr: 7.346717 	 max tsnr: 90.671631
sub-10642_task-trust_run-1_echo-4_desc-preproc_bold.nii.gz	 mean tsnr: 5.664879 	 max tsnr: 74.984764
sub-10418_task-trust_run-2_space-MNI152NLin6Asym_desc-preproc_bold.nii.gz	 mean tsnr: 29.263319 	 max tsnr: 153.903305
sub-10640_task-trust_run-2_echo-2_desc-preproc_bold.nii.gz	 mean tsnr: 16.047804 	 max tsnr: 113.293755
sub-10636_task-trust_run-2_echo-3_desc-preproc_bold.nii.gz	 mean tsnr: 6.706256 	 max tsnr: 78.026299
sub-10617_task-trust_run-2_echo-4_desc-preproc_bold.nii.gz	 mean tsnr: 5.642444 	 max tsnr: 74.770493
sub-10663_task-trust_run-1_echo-3_desc-preproc_bold.nii.gz	 mean tsnr: 8.748759 	 max tsnr: 75.592865
sub-10641_task-trust_run-1_space-MNI152NLin6Asym_desc-preproc_bold.nii.gz	 mean tsnr: 26.165373 	 max tsnr: 133.666626
sub-10644_task-trust_run-1_echo-4_desc-preproc_bold.nii.gz	 mean tsnr: 6.938042 	 max tsnr: 81.556854
sub-10649_task-trust_run-1_echo-4_desc-preproc_bold.nii.gz	 mean tsnr: 5.045669 	 max tsnr: 58.800312
sub-10652_task-trust_run-1_space-MNI152NLin6Asym_desc-preproc_bold.nii.gz	 mean tsnr: 29.073368 	 max tsnr: 150.547836
sub-10617_task-trust_run-2_space-MNI152NLin6Asym_desc-preproc_bold.nii.gz	 mean tsnr: 25.572854 	 max tsnr: 134.292267
sub-10657_task-trust_run-1_echo-4_desc-preproc_bold.nii.gz	 mean tsnr: 4.885941 	 max tsnr: 77.590736
sub-10642_task-trust_run-1_space-MNI152NLin6Asym_desc-preproc_bold.nii.gz	 mean tsnr: 35.303368 	 max tsnr: 147.782120
sub-10638_task-trust_run-2_echo-2_desc-preproc_bold.nii.gz	 mean tsnr: 7.230780 	 max tsnr: 82.202461
sub-10674_task-trust_run-1_echo-2_desc-preproc_bold.nii.gz	 mean tsnr: 11.189284 	 max tsnr: 80.973946
sub-10661_task-trust_run-1_echo-4_desc-preproc_bold.nii.gz	 mean tsnr: 5.744823 	 max tsnr: 79.431442
sub-10673_task-trust_run-1_echo-3_desc-preproc_bold.nii.gz	 mean tsnr: 8.179901 	 max tsnr: 73.894943
sub-10647_task-trust_run-1_echo-3_desc-preproc_bold.nii.gz	 mean tsnr: 14.213931 	 max tsnr: 113.019852
sub-10656_task-trust_run-1_echo-4_desc-preproc_bold.nii.gz	 mean tsnr: 6.060508 	 max tsnr: 67.107651
sub-10649_task-trust_run-1_space-MNI152NLin6Asym_desc-preproc_bold.nii.gz	 mean tsnr: 24.177354 	 max tsnr: 107.320984
sub-10636_task-trust_run-2_echo-4_desc-preproc_bold.nii.gz	 mean tsnr: 5.358515 	 max tsnr: 72.751381
sub-10668_task-trust_run-1_echo-4_desc-preproc_bold.nii.gz	 mean tsnr: 5.679102 	 max tsnr: 74.334122
sub-10640_task-trust_run-2_echo-3_desc-preproc_bold.nii.gz	 mean tsnr: 12.741453 	 max tsnr: 98.434456
sub-10677_task-trust_run-1_echo-2_desc-preproc_bold.nii.gz	 mean tsnr: 7.912582 	 max tsnr: 74.772102
sub-10644_task-trust_run-1_space-MNI152NLin6Asym_desc-preproc_bold.nii.gz	 mean tsnr: 27.568026 	 max tsnr: 144.869492
sub-10685_task-trust_run-1_echo-1_desc-preproc_bold.nii.gz	 mean tsnr: 20.054175 	 max tsnr: 139.297913
sub-10690_task-trust_run-1_echo-1_desc-preproc_bold.nii.gz	 mean tsnr: 16.763363 	 max tsnr: 141.584366
sub-10652_task-trust_run-2_echo-1_desc-preproc_bold.nii.gz	 mean tsnr: 11.857174 	 max tsnr: 100.122299
sub-10657_task-trust_run-1_space-MNI152NLin6Asym_desc-preproc_bold.nii.gz	 mean tsnr: 20.971401 	 max tsnr: 129.610229
sub-10663_task-trust_run-1_echo-4_desc-preproc_bold.nii.gz	 mean tsnr: 6.928786 	 max tsnr: 77.047729
sub-10691_task-trust_run-1_echo-1_desc-preproc_bold.nii.gz	 mean tsnr: 13.405015 	 max tsnr: 88.965736
sub-10700_task-trust_run-1_echo-1_desc-preproc_bold.nii.gz	 mean tsnr: 11.306629 	 max tsnr: 80.781448
sub-10674_task-trust_run-1_echo-3_desc-preproc_bold.nii.gz	 mean tsnr: 9.112408 	 max tsnr: 83.318604
sub-10638_task-trust_run-2_echo-3_desc-preproc_bold.nii.gz	 mean tsnr: 5.783074 	 max tsnr: 80.231995
sub-10642_task-trust_run-2_echo-1_desc-preproc_bold.nii.gz	 mean tsnr: 14.341487 	 max tsnr: 105.158203
sub-10661_task-trust_run-1_space-MNI152NLin6Asym_desc-preproc_bold.nii.gz	 mean tsnr: 26.718488 	 max tsnr: 134.733978
sub-10636_task-trust_run-2_space-MNI152NLin6Asym_desc-preproc_bold.nii.gz	 mean tsnr: 25.761393 	 max tsnr: 117.032761
sub-10656_task-trust_run-1_space-MNI152NLin6Asym_desc-preproc_bold.nii.gz	 mean tsnr: 26.576244 	 max tsnr: 121.551407
sub-10668_task-trust_run-1_space-MNI152NLin6Asym_desc-preproc_bold.nii.gz	 mean tsnr: 29.716066 	 max tsnr: 146.069000
sub-10647_task-trust_run-1_echo-4_desc-preproc_bold.nii.gz	 mean tsnr: 11.400999 	 max tsnr: 100.117004
sub-10649_task-trust_run-2_echo-1_desc-preproc_bold.nii.gz	 mean tsnr: 10.464700 	 max tsnr: 90.968651
sub-10673_task-trust_run-1_echo-4_desc-preproc_bold.nii.gz	 mean tsnr: 6.576307 	 max tsnr: 75.029579
sub-10644_task-trust_run-2_echo-1_desc-preproc_bold.nii.gz	 mean tsnr: 9.935944 	 max tsnr: 79.736008
sub-10685_task-trust_run-1_echo-2_desc-preproc_bold.nii.gz	 mean tsnr: 15.570934 	 max tsnr: 112.690971
sub-10640_task-trust_run-2_echo-4_desc-preproc_bold.nii.gz	 mean tsnr: 10.066879 	 max tsnr: 90.691574
sub-10663_task-trust_run-1_space-MNI152NLin6Asym_desc-preproc_bold.nii.gz	 mean tsnr: 30.149605 	 max tsnr: 130.773697
sub-10652_task-trust_run-2_echo-2_desc-preproc_bold.nii.gz	 mean tsnr: 9.678843 	 max tsnr: 93.902733
sub-10657_task-trust_run-2_echo-1_desc-preproc_bold.nii.gz	 mean tsnr: 10.313810 	 max tsnr: 81.457085
sub-10690_task-trust_run-1_echo-2_desc-preproc_bold.nii.gz	 mean tsnr: 13.431443 	 max tsnr: 106.574081
sub-10677_task-trust_run-1_echo-3_desc-preproc_bold.nii.gz	 mean tsnr: 6.209412 	 max tsnr: 66.131905
sub-10691_task-trust_run-1_echo-2_desc-preproc_bold.nii.gz	 mean tsnr: 10.959558 	 max tsnr: 77.128609
sub-10700_task-trust_run-1_echo-2_desc-preproc_bold.nii.gz	 mean tsnr: 8.777413 	 max tsnr: 76.024254
sub-10638_task-trust_run-2_echo-4_desc-preproc_bold.nii.gz	 mean tsnr: 4.766442 	 max tsnr: 80.158401
sub-10656_task-trust_run-2_echo-1_desc-preproc_bold.nii.gz	 mean tsnr: 12.623782 	 max tsnr: 63.903259
sub-10661_task-trust_run-2_echo-1_desc-preproc_bold.nii.gz	 mean tsnr: 11.423677 	 max tsnr: 80.971741
sub-10701_task-trust_run-1_echo-1_desc-preproc_bold.nii.gz	 mean tsnr: 12.411092 	 max tsnr: 74.078308
sub-10674_task-trust_run-1_echo-4_desc-preproc_bold.nii.gz	 mean tsnr: 7.338351 	 max tsnr: 78.234665
sub-10642_task-trust_run-2_echo-2_desc-preproc_bold.nii.gz	 mean tsnr: 10.785411 	 max tsnr: 88.456947
sub-10673_task-trust_run-1_space-MNI152NLin6Asym_desc-preproc_bold.nii.gz	 mean tsnr: 26.982756 	 max tsnr: 121.596252
sub-10647_task-trust_run-1_space-MNI152NLin6Asym_desc-preproc_bold.nii.gz	 mean tsnr: 49.115281 	 max tsnr: 219.139435
sub-10668_task-trust_run-2_echo-1_desc-preproc_bold.nii.gz	 mean tsnr: 15.938809 	 max tsnr: 134.362366
sub-10640_task-trust_run-2_space-MNI152NLin6Asym_desc-preproc_bold.nii.gz	 mean tsnr: 42.446716 	 max tsnr: 192.897507
sub-10657_task-trust_run-2_echo-2_desc-preproc_bold.nii.gz	 mean tsnr: 7.768296 	 max tsnr: 78.664856
sub-10649_task-trust_run-2_echo-2_desc-preproc_bold.nii.gz	 mean tsnr: 8.025242 	 max tsnr: 67.234146
sub-10644_task-trust_run-2_echo-2_desc-preproc_bold.nii.gz	 mean tsnr: 7.605467 	 max tsnr: 86.385391
sub-10685_task-trust_run-1_echo-3_desc-preproc_bold.nii.gz	 mean tsnr: 12.449037 	 max tsnr: 104.520798
sub-10638_task-trust_run-2_space-MNI152NLin6Asym_desc-preproc_bold.nii.gz	 mean tsnr: 27.651452 	 max tsnr: 143.199005
sub-10677_task-trust_run-1_echo-4_desc-preproc_bold.nii.gz	 mean tsnr: 4.953005 	 max tsnr: 68.046074
sub-10663_task-trust_run-2_echo-1_desc-preproc_bold.nii.gz	 mean tsnr: 12.483728 	 max tsnr: 89.032623
sub-10674_task-trust_run-1_space-MNI152NLin6Asym_desc-preproc_bold.nii.gz	 mean tsnr: 27.306387 	 max tsnr: 164.758545
sub-10690_task-trust_run-1_echo-3_desc-preproc_bold.nii.gz	 mean tsnr: 10.649324 	 max tsnr: 102.731606
sub-10652_task-trust_run-2_echo-3_desc-preproc_bold.nii.gz	 mean tsnr: 7.876631 	 max tsnr: 91.574730
sub-10700_task-trust_run-1_echo-3_desc-preproc_bold.nii.gz	 mean tsnr: 6.865541 	 max tsnr: 77.018097
sub-10691_task-trust_run-1_echo-3_desc-preproc_bold.nii.gz	 mean tsnr: 8.841856 	 max tsnr: 81.007240
sub-10656_task-trust_run-2_echo-2_desc-preproc_bold.nii.gz	 mean tsnr: 9.782245 	 max tsnr: 63.271770
sub-10701_task-trust_run-1_echo-2_desc-preproc_bold.nii.gz	 mean tsnr: 9.592971 	 max tsnr: 76.359093
sub-10661_task-trust_run-2_echo-2_desc-preproc_bold.nii.gz	 mean tsnr: 8.947288 	 max tsnr: 80.006317
sub-10713_task-trust_run-1_echo-1_desc-preproc_bold.nii.gz	 mean tsnr: 13.548260 	 max tsnr: 131.873260
sub-10647_task-trust_run-2_echo-1_desc-preproc_bold.nii.gz	 mean tsnr: 17.411626 	 max tsnr: 125.603668
sub-10673_task-trust_run-2_echo-1_desc-preproc_bold.nii.gz	 mean tsnr: 11.764936 	 max tsnr: 83.158043
sub-10642_task-trust_run-2_echo-3_desc-preproc_bold.nii.gz	 mean tsnr: 8.360289 	 max tsnr: 94.635513
sub-10677_task-trust_run-1_space-MNI152NLin6Asym_desc-preproc_bold.nii.gz	 mean tsnr: 25.360298 	 max tsnr: 115.123703
sub-10685_task-trust_run-1_echo-4_desc-preproc_bold.nii.gz	 mean tsnr: 9.829844 	 max tsnr: 115.490242
sub-10668_task-trust_run-2_echo-2_desc-preproc_bold.nii.gz	 mean tsnr: 11.982231 	 max tsnr: 107.673805
sub-10716_task-trust_run-1_echo-1_desc-preproc_bold.nii.gz	 mean tsnr: 18.253731 	 max tsnr: 126.092506
sub-10644_task-trust_run-2_echo-3_desc-preproc_bold.nii.gz	 mean tsnr: 5.971686 	 max tsnr: 83.107819
sub-10674_task-trust_run-2_echo-1_desc-preproc_bold.nii.gz	 mean tsnr: 11.472309 	 max tsnr: 90.842690
sub-10657_task-trust_run-2_echo-3_desc-preproc_bold.nii.gz	 mean tsnr: 6.047777 	 max tsnr: 75.536041
sub-10649_task-trust_run-2_echo-3_desc-preproc_bold.nii.gz	 mean tsnr: 6.275434 	 max tsnr: 64.770340
sub-10690_task-trust_run-1_echo-4_desc-preproc_bold.nii.gz	 mean tsnr: 8.373052 	 max tsnr: 86.032578
sub-10700_task-trust_run-1_echo-4_desc-preproc_bold.nii.gz	 mean tsnr: 5.423401 	 max tsnr: 72.118584
sub-10691_task-trust_run-1_echo-4_desc-preproc_bold.nii.gz	 mean tsnr: 7.076769 	 max tsnr: 74.025414
sub-10652_task-trust_run-2_echo-4_desc-preproc_bold.nii.gz	 mean tsnr: 6.322835 	 max tsnr: 96.283966
sub-10701_task-trust_run-1_echo-3_desc-preproc_bold.nii.gz	 mean tsnr: 7.621987 	 max tsnr: 74.743629
sub-10656_task-trust_run-2_echo-3_desc-preproc_bold.nii.gz	 mean tsnr: 7.894965 	 max tsnr: 63.704937
sub-10663_task-trust_run-2_echo-2_desc-preproc_bold.nii.gz	 mean tsnr: 10.334771 	 max tsnr: 75.824036
sub-10685_task-trust_run-1_space-MNI152NLin6Asym_desc-preproc_bold.nii.gz	 mean tsnr: 45.497880 	 max tsnr: 182.138077
sub-10713_task-trust_run-1_echo-2_desc-preproc_bold.nii.gz	 mean tsnr: 9.823139 	 max tsnr: 108.368515
sub-10661_task-trust_run-2_echo-3_desc-preproc_bold.nii.gz	 mean tsnr: 6.982816 	 max tsnr: 76.403221
sub-10642_task-trust_run-2_echo-4_desc-preproc_bold.nii.gz	 mean tsnr: 6.514946 	 max tsnr: 79.963158
sub-10647_task-trust_run-2_echo-2_desc-preproc_bold.nii.gz	 mean tsnr: 13.214673 	 max tsnr: 117.266342
sub-10677_task-trust_run-2_echo-1_desc-preproc_bold.nii.gz	 mean tsnr: 10.456945 	 max tsnr: 77.621933
sub-10673_task-trust_run-2_echo-2_desc-preproc_bold.nii.gz	 mean tsnr: 9.829932 	 max tsnr: 77.601891
sub-10690_task-trust_run-1_space-MNI152NLin6Asym_desc-preproc_bold.nii.gz	 mean tsnr: 40.527146 	 max tsnr: 188.217438
sub-10700_task-trust_run-1_space-MNI152NLin6Asym_desc-preproc_bold.nii.gz	 mean tsnr: 25.730521 	 max tsnr: 122.714081
sub-10716_task-trust_run-1_echo-2_desc-preproc_bold.nii.gz	 mean tsnr: 14.138308 	 max tsnr: 111.080360
sub-10691_task-trust_run-1_space-MNI152NLin6Asym_desc-preproc_bold.nii.gz	 mean tsnr: 28.892769 	 max tsnr: 126.921761
sub-10644_task-trust_run-2_echo-4_desc-preproc_bold.nii.gz	 mean tsnr: 4.780914 	 max tsnr: 79.835838
sub-10668_task-trust_run-2_echo-3_desc-preproc_bold.nii.gz	 mean tsnr: 9.230280 	 max tsnr: 99.045219
sub-10674_task-trust_run-2_echo-2_desc-preproc_bold.nii.gz	 mean tsnr: 8.581605 	 max tsnr: 75.056160
sub-10652_task-trust_run-2_space-MNI152NLin6Asym_desc-preproc_bold.nii.gz	 mean tsnr: 30.172140 	 max tsnr: 151.436249
sub-10701_task-trust_run-1_echo-4_desc-preproc_bold.nii.gz	 mean tsnr: 6.067701 	 max tsnr: 75.411156
sub-10649_task-trust_run-2_echo-4_desc-preproc_bold.nii.gz	 mean tsnr: 4.986776 	 max tsnr: 57.976730
sub-10657_task-trust_run-2_echo-4_desc-preproc_bold.nii.gz	 mean tsnr: 4.878477 	 max tsnr: 76.988922
sub-10685_task-trust_run-2_echo-1_desc-preproc_bold.nii.gz	 mean tsnr: 20.515410 	 max tsnr: 144.712433
sub-10713_task-trust_run-1_echo-3_desc-preproc_bold.nii.gz	 mean tsnr: 7.463309 	 max tsnr: 97.442818
sub-10642_task-trust_run-2_space-MNI152NLin6Asym_desc-preproc_bold.nii.gz	 mean tsnr: 38.315607 	 max tsnr: 148.592957
sub-10700_task-trust_run-2_echo-1_desc-preproc_bold.nii.gz	 mean tsnr: 11.137939 	 max tsnr: 72.430229
sub-10677_task-trust_run-2_echo-2_desc-preproc_bold.nii.gz	 mean tsnr: 8.235160 	 max tsnr: 74.364548
sub-10718_task-trust_run-1_echo-1_desc-preproc_bold.nii.gz	 mean tsnr: 13.949665 	 max tsnr: 134.849426
sub-10663_task-trust_run-2_echo-3_desc-preproc_bold.nii.gz	 mean tsnr: 8.228414 	 max tsnr: 74.028610
sub-10661_task-trust_run-2_echo-4_desc-preproc_bold.nii.gz	 mean tsnr: 5.533091 	 max tsnr: 72.341049
sub-10716_task-trust_run-1_echo-3_desc-preproc_bold.nii.gz	 mean tsnr: 11.175775 	 max tsnr: 101.273987
sub-10647_task-trust_run-2_echo-3_desc-preproc_bold.nii.gz	 mean tsnr: 10.316720 	 max tsnr: 82.104530
sub-10656_task-trust_run-2_echo-4_desc-preproc_bold.nii.gz	 mean tsnr: 6.349748 	 max tsnr: 67.489571
sub-10691_task-trust_run-2_echo-1_desc-preproc_bold.nii.gz	 mean tsnr: 12.382881 	 max tsnr: 99.306313
sub-10657_task-trust_run-2_space-MNI152NLin6Asym_desc-preproc_bold.nii.gz	 mean tsnr: 20.286762 	 max tsnr: 123.419884
sub-10701_task-trust_run-1_space-MNI152NLin6Asym_desc-preproc_bold.nii.gz	 mean tsnr: 27.192278 	 max tsnr: 135.897171
sub-10720_task-trust_run-1_echo-1_desc-preproc_bold.nii.gz	 mean tsnr: 17.788862 	 max tsnr: 138.555984
sub-10674_task-trust_run-2_echo-3_desc-preproc_bold.nii.gz	 mean tsnr: 6.697101 	 max tsnr: 71.994370
sub-10723_task-trust_run-1_echo-1_desc-preproc_bold.nii.gz	 mean tsnr: 11.784475 	 max tsnr: 82.725395
sub-10685_task-trust_run-2_echo-2_desc-preproc_bold.nii.gz	 mean tsnr: 16.235973 	 max tsnr: 113.365265
sub-10713_task-trust_run-1_echo-4_desc-preproc_bold.nii.gz	 mean tsnr: 5.839829 	 max tsnr: 100.522018
sub-10644_task-trust_run-2_space-MNI152NLin6Asym_desc-preproc_bold.nii.gz	 mean tsnr: 23.063719 	 max tsnr: 119.844902
sub-10649_task-trust_run-2_space-MNI152NLin6Asym_desc-preproc_bold.nii.gz	 mean tsnr: 25.221936 	 max tsnr: 106.261711
sub-10677_task-trust_run-2_echo-3_desc-preproc_bold.nii.gz	 mean tsnr: 6.449908 	 max tsnr: 73.530945
sub-10668_task-trust_run-2_echo-4_desc-preproc_bold.nii.gz	 mean tsnr: 7.129420 	 max tsnr: 102.588402
sub-10700_task-trust_run-2_echo-2_desc-preproc_bold.nii.gz	 mean tsnr: 8.651133 	 max tsnr: 72.158363
sub-10718_task-trust_run-1_echo-2_desc-preproc_bold.nii.gz	 mean tsnr: 10.049124 	 max tsnr: 103.949120
sub-10716_task-trust_run-1_echo-4_desc-preproc_bold.nii.gz	 mean tsnr: 8.828059 	 max tsnr: 101.014137
sub-10741_task-trust_run-1_echo-1_desc-preproc_bold.nii.gz	 mean tsnr: 9.984894 	 max tsnr: 62.947945
sub-10691_task-trust_run-2_echo-2_desc-preproc_bold.nii.gz	 mean tsnr: 9.798575 	 max tsnr: 85.129982
sub-10701_task-trust_run-2_echo-1_desc-preproc_bold.nii.gz	 mean tsnr: 12.795055 	 max tsnr: 76.405495
sub-10673_task-trust_run-2_echo-3_desc-preproc_bold.nii.gz	 mean tsnr: 7.955696 	 max tsnr: 73.035637
sub-10668_task-trust_run-2_space-MNI152NLin6Asym_desc-preproc_bold.nii.gz	 mean tsnr: 39.705509 	 max tsnr: 171.237030
sub-10713_task-trust_run-1_space-MNI152NLin6Asym_desc-preproc_bold.nii.gz	 mean tsnr: 33.349153 	 max tsnr: 208.021027
sub-10674_task-trust_run-2_echo-4_desc-preproc_bold.nii.gz	 mean tsnr: 5.339282 	 max tsnr: 74.397621
sub-10720_task-trust_run-1_echo-2_desc-preproc_bold.nii.gz	 mean tsnr: 13.707998 	 max tsnr: 112.609657
sub-10723_task-trust_run-1_echo-2_desc-preproc_bold.nii.gz	 mean tsnr: 9.016594 	 max tsnr: 83.239105
sub-10685_task-trust_run-2_echo-3_desc-preproc_bold.nii.gz	 mean tsnr: 13.054867 	 max tsnr: 109.712494
sub-10748_task-trust_run-1_echo-1_desc-preproc_bold.nii.gz	 mean tsnr: 16.258818 	 max tsnr: 119.317207
sub-10767_task-trust_run-1_echo-1_desc-preproc_bold.nii.gz	 mean tsnr: 15.458359 	 max tsnr: 142.268997
sub-10716_task-trust_run-1_space-MNI152NLin6Asym_desc-preproc_bold.nii.gz	 mean tsnr: 39.249008 	 max tsnr: 185.570068
sub-10677_task-trust_run-2_echo-4_desc-preproc_bold.nii.gz	 mean tsnr: 5.138755 	 max tsnr: 70.102646
sub-10647_task-trust_run-2_echo-4_desc-preproc_bold.nii.gz	 mean tsnr: 8.147800 	 max tsnr: 75.794167
sub-10718_task-trust_run-1_echo-3_desc-preproc_bold.nii.gz	 mean tsnr: 7.667439 	 max tsnr: 89.314690
sub-10701_task-trust_run-2_echo-2_desc-preproc_bold.nii.gz	 mean tsnr: 9.968280 	 max tsnr: 71.840004
sub-10700_task-trust_run-2_echo-3_desc-preproc_bold.nii.gz	 mean tsnr: 6.761480 	 max tsnr: 74.491859
sub-10741_task-trust_run-1_echo-2_desc-preproc_bold.nii.gz	 mean tsnr: 7.664138 	 max tsnr: 55.558632
sub-10656_task-trust_run-2_space-MNI152NLin6Asym_desc-preproc_bold.nii.gz	 mean tsnr: 26.294989 	 max tsnr: 113.336021
sub-10770_task-trust_run-1_echo-1_desc-preproc_bold.nii.gz	 mean tsnr: 14.336898 	 max tsnr: 119.788811
sub-10661_task-trust_run-2_space-MNI152NLin6Asym_desc-preproc_bold.nii.gz	 mean tsnr: 24.721953 	 max tsnr: 122.058838
sub-10691_task-trust_run-2_echo-3_desc-preproc_bold.nii.gz	 mean tsnr: 7.759375 	 max tsnr: 85.878067
sub-10713_task-trust_run-2_echo-1_desc-preproc_bold.nii.gz	 mean tsnr: 14.083770 	 max tsnr: 126.746902
sub-10720_task-trust_run-1_echo-3_desc-preproc_bold.nii.gz	 mean tsnr: 10.858231 	 max tsnr: 93.426971
sub-10663_task-trust_run-2_echo-4_desc-preproc_bold.nii.gz	 mean tsnr: 6.509136 	 max tsnr: 70.582726
sub-10723_task-trust_run-1_echo-3_desc-preproc_bold.nii.gz	 mean tsnr: 7.095875 	 max tsnr: 84.496468
sub-10748_task-trust_run-1_echo-2_desc-preproc_bold.nii.gz	 mean tsnr: 12.077716 	 max tsnr: 101.778427
sub-10767_task-trust_run-1_echo-2_desc-preproc_bold.nii.gz	 mean tsnr: 11.110712 	 max tsnr: 101.099007
sub-10685_task-trust_run-2_echo-4_desc-preproc_bold.nii.gz	 mean tsnr: 10.335767 	 max tsnr: 101.785164
sub-10677_task-trust_run-2_space-MNI152NLin6Asym_desc-preproc_bold.nii.gz	 mean tsnr: 25.911356 	 max tsnr: 111.065582
sub-10716_task-trust_run-2_echo-1_desc-preproc_bold.nii.gz	 mean tsnr: 20.017491 	 max tsnr: 139.256332
sub-10674_task-trust_run-2_space-MNI152NLin6Asym_desc-preproc_bold.nii.gz	 mean tsnr: 24.834372 	 max tsnr: 144.507141
sub-10701_task-trust_run-2_echo-3_desc-preproc_bold.nii.gz	 mean tsnr: 7.971629 	 max tsnr: 71.895119
sub-10718_task-trust_run-1_echo-4_desc-preproc_bold.nii.gz	 mean tsnr: 5.990563 	 max tsnr: 72.284416
sub-10700_task-trust_run-2_echo-4_desc-preproc_bold.nii.gz	 mean tsnr: 5.350975 	 max tsnr: 78.547836
sub-10647_task-trust_run-2_space-MNI152NLin6Asym_desc-preproc_bold.nii.gz	 mean tsnr: 35.045297 	 max tsnr: 174.838394
sub-10741_task-trust_run-1_echo-3_desc-preproc_bold.nii.gz	 mean tsnr: 5.989295 	 max tsnr: 61.487267
sub-10777_task-trust_run-1_echo-1_desc-preproc_bold.nii.gz	 mean tsnr: 19.137950 	 max tsnr: 163.206100
sub-10770_task-trust_run-1_echo-2_desc-preproc_bold.nii.gz	 mean tsnr: 10.715996 	 max tsnr: 93.175911
sub-10673_task-trust_run-2_echo-4_desc-preproc_bold.nii.gz	 mean tsnr: 6.400797 	 max tsnr: 67.987068
sub-10781_task-trust_run-1_echo-1_desc-preproc_bold.nii.gz	 mean tsnr: 19.379570 	 max tsnr: 165.662796
sub-10685_task-trust_run-2_space-MNI152NLin6Asym_desc-preproc_bold.nii.gz	 mean tsnr: 47.274282 	 max tsnr: 178.739853
sub-10691_task-trust_run-2_echo-4_desc-preproc_bold.nii.gz	 mean tsnr: 6.194514 	 max tsnr: 75.946327
sub-10720_task-trust_run-1_echo-4_desc-preproc_bold.nii.gz	 mean tsnr: 8.615566 	 max tsnr: 95.081070
sub-10723_task-trust_run-1_echo-4_desc-preproc_bold.nii.gz	 mean tsnr: 5.697296 	 max tsnr: 83.868996
sub-10713_task-trust_run-2_echo-2_desc-preproc_bold.nii.gz	 mean tsnr: 10.460878 	 max tsnr: 108.654953
sub-10716_task-trust_run-2_echo-2_desc-preproc_bold.nii.gz	 mean tsnr: 15.932174 	 max tsnr: 113.044693
sub-10718_task-trust_run-1_space-MNI152NLin6Asym_desc-preproc_bold.nii.gz	 mean tsnr: 35.412009 	 max tsnr: 163.427994
sub-10783_task-trust_run-1_echo-1_desc-preproc_bold.nii.gz	 mean tsnr: 16.831909 	 max tsnr: 119.221542
sub-10701_task-trust_run-2_echo-4_desc-preproc_bold.nii.gz	 mean tsnr: 6.352386 	 max tsnr: 71.701599
sub-10767_task-trust_run-1_echo-3_desc-preproc_bold.nii.gz	 mean tsnr: 8.331005 	 max tsnr: 89.935677
sub-10700_task-trust_run-2_space-MNI152NLin6Asym_desc-preproc_bold.nii.gz	 mean tsnr: 24.268460 	 max tsnr: 116.276711
sub-10794_task-trust_run-1_echo-1_desc-preproc_bold.nii.gz	 mean tsnr: 20.005376 	 max tsnr: 158.882187
sub-10741_task-trust_run-1_echo-4_desc-preproc_bold.nii.gz	 mean tsnr: 4.745326 	 max tsnr: 59.420574
sub-10785_task-trust_run-1_echo-1_desc-preproc_bold.nii.gz	 mean tsnr: 14.209705 	 max tsnr: 144.073181
sub-10691_task-trust_run-2_space-MNI152NLin6Asym_desc-preproc_bold.nii.gz	 mean tsnr: 27.619100 	 max tsnr: 127.368622
sub-10777_task-trust_run-1_echo-2_desc-preproc_bold.nii.gz	 mean tsnr: 15.457898 	 max tsnr: 120.336319
sub-10723_task-trust_run-1_space-MNI152NLin6Asym_desc-preproc_bold.nii.gz	 mean tsnr: 25.934128 	 max tsnr: 138.879593
sub-10800_task-trust_run-1_echo-1_desc-preproc_bold.nii.gz	 mean tsnr: 16.885891 	 max tsnr: 118.368126
sub-10770_task-trust_run-1_echo-3_desc-preproc_bold.nii.gz	 mean tsnr: 8.198070 	 max tsnr: 78.687195
sub-10781_task-trust_run-1_echo-2_desc-preproc_bold.nii.gz	 mean tsnr: 14.724581 	 max tsnr: 131.556946
sub-10720_task-trust_run-1_space-MNI152NLin6Asym_desc-preproc_bold.nii.gz	 mean tsnr: 45.923769 	 max tsnr: 200.533508
sub-10748_task-trust_run-1_echo-3_desc-preproc_bold.nii.gz	 mean tsnr: 9.392924 	 max tsnr: 100.408714
sub-10716_task-trust_run-2_echo-3_desc-preproc_bold.nii.gz	 mean tsnr: 12.849126 	 max tsnr: 104.847450
sub-10741_task-trust_run-1_space-MNI152NLin6Asym_desc-preproc_bold.nii.gz	 mean tsnr: 22.905039 	 max tsnr: 85.252678
sub-10713_task-trust_run-2_echo-3_desc-preproc_bold.nii.gz	 mean tsnr: 8.086647 	 max tsnr: 102.433662
sub-10701_task-trust_run-2_space-MNI152NLin6Asym_desc-preproc_bold.nii.gz	 mean tsnr: 26.528870 	 max tsnr: 124.741714
sub-10718_task-trust_run-2_echo-1_desc-preproc_bold.nii.gz	 mean tsnr: 13.811291 	 max tsnr: 125.158249
sub-10783_task-trust_run-1_echo-2_desc-preproc_bold.nii.gz	 mean tsnr: 13.841148 	 max tsnr: 97.265213
sub-10801_task-trust_run-1_echo-1_desc-preproc_bold.nii.gz	 mean tsnr: 13.403321 	 max tsnr: 140.029343
sub-10767_task-trust_run-1_echo-4_desc-preproc_bold.nii.gz	 mean tsnr: 6.387347 	 max tsnr: 89.216576
sub-10794_task-trust_run-1_echo-2_desc-preproc_bold.nii.gz	 mean tsnr: 14.525826 	 max tsnr: 111.677559
sub-10802_task-trust_run-1_echo-1_desc-preproc_bold.nii.gz	 mean tsnr: 16.172123 	 max tsnr: 138.073181
sub-10663_task-trust_run-2_space-MNI152NLin6Asym_desc-preproc_bold.nii.gz	 mean tsnr: 28.804042 	 max tsnr: 143.408951
sub-10800_task-trust_run-1_echo-2_desc-preproc_bold.nii.gz	 mean tsnr: 13.498833 	 max tsnr: 105.731285
sub-10777_task-trust_run-1_echo-3_desc-preproc_bold.nii.gz	 mean tsnr: 12.281443 	 max tsnr: 108.515457
sub-10723_task-trust_run-2_echo-1_desc-preproc_bold.nii.gz	 mean tsnr: 12.595514 	 max tsnr: 81.206963
sub-10770_task-trust_run-1_echo-4_desc-preproc_bold.nii.gz	 mean tsnr: 6.375597 	 max tsnr: 88.736115
sub-10785_task-trust_run-1_echo-2_desc-preproc_bold.nii.gz	 mean tsnr: 10.728887 	 max tsnr: 113.488396
sub-10716_task-trust_run-2_echo-4_desc-preproc_bold.nii.gz	 mean tsnr: 10.268523 	 max tsnr: 104.760223
sub-10741_task-trust_run-2_echo-1_desc-preproc_bold.nii.gz	 mean tsnr: 7.920025 	 max tsnr: 51.873196
sub-10720_task-trust_run-2_echo-1_desc-preproc_bold.nii.gz	 mean tsnr: 18.126645 	 max tsnr: 131.930664
sub-10767_task-trust_run-1_space-MNI152NLin6Asym_desc-preproc_bold.nii.gz	 mean tsnr: 33.575325 	 max tsnr: 167.492996
sub-10781_task-trust_run-1_echo-3_desc-preproc_bold.nii.gz	 mean tsnr: 11.443634 	 max tsnr: 105.959534
sub-10801_task-trust_run-1_echo-2_desc-preproc_bold.nii.gz	 mean tsnr: 9.636015 	 max tsnr: 111.913231
sub-10673_task-trust_run-2_space-MNI152NLin6Asym_desc-preproc_bold.nii.gz	 mean tsnr: 26.726645 	 max tsnr: 133.786072
sub-10803_task-trust_run-1_echo-1_desc-preproc_bold.nii.gz	 mean tsnr: 18.866143 	 max tsnr: 135.924683
sub-10718_task-trust_run-2_echo-2_desc-preproc_bold.nii.gz	 mean tsnr: 10.011154 	 max tsnr: 101.241386
sub-10794_task-trust_run-1_echo-3_desc-preproc_bold.nii.gz	 mean tsnr: 11.610882 	 max tsnr: 102.929008
sub-10783_task-trust_run-1_echo-3_desc-preproc_bold.nii.gz	 mean tsnr: 11.206310 	 max tsnr: 96.494820
sub-10713_task-trust_run-2_echo-4_desc-preproc_bold.nii.gz	 mean tsnr: 6.402284 	 max tsnr: 97.877197
sub-10800_task-trust_run-1_echo-3_desc-preproc_bold.nii.gz	 mean tsnr: 10.530504 	 max tsnr: 94.052361
sub-10770_task-trust_run-1_space-MNI152NLin6Asym_desc-preproc_bold.nii.gz	 mean tsnr: 33.067133 	 max tsnr: 152.898544
sub-10804_task-trust_run-1_echo-1_desc-preproc_bold.nii.gz	 mean tsnr: 19.842513 	 max tsnr: 138.085968
sub-10802_task-trust_run-1_echo-2_desc-preproc_bold.nii.gz	 mean tsnr: 12.303125 	 max tsnr: 111.510048
sub-10777_task-trust_run-1_echo-4_desc-preproc_bold.nii.gz	 mean tsnr: 9.599857 	 max tsnr: 104.932709
sub-10723_task-trust_run-2_echo-2_desc-preproc_bold.nii.gz	 mean tsnr: 9.825592 	 max tsnr: 86.846481
sub-10716_task-trust_run-2_space-MNI152NLin6Asym_desc-preproc_bold.nii.gz	 mean tsnr: 44.166670 	 max tsnr: 184.446838
sub-10785_task-trust_run-1_echo-3_desc-preproc_bold.nii.gz	 mean tsnr: 8.206184 	 max tsnr: 89.186340
sub-10720_task-trust_run-2_echo-2_desc-preproc_bold.nii.gz	 mean tsnr: 14.062646 	 max tsnr: 118.931137
sub-10748_task-trust_run-1_echo-4_desc-preproc_bold.nii.gz	 mean tsnr: 7.364663 	 max tsnr: 92.221832
sub-10803_task-trust_run-1_echo-2_desc-preproc_bold.nii.gz	 mean tsnr: 15.111303 	 max tsnr: 104.142899
sub-10713_task-trust_run-2_space-MNI152NLin6Asym_desc-preproc_bold.nii.gz	 mean tsnr: 35.210618 	 max tsnr: 173.801468
sub-10741_task-trust_run-2_echo-2_desc-preproc_bold.nii.gz	 mean tsnr: 5.954329 	 max tsnr: 43.976284
sub-10806_task-trust_run-1_echo-1_desc-preproc_bold.nii.gz	 mean tsnr: 16.737617 	 max tsnr: 125.338921
sub-10801_task-trust_run-1_echo-3_desc-preproc_bold.nii.gz	 mean tsnr: 7.283079 	 max tsnr: 93.828461
sub-10718_task-trust_run-2_echo-3_desc-preproc_bold.nii.gz	 mean tsnr: 7.642775 	 max tsnr: 81.527824
sub-10767_task-trust_run-2_echo-1_desc-preproc_bold.nii.gz	 mean tsnr: 15.514133 	 max tsnr: 130.830612
sub-10781_task-trust_run-1_echo-4_desc-preproc_bold.nii.gz	 mean tsnr: 8.909274 	 max tsnr: 106.347839
sub-10777_task-trust_run-1_space-MNI152NLin6Asym_desc-preproc_bold.nii.gz	 mean tsnr: 42.419560 	 max tsnr: 238.936691
sub-10800_task-trust_run-1_echo-4_desc-preproc_bold.nii.gz	 mean tsnr: 8.317557 	 max tsnr: 94.212257
sub-10794_task-trust_run-1_echo-4_desc-preproc_bold.nii.gz	 mean tsnr: 9.114275 	 max tsnr: 95.227730
sub-10802_task-trust_run-1_echo-3_desc-preproc_bold.nii.gz	 mean tsnr: 9.636057 	 max tsnr: 113.119064
sub-10804_task-trust_run-1_echo-2_desc-preproc_bold.nii.gz	 mean tsnr: 15.494380 	 max tsnr: 101.980179
sub-10723_task-trust_run-2_echo-3_desc-preproc_bold.nii.gz	 mean tsnr: 7.805972 	 max tsnr: 81.112465
sub-10770_task-trust_run-2_echo-1_desc-preproc_bold.nii.gz	 mean tsnr: 14.110391 	 max tsnr: 112.076637
sub-10807_task-trust_run-1_echo-1_desc-preproc_bold.nii.gz	 mean tsnr: 12.778790 	 max tsnr: 87.998978
sub-10720_task-trust_run-2_echo-3_desc-preproc_bold.nii.gz	 mean tsnr: 11.188964 	 max tsnr: 92.530869
sub-10748_task-trust_run-1_space-MNI152NLin6Asym_desc-preproc_bold.nii.gz	 mean tsnr: 41.781918 	 max tsnr: 152.297043
sub-10783_task-trust_run-1_echo-4_desc-preproc_bold.nii.gz	 mean tsnr: 8.999872 	 max tsnr: 95.879776
sub-10785_task-trust_run-1_echo-4_desc-preproc_bold.nii.gz	 mean tsnr: 6.373533 	 max tsnr: 87.893997
sub-10809_task-trust_run-1_echo-1_desc-preproc_bold.nii.gz	 mean tsnr: 19.827014 	 max tsnr: 142.741913
sub-10803_task-trust_run-1_echo-3_desc-preproc_bold.nii.gz	 mean tsnr: 11.984705 	 max tsnr: 95.300232
sub-10741_task-trust_run-2_echo-3_desc-preproc_bold.nii.gz	 mean tsnr: 4.683490 	 max tsnr: 40.475132
sub-10806_task-trust_run-1_echo-2_desc-preproc_bold.nii.gz	 mean tsnr: 11.749920 	 max tsnr: 102.492409
sub-10781_task-trust_run-1_space-MNI152NLin6Asym_desc-preproc_bold.nii.gz	 mean tsnr: 41.466693 	 max tsnr: 197.699020
sub-10794_task-trust_run-1_space-MNI152NLin6Asym_desc-preproc_bold.nii.gz	 mean tsnr: 45.595401 	 max tsnr: 184.916016
sub-10718_task-trust_run-2_echo-4_desc-preproc_bold.nii.gz	 mean tsnr: 5.989254 	 max tsnr: 76.327484
sub-10801_task-trust_run-1_echo-4_desc-preproc_bold.nii.gz	 mean tsnr: 5.687328 	 max tsnr: 93.905563
sub-10800_task-trust_run-1_space-MNI152NLin6Asym_desc-preproc_bold.nii.gz	 mean tsnr: 43.505516 	 max tsnr: 177.597122
sub-10767_task-trust_run-2_echo-2_desc-preproc_bold.nii.gz	 mean tsnr: 11.251290 	 max tsnr: 106.192490
sub-10810_task-trust_run-1_echo-1_desc-preproc_bold.nii.gz	 mean tsnr: 14.986049 	 max tsnr: 110.391190
sub-10804_task-trust_run-1_echo-3_desc-preproc_bold.nii.gz	 mean tsnr: 12.363568 	 max tsnr: 96.433418
sub-10802_task-trust_run-1_echo-4_desc-preproc_bold.nii.gz	 mean tsnr: 7.577596 	 max tsnr: 93.907600
sub-10783_task-trust_run-1_space-MNI152NLin6Asym_desc-preproc_bold.nii.gz	 mean tsnr: 38.698250 	 max tsnr: 163.849350
sub-10723_task-trust_run-2_echo-4_desc-preproc_bold.nii.gz	 mean tsnr: 6.260800 	 max tsnr: 83.301056
sub-10770_task-trust_run-2_echo-2_desc-preproc_bold.nii.gz	 mean tsnr: 10.511902 	 max tsnr: 90.474152
sub-10748_task-trust_run-2_echo-1_desc-preproc_bold.nii.gz	 mean tsnr: 17.726469 	 max tsnr: 113.326935
sub-10720_task-trust_run-2_echo-4_desc-preproc_bold.nii.gz	 mean tsnr: 8.930754 	 max tsnr: 85.586472
sub-10807_task-trust_run-1_echo-2_desc-preproc_bold.nii.gz	 mean tsnr: 9.381666 	 max tsnr: 78.821388
sub-10803_task-trust_run-1_echo-4_desc-preproc_bold.nii.gz	 mean tsnr: 9.450979 	 max tsnr: 82.471802
sub-10785_task-trust_run-1_space-MNI152NLin6Asym_desc-preproc_bold.nii.gz	 mean tsnr: 35.551866 	 max tsnr: 200.768448
sub-10718_task-trust_run-2_space-MNI152NLin6Asym_desc-preproc_bold.nii.gz	 mean tsnr: 31.629485 	 max tsnr: 162.893692
sub-10801_task-trust_run-1_space-MNI152NLin6Asym_desc-preproc_bold.nii.gz	 mean tsnr: 40.770706 	 max tsnr: 191.002365
sub-10809_task-trust_run-1_echo-2_desc-preproc_bold.nii.gz	 mean tsnr: 15.484235 	 max tsnr: 103.381615
sub-10741_task-trust_run-2_echo-4_desc-preproc_bold.nii.gz	 mean tsnr: 3.812248 	 max tsnr: 36.790287
sub-10806_task-trust_run-1_echo-3_desc-preproc_bold.nii.gz	 mean tsnr: 8.767624 	 max tsnr: 98.394348
sub-10800_task-trust_run-2_echo-1_desc-preproc_bold.nii.gz	 mean tsnr: 12.693428 	 max tsnr: 101.064468
sub-10802_task-trust_run-1_space-MNI152NLin6Asym_desc-preproc_bold.nii.gz	 mean tsnr: 38.323618 	 max tsnr: 197.766983
sub-10781_task-trust_run-2_echo-1_desc-preproc_bold.nii.gz	 mean tsnr: 18.871457 	 max tsnr: 161.422516
sub-10794_task-trust_run-2_echo-1_desc-preproc_bold.nii.gz	 mean tsnr: 17.855496 	 max tsnr: 145.208588
sub-10723_task-trust_run-2_space-MNI152NLin6Asym_desc-preproc_bold.nii.gz	 mean tsnr: 26.201026 	 max tsnr: 139.104950
sub-10767_task-trust_run-2_echo-3_desc-preproc_bold.nii.gz	 mean tsnr: 8.470344 	 max tsnr: 99.358490
sub-10804_task-trust_run-1_echo-4_desc-preproc_bold.nii.gz	 mean tsnr: 9.890255 	 max tsnr: 87.978493
sub-10720_task-trust_run-2_space-MNI152NLin6Asym_desc-preproc_bold.nii.gz	 mean tsnr: 47.638289 	 max tsnr: 221.582230
sub-10803_task-trust_run-1_space-MNI152NLin6Asym_desc-preproc_bold.nii.gz	 mean tsnr: 46.666641 	 max tsnr: 180.480377
sub-10783_task-trust_run-2_echo-1_desc-preproc_bold.nii.gz	 mean tsnr: 16.808528 	 max tsnr: 122.238365
sub-10770_task-trust_run-2_echo-3_desc-preproc_bold.nii.gz	 mean tsnr: 8.007438 	 max tsnr: 79.011978
sub-10807_task-trust_run-1_echo-3_desc-preproc_bold.nii.gz	 mean tsnr: 7.309876 	 max tsnr: 69.038597
sub-10748_task-trust_run-2_echo-2_desc-preproc_bold.nii.gz	 mean tsnr: 13.594932 	 max tsnr: 107.452782
sub-10741_task-trust_run-2_space-MNI152NLin6Asym_desc-preproc_bold.nii.gz	 mean tsnr: 18.365414 	 max tsnr: 74.915710
sub-10785_task-trust_run-2_echo-1_desc-preproc_bold.nii.gz	 mean tsnr: 13.751773 	 max tsnr: 143.798874
sub-10801_task-trust_run-2_echo-1_desc-preproc_bold.nii.gz	 mean tsnr: 13.251369 	 max tsnr: 133.553665
sub-10812_task-trust_run-1_echo-1_desc-preproc_bold.nii.gz	 mean tsnr: 11.181575 	 max tsnr: 98.649918
sub-10806_task-trust_run-1_echo-4_desc-preproc_bold.nii.gz	 mean tsnr: 6.783251 	 max tsnr: 96.269875
sub-10802_task-trust_run-2_echo-1_desc-preproc_bold.nii.gz	 mean tsnr: 14.637191 	 max tsnr: 139.232559
sub-10809_task-trust_run-1_echo-3_desc-preproc_bold.nii.gz	 mean tsnr: 12.292683 	 max tsnr: 97.670288
sub-10804_task-trust_run-1_space-MNI152NLin6Asym_desc-preproc_bold.nii.gz	 mean tsnr: 45.812964 	 max tsnr: 161.684540
sub-10800_task-trust_run-2_echo-2_desc-preproc_bold.nii.gz	 mean tsnr: 9.406470 	 max tsnr: 85.484009
sub-10781_task-trust_run-2_echo-2_desc-preproc_bold.nii.gz	 mean tsnr: 14.215490 	 max tsnr: 124.510147
sub-10817_task-trust_run-1_echo-1_desc-preproc_bold.nii.gz	 mean tsnr: 12.177187 	 max tsnr: 107.325874
sub-10794_task-trust_run-2_echo-2_desc-preproc_bold.nii.gz	 mean tsnr: 12.770562 	 max tsnr: 111.723717
sub-10767_task-trust_run-2_echo-4_desc-preproc_bold.nii.gz	 mean tsnr: 6.492921 	 max tsnr: 99.738251
sub-10783_task-trust_run-2_echo-2_desc-preproc_bold.nii.gz	 mean tsnr: 13.741156 	 max tsnr: 105.156120
sub-10770_task-trust_run-2_echo-4_desc-preproc_bold.nii.gz	 mean tsnr: 6.205962 	 max tsnr: 76.203285
sub-10807_task-trust_run-1_echo-4_desc-preproc_bold.nii.gz	 mean tsnr: 5.770338 	 max tsnr: 71.185280
sub-10801_task-trust_run-2_echo-2_desc-preproc_bold.nii.gz	 mean tsnr: 9.613419 	 max tsnr: 101.265396
sub-10834_task-trust_run-1_echo-1_desc-preproc_bold.nii.gz	 mean tsnr: 18.434099 	 max tsnr: 119.878799
sub-10785_task-trust_run-2_echo-2_desc-preproc_bold.nii.gz	 mean tsnr: 10.062206 	 max tsnr: 109.201813
sub-10806_task-trust_run-1_space-MNI152NLin6Asym_desc-preproc_bold.nii.gz	 mean tsnr: 36.553293 	 max tsnr: 159.054291
sub-10804_task-trust_run-2_echo-1_desc-preproc_bold.nii.gz	 mean tsnr: 18.896103 	 max tsnr: 127.199509
sub-10802_task-trust_run-2_echo-2_desc-preproc_bold.nii.gz	 mean tsnr: 10.739221 	 max tsnr: 99.944298
sub-10767_task-trust_run-2_space-MNI152NLin6Asym_desc-preproc_bold.nii.gz	 mean tsnr: 37.145365 	 max tsnr: 165.860428
sub-10800_task-trust_run-2_echo-3_desc-preproc_bold.nii.gz	 mean tsnr: 7.078381 	 max tsnr: 66.894463
sub-10781_task-trust_run-2_echo-3_desc-preproc_bold.nii.gz	 mean tsnr: 10.985106 	 max tsnr: 106.962166
sub-10812_task-trust_run-1_echo-2_desc-preproc_bold.nii.gz	 mean tsnr: 8.007589 	 max tsnr: 81.664185
sub-10809_task-trust_run-1_echo-4_desc-preproc_bold.nii.gz	 mean tsnr: 9.784747 	 max tsnr: 89.724327
sub-10810_task-trust_run-1_echo-2_desc-preproc_bold.nii.gz	 mean tsnr: 11.326856 	 max tsnr: 83.991180
sub-10770_task-trust_run-2_space-MNI152NLin6Asym_desc-preproc_bold.nii.gz	 mean tsnr: 31.729801 	 max tsnr: 140.415009
sub-10794_task-trust_run-2_echo-3_desc-preproc_bold.nii.gz	 mean tsnr: 9.904751 	 max tsnr: 114.255989
sub-10807_task-trust_run-1_space-MNI152NLin6Asym_desc-preproc_bold.nii.gz	 mean tsnr: 26.645706 	 max tsnr: 121.949272
sub-10748_task-trust_run-2_echo-3_desc-preproc_bold.nii.gz	 mean tsnr: 10.837229 	 max tsnr: 88.628563
sub-10817_task-trust_run-1_echo-2_desc-preproc_bold.nii.gz	 mean tsnr: 8.795689 	 max tsnr: 82.880867
sub-10783_task-trust_run-2_echo-3_desc-preproc_bold.nii.gz	 mean tsnr: 11.126710 	 max tsnr: 101.009727
sub-10785_task-trust_run-2_echo-3_desc-preproc_bold.nii.gz	 mean tsnr: 7.618872 	 max tsnr: 112.719414
sub-10801_task-trust_run-2_echo-3_desc-preproc_bold.nii.gz	 mean tsnr: 7.327068 	 max tsnr: 84.067307
sub-10806_task-trust_run-2_echo-1_desc-preproc_bold.nii.gz	 mean tsnr: 16.419408 	 max tsnr: 126.146301
sub-10834_task-trust_run-1_echo-2_desc-preproc_bold.nii.gz	 mean tsnr: 13.711229 	 max tsnr: 107.469292
sub-10802_task-trust_run-2_echo-3_desc-preproc_bold.nii.gz	 mean tsnr: 8.260890 	 max tsnr: 97.874641
sub-10800_task-trust_run-2_echo-4_desc-preproc_bold.nii.gz	 mean tsnr: 5.541777 	 max tsnr: 59.507793
sub-10838_task-trust_run-1_echo-1_desc-preproc_bold.nii.gz	 mean tsnr: 12.517508 	 max tsnr: 100.294609
sub-10809_task-trust_run-1_space-MNI152NLin6Asym_desc-preproc_bold.nii.gz	 mean tsnr: 42.328918 	 max tsnr: 179.797104
sub-10812_task-trust_run-1_echo-3_desc-preproc_bold.nii.gz	 mean tsnr: 6.087154 	 max tsnr: 70.762794
sub-10781_task-trust_run-2_echo-4_desc-preproc_bold.nii.gz	 mean tsnr: 8.514406 	 max tsnr: 106.510612
sub-10843_task-trust_run-1_echo-1_desc-preproc_bold.nii.gz	 mean tsnr: 17.768298 	 max tsnr: 159.674469
sub-10810_task-trust_run-1_echo-3_desc-preproc_bold.nii.gz	 mean tsnr: 8.766580 	 max tsnr: 81.619492
sub-10794_task-trust_run-2_echo-4_desc-preproc_bold.nii.gz	 mean tsnr: 7.667524 	 max tsnr: 88.106331
sub-10831_task-trust_run-1_echo-1_desc-preproc_bold.nii.gz	 mean tsnr: 15.417488 	 max tsnr: 128.579391
sub-10807_task-trust_run-2_echo-1_desc-preproc_bold.nii.gz	 mean tsnr: 13.083141 	 max tsnr: 93.856529
sub-10748_task-trust_run-2_echo-4_desc-preproc_bold.nii.gz	 mean tsnr: 8.648095 	 max tsnr: 96.158775
sub-10785_task-trust_run-2_echo-4_desc-preproc_bold.nii.gz	 mean tsnr: 5.901836 	 max tsnr: 92.085876
sub-10817_task-trust_run-1_echo-3_desc-preproc_bold.nii.gz	 mean tsnr: 6.694742 	 max tsnr: 61.994404
sub-10827_task-trust_run-1_echo-1_desc-preproc_bold.nii.gz	 mean tsnr: 17.763797 	 max tsnr: 114.940361
sub-10801_task-trust_run-2_echo-4_desc-preproc_bold.nii.gz	 mean tsnr: 5.734949 	 max tsnr: 88.789154
sub-10800_task-trust_run-2_space-MNI152NLin6Asym_desc-preproc_bold.nii.gz	 mean tsnr: 29.106854 	 max tsnr: 131.868820
sub-10804_task-trust_run-2_echo-2_desc-preproc_bold.nii.gz	 mean tsnr: 14.636226 	 max tsnr: 98.610817
sub-10806_task-trust_run-2_echo-2_desc-preproc_bold.nii.gz	 mean tsnr: 11.365036 	 max tsnr: 101.485374
sub-10783_task-trust_run-2_echo-4_desc-preproc_bold.nii.gz	 mean tsnr: 8.933364 	 max tsnr: 99.061279
sub-10781_task-trust_run-2_space-MNI152NLin6Asym_desc-preproc_bold.nii.gz	 mean tsnr: 41.071946 	 max tsnr: 187.633774
sub-10802_task-trust_run-2_echo-4_desc-preproc_bold.nii.gz	 mean tsnr: 6.469075 	 max tsnr: 89.967804
sub-10812_task-trust_run-1_echo-4_desc-preproc_bold.nii.gz	 mean tsnr: 4.825627 	 max tsnr: 72.247154
sub-10794_task-trust_run-2_space-MNI152NLin6Asym_desc-preproc_bold.nii.gz	 mean tsnr: 40.888933 	 max tsnr: 177.152740
sub-10838_task-trust_run-1_echo-2_desc-preproc_bold.nii.gz	 mean tsnr: 8.945445 	 max tsnr: 76.106674
sub-10834_task-trust_run-1_echo-3_desc-preproc_bold.nii.gz	 mean tsnr: 10.526011 	 max tsnr: 107.275948
sub-10809_task-trust_run-2_echo-1_desc-preproc_bold.nii.gz	 mean tsnr: 18.547258 	 max tsnr: 137.298691
sub-10810_task-trust_run-1_echo-4_desc-preproc_bold.nii.gz	 mean tsnr: 6.937588 	 max tsnr: 82.379639
sub-10843_task-trust_run-1_echo-2_desc-preproc_bold.nii.gz	 mean tsnr: 13.299127 	 max tsnr: 113.653625
sub-10785_task-trust_run-2_space-MNI152NLin6Asym_desc-preproc_bold.nii.gz	 mean tsnr: 38.046994 	 max tsnr: 198.663544
sub-10807_task-trust_run-2_echo-2_desc-preproc_bold.nii.gz	 mean tsnr: 9.587811 	 max tsnr: 72.644569
sub-10801_task-trust_run-2_space-MNI152NLin6Asym_desc-preproc_bold.nii.gz	 mean tsnr: 34.381109 	 max tsnr: 172.658997
sub-10748_task-trust_run-2_space-MNI152NLin6Asym_desc-preproc_bold.nii.gz	 mean tsnr: 43.226476 	 max tsnr: 179.082596
sub-10817_task-trust_run-1_echo-4_desc-preproc_bold.nii.gz	 mean tsnr: 5.277069 	 max tsnr: 51.175152
sub-10783_task-trust_run-2_space-MNI152NLin6Asym_desc-preproc_bold.nii.gz	 mean tsnr: 37.662749 	 max tsnr: 173.507904
sub-10827_task-trust_run-1_echo-2_desc-preproc_bold.nii.gz	 mean tsnr: 13.892611 	 max tsnr: 94.938042
sub-10802_task-trust_run-2_space-MNI152NLin6Asym_desc-preproc_bold.nii.gz	 mean tsnr: 34.077956 	 max tsnr: 164.884827
sub-10804_task-trust_run-2_echo-3_desc-preproc_bold.nii.gz	 mean tsnr: 11.602641 	 max tsnr: 91.628822
sub-10806_task-trust_run-2_echo-3_desc-preproc_bold.nii.gz	 mean tsnr: 8.425406 	 max tsnr: 83.797935
sub-10850_task-trust_run-1_echo-1_desc-preproc_bold.nii.gz	 mean tsnr: 20.959581 	 max tsnr: 165.759430
sub-10812_task-trust_run-1_space-MNI152NLin6Asym_desc-preproc_bold.nii.gz	 mean tsnr: 25.345993 	 max tsnr: 132.001984
sub-10810_task-trust_run-1_space-MNI152NLin6Asym_desc-preproc_bold.nii.gz	 mean tsnr: 34.296575 	 max tsnr: 132.227097
sub-10838_task-trust_run-1_echo-3_desc-preproc_bold.nii.gz	 mean tsnr: 6.790560 	 max tsnr: 59.794014
sub-10857_task-trust_run-1_echo-1_desc-preproc_bold.nii.gz	 mean tsnr: 15.292905 	 max tsnr: 110.760704
sub-10843_task-trust_run-1_echo-3_desc-preproc_bold.nii.gz	 mean tsnr: 10.564335 	 max tsnr: 107.932823
sub-10834_task-trust_run-1_echo-4_desc-preproc_bold.nii.gz	 mean tsnr: 8.161283 	 max tsnr: 112.509018
sub-10854_task-trust_run-1_echo-1_desc-preproc_bold.nii.gz	 mean tsnr: 14.262977 	 max tsnr: 116.812721
sub-10809_task-trust_run-2_echo-2_desc-preproc_bold.nii.gz	 mean tsnr: 14.277863 	 max tsnr: 115.081329
sub-10817_task-trust_run-1_space-MNI152NLin6Asym_desc-preproc_bold.nii.gz	 mean tsnr: 28.402062 	 max tsnr: 132.473709
sub-10860_task-trust_run-1_echo-1_desc-preproc_bold.nii.gz	 mean tsnr: 17.656826 	 max tsnr: 128.628738
sub-10807_task-trust_run-2_echo-3_desc-preproc_bold.nii.gz	 mean tsnr: 7.484065 	 max tsnr: 65.559273
sub-10831_task-trust_run-1_echo-2_desc-preproc_bold.nii.gz	 mean tsnr: 11.580882 	 max tsnr: 98.374245
sub-10863_task-trust_run-1_echo-1_desc-preproc_bold.nii.gz	 mean tsnr: 18.413797 	 max tsnr: 148.466248
sub-10866_task-trust_run-1_echo-1_desc-preproc_bold.nii.gz	 mean tsnr: 16.039670 	 max tsnr: 144.523727
sub-10862_task-trust_run-1_echo-1_desc-preproc_bold.nii.gz	 mean tsnr: 15.468398 	 max tsnr: 137.373169
sub-10827_task-trust_run-1_echo-3_desc-preproc_bold.nii.gz	 mean tsnr: 11.284157 	 max tsnr: 78.590897
sub-10806_task-trust_run-2_echo-4_desc-preproc_bold.nii.gz	 mean tsnr: 6.494906 	 max tsnr: 79.445084
sub-10804_task-trust_run-2_echo-4_desc-preproc_bold.nii.gz	 mean tsnr: 9.212697 	 max tsnr: 83.987885
sub-10850_task-trust_run-1_echo-2_desc-preproc_bold.nii.gz	 mean tsnr: 15.407296 	 max tsnr: 120.363800
sub-10812_task-trust_run-2_echo-1_desc-preproc_bold.nii.gz	 mean tsnr: 12.985998 	 max tsnr: 113.805244
sub-10834_task-trust_run-1_space-MNI152NLin6Asym_desc-preproc_bold.nii.gz	 mean tsnr: 34.243514 	 max tsnr: 155.594254
sub-10843_task-trust_run-1_echo-4_desc-preproc_bold.nii.gz	 mean tsnr: 8.404523 	 max tsnr: 103.790436
sub-10838_task-trust_run-1_echo-4_desc-preproc_bold.nii.gz	 mean tsnr: 5.339563 	 max tsnr: 48.867279
sub-10854_task-trust_run-1_echo-2_desc-preproc_bold.nii.gz	 mean tsnr: 11.417300 	 max tsnr: 95.469032
sub-10857_task-trust_run-1_echo-2_desc-preproc_bold.nii.gz	 mean tsnr: 11.193486 	 max tsnr: 86.221527
sub-10809_task-trust_run-2_echo-3_desc-preproc_bold.nii.gz	 mean tsnr: 11.162713 	 max tsnr: 100.789574
sub-10858_task-trust_run-1_echo-1_desc-preproc_bold.nii.gz	 mean tsnr: 14.632113 	 max tsnr: 122.014496
sub-10860_task-trust_run-1_echo-2_desc-preproc_bold.nii.gz	 mean tsnr: 12.666645 	 max tsnr: 101.796242
sub-10807_task-trust_run-2_echo-4_desc-preproc_bold.nii.gz	 mean tsnr: 5.906764 	 max tsnr: 65.273338
sub-10806_task-trust_run-2_space-MNI152NLin6Asym_desc-preproc_bold.nii.gz	 mean tsnr: 35.378085 	 max tsnr: 154.156189
sub-10866_task-trust_run-1_echo-2_desc-preproc_bold.nii.gz	 mean tsnr: 11.786103 	 max tsnr: 115.025917
sub-10862_task-trust_run-1_echo-2_desc-preproc_bold.nii.gz	 mean tsnr: 10.965013 	 max tsnr: 104.237648
sub-10804_task-trust_run-2_space-MNI152NLin6Asym_desc-preproc_bold.nii.gz	 mean tsnr: 42.397901 	 max tsnr: 164.267197
sub-10834_task-trust_run-2_echo-1_desc-preproc_bold.nii.gz	 mean tsnr: 20.351250 	 max tsnr: 158.556534
sub-10843_task-trust_run-1_space-MNI152NLin6Asym_desc-preproc_bold.nii.gz	 mean tsnr: 44.421166 	 max tsnr: 199.824753
sub-10827_task-trust_run-1_echo-4_desc-preproc_bold.nii.gz	 mean tsnr: 9.042304 	 max tsnr: 60.996735
sub-10850_task-trust_run-1_echo-3_desc-preproc_bold.nii.gz	 mean tsnr: 11.876279 	 max tsnr: 112.189049
sub-10812_task-trust_run-2_echo-2_desc-preproc_bold.nii.gz	 mean tsnr: 9.486637 	 max tsnr: 111.394722
sub-10838_task-trust_run-1_space-MNI152NLin6Asym_desc-preproc_bold.nii.gz	 mean tsnr: 25.427558 	 max tsnr: 122.852142
sub-10807_task-trust_run-2_space-MNI152NLin6Asym_desc-preproc_bold.nii.gz	 mean tsnr: 26.300140 	 max tsnr: 122.352890
sub-10854_task-trust_run-1_echo-3_desc-preproc_bold.nii.gz	 mean tsnr: 9.239086 	 max tsnr: 91.112564
sub-10810_task-trust_run-2_echo-1_desc-preproc_bold.nii.gz	 mean tsnr: 15.399720 	 max tsnr: 107.544144
sub-10809_task-trust_run-2_echo-4_desc-preproc_bold.nii.gz	 mean tsnr: 8.853785 	 max tsnr: 95.222542
sub-10860_task-trust_run-1_echo-3_desc-preproc_bold.nii.gz	 mean tsnr: 9.747260 	 max tsnr: 83.947540
sub-10857_task-trust_run-1_echo-3_desc-preproc_bold.nii.gz	 mean tsnr: 8.569793 	 max tsnr: 68.716469
sub-10866_task-trust_run-1_echo-3_desc-preproc_bold.nii.gz	 mean tsnr: 9.134634 	 max tsnr: 107.137596
sub-10831_task-trust_run-1_echo-3_desc-preproc_bold.nii.gz	 mean tsnr: 9.031442 	 max tsnr: 81.553879
sub-10862_task-trust_run-1_echo-3_desc-preproc_bold.nii.gz	 mean tsnr: 8.327126 	 max tsnr: 95.805313
sub-10812_task-trust_run-2_echo-3_desc-preproc_bold.nii.gz	 mean tsnr: 7.303470 	 max tsnr: 96.279221
sub-10838_task-trust_run-2_echo-1_desc-preproc_bold.nii.gz	 mean tsnr: 9.873906 	 max tsnr: 65.790031
sub-10843_task-trust_run-2_echo-1_desc-preproc_bold.nii.gz	 mean tsnr: 16.744170 	 max tsnr: 162.627792
sub-10834_task-trust_run-2_echo-2_desc-preproc_bold.nii.gz	 mean tsnr: 14.791936 	 max tsnr: 123.722862
sub-10809_task-trust_run-2_space-MNI152NLin6Asym_desc-preproc_bold.nii.gz	 mean tsnr: 38.649535 	 max tsnr: 168.873093
sub-10850_task-trust_run-1_echo-4_desc-preproc_bold.nii.gz	 mean tsnr: 9.273032 	 max tsnr: 100.949677
sub-10817_task-trust_run-2_echo-1_desc-preproc_bold.nii.gz	 mean tsnr: 14.603718 	 max tsnr: 147.329559
sub-10875_task-trust_run-1_echo-1_desc-preproc_bold.nii.gz	 mean tsnr: 18.823457 	 max tsnr: 155.120255
sub-10854_task-trust_run-1_echo-4_desc-preproc_bold.nii.gz	 mean tsnr: 7.388654 	 max tsnr: 84.736000
sub-10858_task-trust_run-1_echo-2_desc-preproc_bold.nii.gz	 mean tsnr: 10.434871 	 max tsnr: 110.884148
sub-10810_task-trust_run-2_echo-2_desc-preproc_bold.nii.gz	 mean tsnr: 11.786010 	 max tsnr: 85.292015
sub-10860_task-trust_run-1_echo-4_desc-preproc_bold.nii.gz	 mean tsnr: 7.534592 	 max tsnr: 79.243111
sub-10857_task-trust_run-1_echo-4_desc-preproc_bold.nii.gz	 mean tsnr: 6.699678 	 max tsnr: 69.280144
sub-10863_task-trust_run-1_echo-2_desc-preproc_bold.nii.gz	 mean tsnr: 13.585533 	 max tsnr: 110.886192
sub-10866_task-trust_run-1_echo-4_desc-preproc_bold.nii.gz	 mean tsnr: 7.294266 	 max tsnr: 103.618073
sub-10827_task-trust_run-1_space-MNI152NLin6Asym_desc-preproc_bold.nii.gz	 mean tsnr: 38.623666 	 max tsnr: 166.383667
sub-10812_task-trust_run-2_echo-4_desc-preproc_bold.nii.gz	 mean tsnr: 5.764908 	 max tsnr: 86.777611
sub-10838_task-trust_run-2_echo-2_desc-preproc_bold.nii.gz	 mean tsnr: 7.524414 	 max tsnr: 51.897427
sub-10862_task-trust_run-1_echo-4_desc-preproc_bold.nii.gz	 mean tsnr: 6.502595 	 max tsnr: 89.714409
sub-10834_task-trust_run-2_echo-3_desc-preproc_bold.nii.gz	 mean tsnr: 11.270661 	 max tsnr: 125.319252
sub-10843_task-trust_run-2_echo-2_desc-preproc_bold.nii.gz	 mean tsnr: 12.081271 	 max tsnr: 111.297394
sub-10850_task-trust_run-1_space-MNI152NLin6Asym_desc-preproc_bold.nii.gz	 mean tsnr: 45.196129 	 max tsnr: 210.354919
sub-10881_task-trust_run-1_echo-1_desc-preproc_bold.nii.gz	 mean tsnr: 10.368188 	 max tsnr: 81.565239
sub-10854_task-trust_run-1_space-MNI152NLin6Asym_desc-preproc_bold.nii.gz	 mean tsnr: 39.859207 	 max tsnr: 156.139023
sub-10860_task-trust_run-1_space-MNI152NLin6Asym_desc-preproc_bold.nii.gz	 mean tsnr: 35.960283 	 max tsnr: 165.159698
sub-10887_task-trust_run-1_echo-1_desc-preproc_bold.nii.gz	 mean tsnr: 14.430730 	 max tsnr: 146.258209
sub-10857_task-trust_run-1_space-MNI152NLin6Asym_desc-preproc_bold.nii.gz	 mean tsnr: 31.078601 	 max tsnr: 144.099030
sub-10831_task-trust_run-1_echo-4_desc-preproc_bold.nii.gz	 mean tsnr: 7.122507 	 max tsnr: 76.605171
sub-10866_task-trust_run-1_space-MNI152NLin6Asym_desc-preproc_bold.nii.gz	 mean tsnr: 35.759110 	 max tsnr: 223.343536
sub-10810_task-trust_run-2_echo-3_desc-preproc_bold.nii.gz	 mean tsnr: 9.153831 	 max tsnr: 84.605232
sub-10812_task-trust_run-2_space-MNI152NLin6Asym_desc-preproc_bold.nii.gz	 mean tsnr: 32.861829 	 max tsnr: 158.817825
sub-10862_task-trust_run-1_space-MNI152NLin6Asym_desc-preproc_bold.nii.gz	 mean tsnr: 35.204162 	 max tsnr: 170.193390
sub-10858_task-trust_run-1_echo-3_desc-preproc_bold.nii.gz	 mean tsnr: 7.852017 	 max tsnr: 89.609215
sub-10827_task-trust_run-2_echo-1_desc-preproc_bold.nii.gz	 mean tsnr: 17.525644 	 max tsnr: 113.319565
sub-10838_task-trust_run-2_echo-3_desc-preproc_bold.nii.gz	 mean tsnr: 5.916572 	 max tsnr: 40.320297
sub-10843_task-trust_run-2_echo-3_desc-preproc_bold.nii.gz	 mean tsnr: 9.253182 	 max tsnr: 107.957283
sub-10834_task-trust_run-2_echo-4_desc-preproc_bold.nii.gz	 mean tsnr: 8.771161 	 max tsnr: 121.575012
sub-10854_task-trust_run-2_echo-1_desc-preproc_bold.nii.gz	 mean tsnr: 15.046312 	 max tsnr: 111.276291
sub-10875_task-trust_run-1_echo-2_desc-preproc_bold.nii.gz	 mean tsnr: 13.849262 	 max tsnr: 114.457275
sub-10860_task-trust_run-2_echo-1_desc-preproc_bold.nii.gz	 mean tsnr: 16.369463 	 max tsnr: 116.494148
sub-10850_task-trust_run-2_echo-1_desc-preproc_bold.nii.gz	 mean tsnr: 23.083353 	 max tsnr: 165.311905
sub-10857_task-trust_run-2_echo-1_desc-preproc_bold.nii.gz	 mean tsnr: 13.160008 	 max tsnr: 95.245155
sub-10817_task-trust_run-2_echo-2_desc-preproc_bold.nii.gz	 mean tsnr: 10.352018 	 max tsnr: 99.202240
sub-10896_task-trust_run-1_echo-1_desc-preproc_bold.nii.gz	 mean tsnr: 18.417961 	 max tsnr: 111.254616
sub-10810_task-trust_run-2_echo-4_desc-preproc_bold.nii.gz	 mean tsnr: 7.256314 	 max tsnr: 83.507996
sub-10831_task-trust_run-1_space-MNI152NLin6Asym_desc-preproc_bold.nii.gz	 mean tsnr: 36.481929 	 max tsnr: 176.340057
sub-10866_task-trust_run-2_echo-1_desc-preproc_bold.nii.gz	 mean tsnr: 16.958978 	 max tsnr: 145.870056
sub-10863_task-trust_run-1_echo-3_desc-preproc_bold.nii.gz	 mean tsnr: 10.477016 	 max tsnr: 111.446915
sub-10898_task-trust_run-1_echo-1_desc-preproc_bold.nii.gz	 mean tsnr: 12.443963 	 max tsnr: 110.387695
sub-10862_task-trust_run-2_echo-1_desc-preproc_bold.nii.gz	 mean tsnr: 15.345492 	 max tsnr: 129.210648
sub-10834_task-trust_run-2_space-MNI152NLin6Asym_desc-preproc_bold.nii.gz	 mean tsnr: 41.507708 	 max tsnr: 194.100586
sub-10887_task-trust_run-1_echo-2_desc-preproc_bold.nii.gz	 mean tsnr: 10.061037 	 max tsnr: 108.714737
sub-10881_task-trust_run-1_echo-2_desc-preproc_bold.nii.gz	 mean tsnr: 7.471936 	 max tsnr: 65.904076
sub-10843_task-trust_run-2_echo-4_desc-preproc_bold.nii.gz	 mean tsnr: 7.220631 	 max tsnr: 89.152328
sub-10838_task-trust_run-2_echo-4_desc-preproc_bold.nii.gz	 mean tsnr: 4.760177 	 max tsnr: 31.878428
sub-10854_task-trust_run-2_echo-2_desc-preproc_bold.nii.gz	 mean tsnr: 12.243895 	 max tsnr: 90.109413
sub-10858_task-trust_run-1_echo-4_desc-preproc_bold.nii.gz	 mean tsnr: 6.107935 	 max tsnr: 90.502182
sub-10810_task-trust_run-2_space-MNI152NLin6Asym_desc-preproc_bold.nii.gz	 mean tsnr: 33.513693 	 max tsnr: 133.940063
sub-10860_task-trust_run-2_echo-2_desc-preproc_bold.nii.gz	 mean tsnr: 11.351578 	 max tsnr: 86.820488
sub-10827_task-trust_run-2_echo-2_desc-preproc_bold.nii.gz	 mean tsnr: 13.708145 	 max tsnr: 91.567268
sub-10850_task-trust_run-2_echo-2_desc-preproc_bold.nii.gz	 mean tsnr: 17.244684 	 max tsnr: 131.722153
sub-10857_task-trust_run-2_echo-2_desc-preproc_bold.nii.gz	 mean tsnr: 9.544060 	 max tsnr: 78.980545
sub-10896_task-trust_run-1_echo-2_desc-preproc_bold.nii.gz	 mean tsnr: 14.693588 	 max tsnr: 98.952080
sub-10866_task-trust_run-2_echo-2_desc-preproc_bold.nii.gz	 mean tsnr: 13.145894 	 max tsnr: 114.125404
sub-10831_task-trust_run-2_echo-1_desc-preproc_bold.nii.gz	 mean tsnr: 15.277428 	 max tsnr: 138.842697
sub-10862_task-trust_run-2_echo-2_desc-preproc_bold.nii.gz	 mean tsnr: 10.910776 	 max tsnr: 101.856430
sub-10838_task-trust_run-2_space-MNI152NLin6Asym_desc-preproc_bold.nii.gz	 mean tsnr: 17.319151 	 max tsnr: 81.506401
sub-10898_task-trust_run-1_echo-2_desc-preproc_bold.nii.gz	 mean tsnr: 9.430768 	 max tsnr: 96.830414
sub-10843_task-trust_run-2_space-MNI152NLin6Asym_desc-preproc_bold.nii.gz	 mean tsnr: 42.444817 	 max tsnr: 184.162094
sub-10817_task-trust_run-2_echo-3_desc-preproc_bold.nii.gz	 mean tsnr: 7.799288 	 max tsnr: 77.942200
sub-10863_task-trust_run-1_echo-4_desc-preproc_bold.nii.gz	 mean tsnr: 8.107227 	 max tsnr: 92.263985
sub-10875_task-trust_run-1_echo-3_desc-preproc_bold.nii.gz	 mean tsnr: 10.791320 	 max tsnr: 113.975418
sub-10854_task-trust_run-2_echo-3_desc-preproc_bold.nii.gz	 mean tsnr: 10.148010 	 max tsnr: 93.430946
sub-10887_task-trust_run-1_echo-3_desc-preproc_bold.nii.gz	 mean tsnr: 7.474539 	 max tsnr: 78.487068
sub-10850_task-trust_run-2_echo-3_desc-preproc_bold.nii.gz	 mean tsnr: 13.518511 	 max tsnr: 120.197281
sub-10827_task-trust_run-2_echo-3_desc-preproc_bold.nii.gz	 mean tsnr: 11.110245 	 max tsnr: 71.315514
sub-10860_task-trust_run-2_echo-3_desc-preproc_bold.nii.gz	 mean tsnr: 8.557193 	 max tsnr: 81.544281
sub-10858_task-trust_run-1_space-MNI152NLin6Asym_desc-preproc_bold.nii.gz	 mean tsnr: 29.016496 	 max tsnr: 156.820862
sub-10908_task-trust_run-1_echo-1_desc-preproc_bold.nii.gz	 mean tsnr: 11.142957 	 max tsnr: 108.781479
sub-10857_task-trust_run-2_echo-3_desc-preproc_bold.nii.gz	 mean tsnr: 7.230088 	 max tsnr: 56.985233
sub-10896_task-trust_run-1_echo-3_desc-preproc_bold.nii.gz	 mean tsnr: 11.721818 	 max tsnr: 97.849434
sub-10881_task-trust_run-1_echo-3_desc-preproc_bold.nii.gz	 mean tsnr: 5.692845 	 max tsnr: 55.298389
sub-10866_task-trust_run-2_echo-3_desc-preproc_bold.nii.gz	 mean tsnr: 10.477571 	 max tsnr: 117.583504
sub-10918_task-trust_run-1_echo-1_desc-preproc_bold.nii.gz	 mean tsnr: 15.998228 	 max tsnr: 162.069199
sub-10862_task-trust_run-2_echo-3_desc-preproc_bold.nii.gz	 mean tsnr: 8.233441 	 max tsnr: 103.431503
sub-10863_task-trust_run-1_space-MNI152NLin6Asym_desc-preproc_bold.nii.gz	 mean tsnr: 40.259318 	 max tsnr: 198.744934
sub-10898_task-trust_run-1_echo-3_desc-preproc_bold.nii.gz	 mean tsnr: 7.386511 	 max tsnr: 91.749115
sub-10831_task-trust_run-2_echo-2_desc-preproc_bold.nii.gz	 mean tsnr: 11.434230 	 max tsnr: 102.818031
sub-10940_task-trust_run-1_echo-1_desc-preproc_bold.nii.gz	 mean tsnr: 19.682218 	 max tsnr: 128.114655
sub-10817_task-trust_run-2_echo-4_desc-preproc_bold.nii.gz	 mean tsnr: 6.091924 	 max tsnr: 64.485619
sub-10854_task-trust_run-2_echo-4_desc-preproc_bold.nii.gz	 mean tsnr: 8.206108 	 max tsnr: 88.469391
sub-10930_task-trust_run-1_echo-1_desc-preproc_bold.nii.gz	 mean tsnr: 15.527116 	 max tsnr: 151.274673
sub-10875_task-trust_run-1_echo-4_desc-preproc_bold.nii.gz	 mean tsnr: 8.457278 	 max tsnr: 107.167076
sub-10860_task-trust_run-2_echo-4_desc-preproc_bold.nii.gz	 mean tsnr: 6.596943 	 max tsnr: 79.631149
sub-10827_task-trust_run-2_echo-4_desc-preproc_bold.nii.gz	 mean tsnr: 8.924299 	 max tsnr: 62.644577
sub-10850_task-trust_run-2_echo-4_desc-preproc_bold.nii.gz	 mean tsnr: 10.602830 	 max tsnr: 110.726456
sub-10887_task-trust_run-1_echo-4_desc-preproc_bold.nii.gz	 mean tsnr: 5.760211 	 max tsnr: 66.743820
sub-10857_task-trust_run-2_echo-4_desc-preproc_bold.nii.gz	 mean tsnr: 5.682930 	 max tsnr: 49.905106
sub-10858_task-trust_run-2_echo-1_desc-preproc_bold.nii.gz	 mean tsnr: 17.440328 	 max tsnr: 131.918549
sub-10908_task-trust_run-1_echo-2_desc-preproc_bold.nii.gz	 mean tsnr: 8.023410 	 max tsnr: 87.536377
sub-10866_task-trust_run-2_echo-4_desc-preproc_bold.nii.gz	 mean tsnr: 8.402917 	 max tsnr: 118.117912
sub-10918_task-trust_run-1_echo-2_desc-preproc_bold.nii.gz	 mean tsnr: 11.673978 	 max tsnr: 125.670708
sub-10896_task-trust_run-1_echo-4_desc-preproc_bold.nii.gz	 mean tsnr: 9.280671 	 max tsnr: 94.717392
sub-10862_task-trust_run-2_echo-4_desc-preproc_bold.nii.gz	 mean tsnr: 6.373869 	 max tsnr: 96.239227
sub-10881_task-trust_run-1_echo-4_desc-preproc_bold.nii.gz	 mean tsnr: 4.551510 	 max tsnr: 53.950871
sub-10831_task-trust_run-2_echo-3_desc-preproc_bold.nii.gz	 mean tsnr: 8.899579 	 max tsnr: 83.333252
sub-10940_task-trust_run-1_echo-2_desc-preproc_bold.nii.gz	 mean tsnr: 15.136203 	 max tsnr: 101.358856
sub-10854_task-trust_run-2_space-MNI152NLin6Asym_desc-preproc_bold.nii.gz	 mean tsnr: 38.347815 	 max tsnr: 150.494156
sub-10863_task-trust_run-2_echo-1_desc-preproc_bold.nii.gz	 mean tsnr: 20.284639 	 max tsnr: 154.157394
sub-10817_task-trust_run-2_space-MNI152NLin6Asym_desc-preproc_bold.nii.gz	 mean tsnr: 36.219781 	 max tsnr: 169.751816
sub-10875_task-trust_run-1_space-MNI152NLin6Asym_desc-preproc_bold.nii.gz	 mean tsnr: 39.967129 	 max tsnr: 192.770844
sub-10898_task-trust_run-1_echo-4_desc-preproc_bold.nii.gz	 mean tsnr: 5.867496 	 max tsnr: 78.582962
sub-10860_task-trust_run-2_space-MNI152NLin6Asym_desc-preproc_bold.nii.gz	 mean tsnr: 33.665931 	 max tsnr: 147.999802
sub-10887_task-trust_run-1_space-MNI152NLin6Asym_desc-preproc_bold.nii.gz	 mean tsnr: 32.310056 	 max tsnr: 155.379150
sub-10857_task-trust_run-2_space-MNI152NLin6Asym_desc-preproc_bold.nii.gz	 mean tsnr: 25.059041 	 max tsnr: 122.537354
sub-10827_task-trust_run-2_space-MNI152NLin6Asym_desc-preproc_bold.nii.gz	 mean tsnr: 38.199694 	 max tsnr: 156.193848
sub-10930_task-trust_run-1_echo-2_desc-preproc_bold.nii.gz	 mean tsnr: 11.931848 	 max tsnr: 108.873314
sub-10850_task-trust_run-2_space-MNI152NLin6Asym_desc-preproc_bold.nii.gz	 mean tsnr: 49.975248 	 max tsnr: 223.401947
sub-10866_task-trust_run-2_space-MNI152NLin6Asym_desc-preproc_bold.nii.gz	 mean tsnr: 37.908584 	 max tsnr: 219.809357
sub-10862_task-trust_run-2_space-MNI152NLin6Asym_desc-preproc_bold.nii.gz	 mean tsnr: 34.583119 	 max tsnr: 170.203033
sub-10858_task-trust_run-2_echo-2_desc-preproc_bold.nii.gz	 mean tsnr: 13.096734 	 max tsnr: 110.548058
sub-10918_task-trust_run-1_echo-3_desc-preproc_bold.nii.gz	 mean tsnr: 8.766525 	 max tsnr: 104.984177
sub-10881_task-trust_run-1_space-MNI152NLin6Asym_desc-preproc_bold.nii.gz	 mean tsnr: 22.017647 	 max tsnr: 115.734650
sub-10908_task-trust_run-1_echo-3_desc-preproc_bold.nii.gz	 mean tsnr: 6.132416 	 max tsnr: 77.630188
sub-10896_task-trust_run-1_space-MNI152NLin6Asym_desc-preproc_bold.nii.gz	 mean tsnr: 39.166333 	 max tsnr: 141.928040
sub-10898_task-trust_run-1_space-MNI152NLin6Asym_desc-preproc_bold.nii.gz	 mean tsnr: 32.646673 	 max tsnr: 137.518265
sub-10831_task-trust_run-2_echo-4_desc-preproc_bold.nii.gz	 mean tsnr: 6.990237 	 max tsnr: 80.504692
sub-10940_task-trust_run-1_echo-3_desc-preproc_bold.nii.gz	 mean tsnr: 11.781180 	 max tsnr: 94.930206
sub-10875_task-trust_run-2_echo-1_desc-preproc_bold.nii.gz	 mean tsnr: 19.955860 	 max tsnr: 156.270584
sub-10887_task-trust_run-2_echo-1_desc-preproc_bold.nii.gz	 mean tsnr: 12.164321 	 max tsnr: 116.793777
sub-10863_task-trust_run-2_echo-2_desc-preproc_bold.nii.gz	 mean tsnr: 15.296231 	 max tsnr: 117.922737
sub-10930_task-trust_run-1_echo-3_desc-preproc_bold.nii.gz	 mean tsnr: 9.227452 	 max tsnr: 88.226906
sub-10858_task-trust_run-2_echo-3_desc-preproc_bold.nii.gz	 mean tsnr: 10.192375 	 max tsnr: 112.509010
sub-10918_task-trust_run-1_echo-4_desc-preproc_bold.nii.gz	 mean tsnr: 6.778531 	 max tsnr: 98.911049
sub-10831_task-trust_run-2_space-MNI152NLin6Asym_desc-preproc_bold.nii.gz	 mean tsnr: 37.100254 	 max tsnr: 181.753036
sub-10908_task-trust_run-1_echo-4_desc-preproc_bold.nii.gz	 mean tsnr: 4.859623 	 max tsnr: 89.829811
sub-10896_task-trust_run-2_echo-1_desc-preproc_bold.nii.gz	 mean tsnr: 18.634693 	 max tsnr: 118.834061
sub-10898_task-trust_run-2_echo-1_desc-preproc_bold.nii.gz	 mean tsnr: 12.022190 	 max tsnr: 109.917259
sub-10940_task-trust_run-1_echo-4_desc-preproc_bold.nii.gz	 mean tsnr: 9.322520 	 max tsnr: 96.734634
sub-10875_task-trust_run-2_echo-2_desc-preproc_bold.nii.gz	 mean tsnr: 15.146427 	 max tsnr: 123.719551
sub-10930_task-trust_run-1_echo-4_desc-preproc_bold.nii.gz	 mean tsnr: 7.155739 	 max tsnr: 70.100090
sub-10918_task-trust_run-1_space-MNI152NLin6Asym_desc-preproc_bold.nii.gz	 mean tsnr: 35.753407 	 max tsnr: 208.352066
sub-10887_task-trust_run-2_echo-2_desc-preproc_bold.nii.gz	 mean tsnr: 8.473419 	 max tsnr: 91.280396
sub-10858_task-trust_run-2_echo-4_desc-preproc_bold.nii.gz	 mean tsnr: 8.005109 	 max tsnr: 95.704796
sub-10863_task-trust_run-2_echo-3_desc-preproc_bold.nii.gz	 mean tsnr: 11.940351 	 max tsnr: 102.712616
sub-10908_task-trust_run-1_space-MNI152NLin6Asym_desc-preproc_bold.nii.gz	 mean tsnr: 25.702093 	 max tsnr: 146.803055
sub-10898_task-trust_run-2_echo-2_desc-preproc_bold.nii.gz	 mean tsnr: 8.951699 	 max tsnr: 91.488884
sub-10896_task-trust_run-2_echo-2_desc-preproc_bold.nii.gz	 mean tsnr: 14.848928 	 max tsnr: 110.670692
sub-10940_task-trust_run-1_space-MNI152NLin6Asym_desc-preproc_bold.nii.gz	 mean tsnr: 39.847473 	 max tsnr: 161.800598
sub-10930_task-trust_run-1_space-MNI152NLin6Asym_desc-preproc_bold.nii.gz	 mean tsnr: 39.488337 	 max tsnr: 178.075287
sub-10875_task-trust_run-2_echo-3_desc-preproc_bold.nii.gz	 mean tsnr: 12.048517 	 max tsnr: 115.106323
sub-10858_task-trust_run-2_space-MNI152NLin6Asym_desc-preproc_bold.nii.gz	 mean tsnr: 36.136324 	 max tsnr: 176.523483
sub-10918_task-trust_run-2_echo-1_desc-preproc_bold.nii.gz	 mean tsnr: 22.057027 	 max tsnr: 195.034958
sub-10887_task-trust_run-2_echo-3_desc-preproc_bold.nii.gz	 mean tsnr: 6.369595 	 max tsnr: 64.239037
sub-10908_task-trust_run-2_echo-1_desc-preproc_bold.nii.gz	 mean tsnr: 11.313883 	 max tsnr: 103.307518
sub-10863_task-trust_run-2_echo-4_desc-preproc_bold.nii.gz	 mean tsnr: 9.287501 	 max tsnr: 95.044624
sub-10898_task-trust_run-2_echo-3_desc-preproc_bold.nii.gz	 mean tsnr: 6.945423 	 max tsnr: 72.943031
sub-10896_task-trust_run-2_echo-3_desc-preproc_bold.nii.gz	 mean tsnr: 11.853141 	 max tsnr: 95.724731
sub-10940_task-trust_run-2_echo-1_desc-preproc_bold.nii.gz	 mean tsnr: 18.319985 	 max tsnr: 143.549774
sub-10930_task-trust_run-2_echo-1_desc-preproc_bold.nii.gz	 mean tsnr: 16.958960 	 max tsnr: 153.920731
sub-10875_task-trust_run-2_echo-4_desc-preproc_bold.nii.gz	 mean tsnr: 9.509162 	 max tsnr: 107.678307
sub-10918_task-trust_run-2_echo-2_desc-preproc_bold.nii.gz	 mean tsnr: 17.229042 	 max tsnr: 128.754135
sub-10887_task-trust_run-2_echo-4_desc-preproc_bold.nii.gz	 mean tsnr: 4.985358 	 max tsnr: 51.784920
sub-10863_task-trust_run-2_space-MNI152NLin6Asym_desc-preproc_bold.nii.gz	 mean tsnr: 43.079377 	 max tsnr: 196.405533
sub-10908_task-trust_run-2_echo-2_desc-preproc_bold.nii.gz	 mean tsnr: 8.147113 	 max tsnr: 81.821678
sub-10898_task-trust_run-2_echo-4_desc-preproc_bold.nii.gz	 mean tsnr: 5.490612 	 max tsnr: 72.223854
sub-10896_task-trust_run-2_echo-4_desc-preproc_bold.nii.gz	 mean tsnr: 9.427243 	 max tsnr: 99.533508
sub-10940_task-trust_run-2_echo-2_desc-preproc_bold.nii.gz	 mean tsnr: 13.405786 	 max tsnr: 102.200508
sub-10875_task-trust_run-2_space-MNI152NLin6Asym_desc-preproc_bold.nii.gz	 mean tsnr: 44.650749 	 max tsnr: 200.520889
sub-10930_task-trust_run-2_echo-2_desc-preproc_bold.nii.gz	 mean tsnr: 13.529241 	 max tsnr: 102.027702
sub-10887_task-trust_run-2_space-MNI152NLin6Asym_desc-preproc_bold.nii.gz	 mean tsnr: 25.186531 	 max tsnr: 139.122406
sub-10918_task-trust_run-2_echo-3_desc-preproc_bold.nii.gz	 mean tsnr: 13.564942 	 max tsnr: 111.991226
sub-10908_task-trust_run-2_echo-3_desc-preproc_bold.nii.gz	 mean tsnr: 6.226832 	 max tsnr: 75.849136
sub-10898_task-trust_run-2_space-MNI152NLin6Asym_desc-preproc_bold.nii.gz	 mean tsnr: 30.238480 	 max tsnr: 130.783966
sub-10896_task-trust_run-2_space-MNI152NLin6Asym_desc-preproc_bold.nii.gz	 mean tsnr: 39.359257 	 max tsnr: 161.987366
sub-10940_task-trust_run-2_echo-3_desc-preproc_bold.nii.gz	 mean tsnr: 10.208022 	 max tsnr: 94.909561
sub-10930_task-trust_run-2_echo-3_desc-preproc_bold.nii.gz	 mean tsnr: 10.748894 	 max tsnr: 91.081383
sub-10918_task-trust_run-2_echo-4_desc-preproc_bold.nii.gz	 mean tsnr: 10.667869 	 max tsnr: 111.495514
sub-10908_task-trust_run-2_echo-4_desc-preproc_bold.nii.gz	 mean tsnr: 4.935258 	 max tsnr: 79.193581
sub-10940_task-trust_run-2_echo-4_desc-preproc_bold.nii.gz	 mean tsnr: 7.954712 	 max tsnr: 86.402908
sub-10930_task-trust_run-2_echo-4_desc-preproc_bold.nii.gz	 mean tsnr: 8.418596 	 max tsnr: 75.943527
sub-10918_task-trust_run-2_space-MNI152NLin6Asym_desc-preproc_bold.nii.gz	 mean tsnr: 49.478151 	 max tsnr: 211.606964
sub-10908_task-trust_run-2_space-MNI152NLin6Asym_desc-preproc_bold.nii.gz	 mean tsnr: 25.806980 	 max tsnr: 144.260651
sub-10940_task-trust_run-2_space-MNI152NLin6Asym_desc-preproc_bold.nii.gz	 mean tsnr: 39.164498 	 max tsnr: 157.792145
sub-10930_task-trust_run-2_space-MNI152NLin6Asym_desc-preproc_bold.nii.gz	 mean tsnr: 40.392708 	 max tsnr: 183.839920
