sub_id,oafem_reverse_1,oafem_reverse_2,oafem_reverse_3,oafem_reverse_4,oafem_reverse_5,oafem_reverse_6,oafem_reverse_7,oafem_reverse_8,oafem_reverse_9,oafem_reverse_10,oafem_reverse_11,oafem_reverse_12,oafem_reverse_13,oafem_reverse_14,oafem_reverse_15,oafem_reverse_16,oafem_reverse_17,oafem_reverse_18,oafem_reverse_19,oafem_reverse_20,oafem_reverse_21,oafem_reverse_22,oafem_reverse_23,oafem_reverse_24,oafem_reverse_25,oafem_reverse_26,oafem_reverse_27,oafem_reverse_28,oafem_reverse_29,oafem_reverse_30
10317,0,0,0,0,0,0,0,0,0,0,0,0,0,0,0,0,0,0,0,0,0,0,0,0,0,0,0,0,0,0
10369,0,0,0,0,0,0,0,0,0,0,0,0,0,0,0,0,0,0,0,0,0,0,0,0,0,0,0,0,0,0
10391,2,0,2,2,4,0,0,0,0,4,4,0,0,0,0,0,2,2,0,0,0,0,0,0,4,2,2,0,0,6
10402,0,0,1,0,0,0,0,0,0,0,0,0,0,0,0,0,0,1,0,0,0,0,0,0,0,0,0,0,0,0
10418,0,0,0,0,0,0,0,0,0,0,0,0,0,0,0,0,0,0,0,0,0,0,0,0,0,0,0,0,0,0
10462,0,0,0,0,0,0,0,0,0,0,0,0,0,0,0,0,0,0,0,0,0,0,0,0,0,0,0,0,0,0
10478,0,0,1,0,0,0,0,0,0,0,0,3,0,0,0,0,2,2,0,0,0,1,0,0,0,0,0,2,0,0
10486,2,0,1,2,0,0,0,0,0,0,0,0,0,0,0,0,0,0,0,0,6,0,0,2,0,0,0,0,0,6
10529,0,0,0,0,0,0,0,0,0,0,0,0,0,0,0,0,0,2,0,0,0,0,0,2,0,0,0,0,0,0
10541,2,0,1,0,0,0,0,0,0,0,0,0,0,0,0,0,0,1,2,0,3,0,0,0,0,0,0,0,0,0
10555,1,0,2,0,4,0,0,0,0,0,0,0,0,0,0,0,0,0,0,0,0,0,0,0,0,0,0,1,0,3
10559,2,0,2,0,0,0,0,0,0,0,0,0,0,0,0,0,0,2,0,6,3,0,0,0,0,0,0,0,0,0
10572,0,0,0,0,0,0,0,0,0,0,0,0,0,0,0,0,0,0,0,0,0,0,0,0,0,0,0,0,0,0
10581,0,0,0,0,0,0,0,0,0,0,0,0,0,0,0,0,0,2,0,0,0,0,0,0,4,2,0,0,0,0
10584,0,0,0,0,0,0,0,0,0,0,0,0,0,0,0,0,0,0,0,0,0,0,0,0,0,0,0,0,0,0
10585,1,0,1,0,0,0,0,0,0,0,0,0,0,0,0,0,0,1,2,0,3,0,0,0,0,0,0,0,0,0
10589,0,0,0,0,0,0,0,0,0,0,0,0,0,0,0,0,0,2,0,0,0,0,0,0,0,0,0,0,0,0
10590,0,0,0,0,0,0,0,0,0,0,0,0,0,0,0,0,0,0,0,0,0,0,0,0,0,0,0,0,0,0
10596,2,0,0,0,0,0,0,0,0,0,0,0,0,0,0,0,0,2,0,0,3,0,0,0,0,0,0,0,0,6
10603,0,0,0,0,0,0,0,0,0,0,0,0,0,0,0,0,0,0,0,0,0,0,0,0,0,0,0,0,0,0
10606,0,0,0,0,0,0,0,0,0,0,0,0,0,0,0,0,0,0,0,0,0,0,0,0,0,0,0,0,0,0
10608,0,0,0,0,0,0,0,0,0,0,0,0,0,0,0,0,0,0,0,0,0,0,0,0,0,0,0,0,0,0
10617,0,0,0,0,0,0,0,0,0,0,0,0,0,0,0,0,0,0,0,0,0,0,0,0,0,0,0,0,0,0
10636,0,0,0,0,0,0,0,0,0,0,0,0,0,0,0,0,0,2,0,0,0,0,0,0,0,2,0,0,0,0
10638,0,6,0,0,0,0,0,0,0,0,0,0,0,0,0,0,0,2,0,0,0,0,0,0,0,0,0,0,0,0
10640,1,0,2,0,0,0,0,0,0,0,0,0,0,0,0,0,0,0,0,0,3,0,0,0,2,0,0,0,0,0
10641,0,0,0,0,0,0,0,0,0,0,0,6,0,0,0,0,0,2,0,0,6,2,0,0,0,0,0,0,0,0
10642,1,0,0,0,0,0,0,0,0,0,0,6,0,0,0,0,2,2,0,0,0,1,0,2,0,0,0,0,0,0
10644,0,0,0,0,0,0,0,0,0,0,0,3,0,0,0,0,0,0,0,0,0,0,0,0,0,0,0,0,0,0
10647,0,0,1,0,0,0,0,0,0,0,0,0,0,0,0,0,0,0,2,0,3,0,0,0,0,0,0,0,0,0
10649,2,0,0,0,0,0,0,0,0,0,0,0,0,0,0,0,0,2,0,0,0,0,0,0,0,0,0,0,0,0
10652,0,0,0,0,0,0,0,0,0,0,0,0,0,0,0,0,0,0,0,0,0,0,0,0,0,0,0,0,0,0
10656,0,0,1,0,0,0,0,0,0,0,0,6,0,0,0,0,0,0,0,0,3,0,0,0,0,2,0,0,0,0
10657,0,0,0,0,0,0,0,0,0,0,0,0,0,0,0,0,0,0,4,0,0,0,0,0,0,0,0,0,0,6
10659,0,0,0,0,0,0,0,0,0,0,0,0,0,0,0,0,0,0,0,0,0,0,0,0,0,0,0,0,0,0
10661,0,0,0,0,0,0,0,0,0,0,0,0,0,0,0,0,0,0,0,0,0,0,0,0,0,0,0,0,0,0
10663,1,0,0,0,0,0,0,0,0,0,0,0,0,0,0,0,2,2,2,0,3,0,0,0,0,2,0,0,0,0
10668,2,0,2,2,4,0,0,4,0,0,0,0,0,0,0,0,0,2,0,0,6,0,0,2,4,2,0,0,0,6
10673,2,0,1,1,0,0,0,0,0,0,0,6,0,0,0,0,0,2,2,0,6,0,0,0,2,0,0,0,0,3
10674,0,0,0,0,0,0,0,0,0,0,0,0,0,0,0,0,0,0,0,0,0,0,0,0,0,0,0,0,0,0
10677,0,0,1,0,0,0,0,0,0,0,0,0,0,0,0,0,0,0,0,0,0,0,0,0,0,0,0,0,0,0
10685,0,0,0,0,0,0,0,0,0,0,0,0,0,0,0,0,0,2,0,0,0,0,0,0,0,0,0,0,0,0
10690,0,0,0,0,2,0,0,0,0,0,0,0,0,0,0,0,2,0,0,6,6,0,0,2,4,0,0,0,0,6
10691,0,0,1,1,0,0,0,0,0,0,0,3,0,0,0,0,0,0,0,0,6,0,0,2,0,0,0,0,0,0
10700,2,0,1,0,0,0,0,0,0,0,0,0,0,0,3,0,0,0,0,0,0,0,0,0,0,0,0,0,0,0
10701,0,0,0,0,0,0,0,0,0,0,0,3,0,0,0,0,0,0,0,0,0,0,0,0,0,0,0,1,0,3
10713,0,0,0,0,0,0,0,0,0,0,0,0,0,0,0,0,0,0,0,0,0,0,0,0,0,0,0,0,0,0
10716,2,0,0,0,0,0,0,0,0,0,0,0,0,0,0,0,0,0,0,0,0,0,0,0,0,0,0,0,0,0
10718,0,0,0,0,0,0,0,0,0,0,0,0,0,0,0,0,0,0,0,0,0,0,0,0,0,0,0,0,0,0
10720,0,0,1,0,0,0,6,0,0,0,0,0,0,0,0,0,0,2,0,0,3,1,0,2,0,0,0,0,0,3
10723,0,0,0,0,0,0,0,0,0,0,0,0,0,0,0,0,0,0,0,0,0,0,0,0,0,0,0,0,0,0
10741,0,0,0,0,0,0,0,0,0,0,0,0,0,0,0,0,0,0,0,0,0,0,0,0,0,0,0,0,0,0
10748,2,0,2,0,0,0,0,0,0,0,0,6,0,0,6,0,0,2,0,0,0,2,0,0,0,0,0,0,0,0
10767,2,0,0,0,0,0,0,0,0,4,4,0,0,0,0,0,0,2,0,0,0,0,0,0,0,0,0,1,0,6
10770,1,0,1,0,0,0,0,0,0,0,0,0,0,0,0,0,0,0,0,0,0,0,0,0,0,0,0,0,0,0
10774,0,0,0,0,0,0,0,0,0,0,0,0,0,0,0,0,0,2,0,0,6,2,0,0,0,2,0,0,0,0
10777,1,0,1,0,4,0,0,0,0,0,4,0,0,0,0,0,2,2,2,3,6,0,0,1,2,1,0,0,0,6
10781,0,0,0,0,0,0,0,0,0,0,0,0,0,0,0,0,0,2,0,0,3,0,0,0,0,0,0,0,0,3
10783,0,0,0,0,0,0,0,0,0,0,0,0,0,0,0,0,0,0,0,0,0,0,0,0,0,0,0,0,0,0
10785,1,0,0,0,2,0,0,0,0,0,0,0,0,0,0,0,0,0,2,0,3,0,0,0,0,0,0,0,0,0
10794,0,0,2,0,0,0,0,0,0,0,0,3,0,0,0,0,0,2,2,0,6,0,0,0,0,2,0,0,0,6
10800,1,0,1,2,2,0,0,0,0,0,0,3,0,0,0,0,2,2,4,0,0,0,0,2,0,2,0,2,0,3
10801,0,0,0,0,0,0,0,0,0,0,0,0,0,0,0,0,0,0,0,0,0,0,0,0,0,0,0,0,0,0
10802,0,0,0,0,0,0,0,0,0,0,0,3,0,0,6,0,0,0,0,0,3,2,0,0,0,0,0,0,0,0
10803,1,0,0,0,0,0,0,0,0,0,0,0,0,0,0,0,0,0,0,0,0,0,0,0,0,0,0,0,0,0
10804,2,0,1,0,0,0,0,0,0,0,0,3,0,0,0,0,0,2,0,0,0,0,0,0,0,0,0,0,0,6
10806,0,0,0,0,0,0,0,0,0,0,0,0,0,0,0,0,0,1,2,0,0,0,0,0,0,0,0,0,0,3
10807,0,0,0,0,0,0,0,0,0,0,0,0,0,0,0,0,0,0,0,0,0,0,0,0,0,0,0,0,0,0
10809,2,0,1,0,0,0,0,0,0,0,0,6,0,0,3,0,0,0,0,0,0,2,0,2,0,0,0,1,0,0
10812,0,0,0,0,0,0,0,0,0,0,0,0,0,0,0,0,1,2,0,0,0,0,0,0,0,0,0,0,0,0
10817,0,0,0,0,0,0,0,0,0,0,0,0,0,0,0,0,0,2,0,0,3,0,0,0,0,0,0,0,0,0