subject	session	run	file	event_rows	trials	valid_choices	misses	zero_investments	choice_computer	choice_friend	choice_stranger	outcome_computer_defect	outcome_computer_recip	outcome_friend_defect	outcome_friend_recip	outcome_stranger_defect	outcome_stranger_recip	missing_expected
10317	01	1	/ZPOOL/data/projects/rf1-sra-linux2/bids/sub-10317/ses-01/func/sub-10317_ses-01_task-trust_run-1_events.tsv	77	42	42	0	7	14	14	14	6	4	7	7	6	5	
10369	01	1	/ZPOOL/data/projects/rf1-sra-linux2/bids/sub-10369/ses-01/func/sub-10369_ses-01_task-trust_run-1_events.tsv	80	42	41	1	3	14	14	13	5	7	7	7	7	5	
10402	01	1	/ZPOOL/data/projects/rf1-sra-linux2/bids/sub-10402/ses-01/func/sub-10402_ses-01_task-trust_run-1_events.tsv	83	42	41	1	0	14	13	14	7	7	6	7	7	7	
10402	01	2	/ZPOOL/data/projects/rf1-sra-linux2/bids/sub-10402/ses-01/func/sub-10402_ses-01_task-trust_run-2_events.tsv	83	42	42	0	1	14	14	14	7	6	7	7	7	7	
10418	01	1	/ZPOOL/data/projects/rf1-sra-linux2/bids/sub-10418/ses-01/func/sub-10418_ses-01_task-trust_run-1_events.tsv	82	42	42	0	2	14	14	14	5	7	7	7	7	7	
10418	01	2	/ZPOOL/data/projects/rf1-sra-linux2/bids/sub-10418/ses-01/func/sub-10418_ses-01_task-trust_run-2_events.tsv	82	42	42	0	2	14	14	14	7	7	7	7	6	6	
10462	01	1	/ZPOOL/data/projects/rf1-sra-linux2/bids/sub-10462/ses-01/func/sub-10462_ses-01_task-trust_run-1_events.tsv	75	42	41	1	8	13	14	14	3	6	6	6	7	5	
10478	01	1	/ZPOOL/data/projects/rf1-sra-linux2/bids/sub-10478/ses-01/func/sub-10478_ses-01_task-trust_run-1_events.tsv	78	42	41	1	5	13	14	14	5	6	7	7	5	6	
10478	01	2	/ZPOOL/data/projects/rf1-sra-linux2/bids/sub-10478/ses-01/func/sub-10478_ses-01_task-trust_run-2_events.tsv	81	42	41	1	2	14	14	13	5	7	7	7	6	7	
10486	01	1	/ZPOOL/data/projects/rf1-sra-linux2/bids/sub-10486/ses-01/func/sub-10486_ses-01_task-trust_run-1_events.tsv	84	42	42	0	0	14	14	14	7	7	7	7	7	7	
10529	01	1	/ZPOOL/data/projects/rf1-sra-linux2/bids/sub-10529/ses-01/func/sub-10529_ses-01_task-trust_run-1_events.tsv	81	42	41	1	2	14	14	13	7	5	7	7	6	7	
10529	01	2	/ZPOOL/data/projects/rf1-sra-linux2/bids/sub-10529/ses-01/func/sub-10529_ses-01_task-trust_run-2_events.tsv	82	42	40	2	0	14	13	13	7	7	7	6	6	7	
10541	01	1	/ZPOOL/data/projects/rf1-sra-linux2/bids/sub-10541/ses-01/func/sub-10541_ses-01_task-trust_run-1_events.tsv	78	42	40	2	4	14	13	13	7	7	5	6	6	5	
10541	01	2	/ZPOOL/data/projects/rf1-sra-linux2/bids/sub-10541/ses-01/func/sub-10541_ses-01_task-trust_run-2_events.tsv	84	42	42	0	0	14	14	14	7	7	7	7	7	7	
10559	01	1	/ZPOOL/data/projects/rf1-sra-linux2/bids/sub-10559/ses-01/func/sub-10559_ses-01_task-trust_run-1_events.tsv	69	42	38	4	11	14	11	13	5	5	6	3	4	4	
10559	01	2	/ZPOOL/data/projects/rf1-sra-linux2/bids/sub-10559/ses-01/func/sub-10559_ses-01_task-trust_run-2_events.tsv	66	42	40	2	16	13	14	13	4	4	4	4	4	4	
10572	01	1	/ZPOOL/data/projects/rf1-sra-linux2/bids/sub-10572/ses-01/func/sub-10572_ses-01_task-trust_run-1_events.tsv	78	42	41	1	5	14	13	14	6	6	6	6	6	6	
10572	01	2	/ZPOOL/data/projects/rf1-sra-linux2/bids/sub-10572/ses-01/func/sub-10572_ses-01_task-trust_run-2_events.tsv	78	42	42	0	6	14	14	14	6	6	6	6	6	6	
10581	01	1	/ZPOOL/data/projects/rf1-sra-linux2/bids/sub-10581/ses-01/func/sub-10581_ses-01_task-trust_run-1_events.tsv	71	42	38	4	9	12	14	12	4	3	6	7	4	5	
10581	01	2	/ZPOOL/data/projects/rf1-sra-linux2/bids/sub-10581/ses-01/func/sub-10581_ses-01_task-trust_run-2_events.tsv	78	42	41	1	5	14	14	13	6	6	6	7	7	4	
10584	01	1	/ZPOOL/data/projects/rf1-sra-linux2/bids/sub-10584/ses-01/func/sub-10584_ses-01_task-trust_run-1_events.tsv	77	42	42	0	7	14	14	14	7	6	6	4	7	5	
10584	01	2	/ZPOOL/data/projects/rf1-sra-linux2/bids/sub-10584/ses-01/func/sub-10584_ses-01_task-trust_run-2_events.tsv	76	42	41	1	7	14	14	13	7	5	5	5	6	6	
10585	01	1	/ZPOOL/data/projects/rf1-sra-linux2/bids/sub-10585/ses-01/func/sub-10585_ses-01_task-trust_run-1_events.tsv	81	42	42	0	3	14	14	14	6	6	7	6	7	7	
10585	01	2	/ZPOOL/data/projects/rf1-sra-linux2/bids/sub-10585/ses-01/func/sub-10585_ses-01_task-trust_run-2_events.tsv	81	42	42	0	3	14	14	14	6	6	7	7	7	6	
10589	01	1	/ZPOOL/data/projects/rf1-sra-linux2/bids/sub-10589/ses-01/func/sub-10589_ses-01_task-trust_run-1_events.tsv	84	42	42	0	0	14	14	14	7	7	7	7	7	7	
10589	01	2	/ZPOOL/data/projects/rf1-sra-linux2/bids/sub-10589/ses-01/func/sub-10589_ses-01_task-trust_run-2_events.tsv	83	42	42	0	1	14	14	14	7	7	7	7	7	6	
10590	01	1	/ZPOOL/data/projects/rf1-sra-linux2/bids/sub-10590/ses-01/func/sub-10590_ses-01_task-trust_run-1_events.tsv	79	42	42	0	5	14	14	14	5	5	7	7	7	6	
10590	01	2	/ZPOOL/data/projects/rf1-sra-linux2/bids/sub-10590/ses-01/func/sub-10590_ses-01_task-trust_run-2_events.tsv	76	42	42	0	8	14	14	14	4	4	7	6	7	6	
10596	01	1	/ZPOOL/data/projects/rf1-sra-linux2/bids/sub-10596/ses-01/func/sub-10596_ses-01_task-trust_run-1_events.tsv	81	42	41	1	2	13	14	14	6	5	7	7	7	7	
10596	01	2	/ZPOOL/data/projects/rf1-sra-linux2/bids/sub-10596/ses-01/func/sub-10596_ses-01_task-trust_run-2_events.tsv	79	42	41	1	4	13	14	14	5	4	7	7	7	7	
10603	01	1	/ZPOOL/data/projects/rf1-sra-linux2/bids/sub-10603/ses-01/func/sub-10603_ses-01_task-trust_run-1_events.tsv	75	42	42	0	9	14	14	14	5	4	6	7	6	5	
10603	01	2	/ZPOOL/data/projects/rf1-sra-linux2/bids/sub-10603/ses-01/func/sub-10603_ses-01_task-trust_run-2_events.tsv	70	42	42	0	14	14	14	14	4	4	6	6	4	4	
10606	01	1	/ZPOOL/data/projects/rf1-sra-linux2/bids/sub-10606/ses-01/func/sub-10606_ses-01_task-trust_run-1_events.tsv	82	42	40	2	0	13	14	13	6	7	7	7	7	6	
10606	01	2	/ZPOOL/data/projects/rf1-sra-linux2/bids/sub-10606/ses-01/func/sub-10606_ses-01_task-trust_run-2_events.tsv	83	42	41	1	0	13	14	14	7	6	7	7	7	7	
10608	01	1	/ZPOOL/data/projects/rf1-sra-linux2/bids/sub-10608/ses-01/func/sub-10608_ses-01_task-trust_run-1_events.tsv	75	42	42	0	9	14	14	14	5	4	7	7	5	5	
10617	01	1	/ZPOOL/data/projects/rf1-sra-linux2/bids/sub-10617/ses-01/func/sub-10617_ses-01_task-trust_run-1_events.tsv	81	42	42	0	3	14	14	14	6	5	7	7	7	7	
10636	01	1	/ZPOOL/data/projects/rf1-sra-linux2/bids/sub-10636/ses-01/func/sub-10636_ses-01_task-trust_run-1_events.tsv	80	42	40	2	2	14	13	13	6	6	6	7	7	6	
10636	01	2	/ZPOOL/data/projects/rf1-sra-linux2/bids/sub-10636/ses-01/func/sub-10636_ses-01_task-trust_run-2_events.tsv	82	42	42	0	2	14	14	14	7	7	7	6	7	6	
10638	01	1	/ZPOOL/data/projects/rf1-sra-linux2/bids/sub-10638/ses-01/func/sub-10638_ses-01_task-trust_run-1_events.tsv	84	42	42	0	0	14	14	14	7	7	7	7	7	7	
10638	01	2	/ZPOOL/data/projects/rf1-sra-linux2/bids/sub-10638/ses-01/func/sub-10638_ses-01_task-trust_run-2_events.tsv	83	42	41	1	0	13	14	14	7	6	7	7	7	7	
10640	01	1	/ZPOOL/data/projects/rf1-sra-linux2/bids/sub-10640/ses-01/func/sub-10640_ses-01_task-trust_run-1_events.tsv	72	42	42	0	12	14	14	14	4	4	6	6	5	5	
10640	01	2	/ZPOOL/data/projects/rf1-sra-linux2/bids/sub-10640/ses-01/func/sub-10640_ses-01_task-trust_run-2_events.tsv	70	42	41	1	13	14	14	13	4	5	5	5	5	4	
10641	01	1	/ZPOOL/data/projects/rf1-sra-linux2/bids/sub-10641/ses-01/func/sub-10641_ses-01_task-trust_run-1_events.tsv	79	42	42	0	5	14	14	14	6	7	7	7	5	5	
10642	01	1	/ZPOOL/data/projects/rf1-sra-linux2/bids/sub-10642/ses-01/func/sub-10642_ses-01_task-trust_run-1_events.tsv	74	42	42	0	10	14	14	14	4	4	7	7	5	5	
10642	01	2	/ZPOOL/data/projects/rf1-sra-linux2/bids/sub-10642/ses-01/func/sub-10642_ses-01_task-trust_run-2_events.tsv	74	42	42	0	10	14	14	14	4	4	7	7	4	6	
10644	01	1	/ZPOOL/data/projects/rf1-sra-linux2/bids/sub-10644/ses-01/func/sub-10644_ses-01_task-trust_run-1_events.tsv	71	42	41	1	12	13	14	14	3	4	7	7	4	4	
10644	01	2	/ZPOOL/data/projects/rf1-sra-linux2/bids/sub-10644/ses-01/func/sub-10644_ses-01_task-trust_run-2_events.tsv	73	42	41	1	10	14	14	13	4	4	7	7	4	5	
10647	01	1	/ZPOOL/data/projects/rf1-sra-linux2/bids/sub-10647/ses-01/func/sub-10647_ses-01_task-trust_run-1_events.tsv	70	42	41	1	13	14	13	14	5	4	6	4	5	4	
10647	01	2	/ZPOOL/data/projects/rf1-sra-linux2/bids/sub-10647/ses-01/func/sub-10647_ses-01_task-trust_run-2_events.tsv	70	42	42	0	14	14	14	14	4	4	5	6	4	5	
10649	01	1	/ZPOOL/data/projects/rf1-sra-linux2/bids/sub-10649/ses-01/func/sub-10649_ses-01_task-trust_run-1_events.tsv	80	42	38	4	0	11	13	14	7	4	7	6	7	7	
10649	01	2	/ZPOOL/data/projects/rf1-sra-linux2/bids/sub-10649/ses-01/func/sub-10649_ses-01_task-trust_run-2_events.tsv	81	42	39	3	0	13	12	14	7	6	6	6	7	7	
10652	01	1	/ZPOOL/data/projects/rf1-sra-linux2/bids/sub-10652/ses-01/func/sub-10652_ses-01_task-trust_run-1_events.tsv	81	42	42	0	3	14	14	14	6	7	7	7	5	7	
10652	01	2	/ZPOOL/data/projects/rf1-sra-linux2/bids/sub-10652/ses-01/func/sub-10652_ses-01_task-trust_run-2_events.tsv	84	42	42	0	0	14	14	14	7	7	7	7	7	7	
10656	01	1	/ZPOOL/data/projects/rf1-sra-linux2/bids/sub-10656/ses-01/func/sub-10656_ses-01_task-trust_run-1_events.tsv	75	42	42	0	9	14	14	14	4	4	6	7	6	6	
10656	01	2	/ZPOOL/data/projects/rf1-sra-linux2/bids/sub-10656/ses-01/func/sub-10656_ses-01_task-trust_run-2_events.tsv	73	42	42	0	11	14	14	14	4	4	6	6	6	5	
10657	01	1	/ZPOOL/data/projects/rf1-sra-linux2/bids/sub-10657/ses-01/func/sub-10657_ses-01_task-trust_run-1_events.tsv	78	42	41	1	5	14	14	13	5	7	6	6	6	6	
10657	01	2	/ZPOOL/data/projects/rf1-sra-linux2/bids/sub-10657/ses-01/func/sub-10657_ses-01_task-trust_run-2_events.tsv	79	42	42	0	5	14	14	14	5	7	7	5	7	6	
10661	01	1	/ZPOOL/data/projects/rf1-sra-linux2/bids/sub-10661/ses-01/func/sub-10661_ses-01_task-trust_run-1_events.tsv	83	42	42	0	1	14	14	14	7	7	7	7	7	6	
10661	01	2	/ZPOOL/data/projects/rf1-sra-linux2/bids/sub-10661/ses-01/func/sub-10661_ses-01_task-trust_run-2_events.tsv	84	42	42	0	0	14	14	14	7	7	7	7	7	7	
10663	01	1	/ZPOOL/data/projects/rf1-sra-linux2/bids/sub-10663/ses-01/func/sub-10663_ses-01_task-trust_run-1_events.tsv	75	42	38	4	5	14	11	13	5	4	5	6	6	7	
10663	01	2	/ZPOOL/data/projects/rf1-sra-linux2/bids/sub-10663/ses-01/func/sub-10663_ses-01_task-trust_run-2_events.tsv	79	42	38	4	1	11	13	14	6	4	6	7	7	7	
10668	01	1	/ZPOOL/data/projects/rf1-sra-linux2/bids/sub-10668/ses-01/func/sub-10668_ses-01_task-trust_run-1_events.tsv	71	42	37	5	8	12	13	12	4	3	6	7	3	6	
10673	01	1	/ZPOOL/data/projects/rf1-sra-linux2/bids/sub-10673/ses-01/func/sub-10673_ses-01_task-trust_run-1_events.tsv	79	42	42	0	5	14	14	14	7	5	6	7	5	7	
10673	01	2	/ZPOOL/data/projects/rf1-sra-linux2/bids/sub-10673/ses-01/func/sub-10673_ses-01_task-trust_run-2_events.tsv	78	42	42	0	6	14	14	14	5	6	6	6	6	7	
10674	01	1	/ZPOOL/data/projects/rf1-sra-linux2/bids/sub-10674/ses-01/func/sub-10674_ses-01_task-trust_run-1_events.tsv	84	42	42	0	0	14	14	14	7	7	7	7	7	7	
10674	01	2	/ZPOOL/data/projects/rf1-sra-linux2/bids/sub-10674/ses-01/func/sub-10674_ses-01_task-trust_run-2_events.tsv	84	42	42	0	0	14	14	14	7	7	7	7	7	7	
10677	01	1	/ZPOOL/data/projects/rf1-sra-linux2/bids/sub-10677/ses-01/func/sub-10677_ses-01_task-trust_run-1_events.tsv	76	42	40	2	6	14	12	14	5	5	5	6	7	6	
10677	01	2	/ZPOOL/data/projects/rf1-sra-linux2/bids/sub-10677/ses-01/func/sub-10677_ses-01_task-trust_run-2_events.tsv	78	42	42	0	6	14	14	14	6	6	7	7	6	4	
10685	01	1	/ZPOOL/data/projects/rf1-sra-linux2/bids/sub-10685/ses-01/func/sub-10685_ses-01_task-trust_run-1_events.tsv	72	42	41	1	11	14	13	14	4	4	6	7	5	4	
10685	01	2	/ZPOOL/data/projects/rf1-sra-linux2/bids/sub-10685/ses-01/func/sub-10685_ses-01_task-trust_run-2_events.tsv	71	42	42	0	13	14	14	14	4	4	6	6	5	4	
10690	01	1	/ZPOOL/data/projects/rf1-sra-linux2/bids/sub-10690/ses-01/func/sub-10690_ses-01_task-trust_run-1_events.tsv	79	42	41	1	4	14	14	13	6	6	6	7	6	6	
10691	01	1	/ZPOOL/data/projects/rf1-sra-linux2/bids/sub-10691/ses-01/func/sub-10691_ses-01_task-trust_run-1_events.tsv	84	42	42	0	0	14	14	14	7	7	7	7	7	7	
10691	01	2	/ZPOOL/data/projects/rf1-sra-linux2/bids/sub-10691/ses-01/func/sub-10691_ses-01_task-trust_run-2_events.tsv	82	42	42	0	2	14	14	14	7	6	7	7	7	6	
10700	01	1	/ZPOOL/data/projects/rf1-sra-linux2/bids/sub-10700/ses-01/func/sub-10700_ses-01_task-trust_run-1_events.tsv	73	42	42	0	11	14	14	14	5	4	7	7	4	4	
10700	01	2	/ZPOOL/data/projects/rf1-sra-linux2/bids/sub-10700/ses-01/func/sub-10700_ses-01_task-trust_run-2_events.tsv	70	42	42	0	14	14	14	14	4	4	5	6	5	4	
10701	01	1	/ZPOOL/data/projects/rf1-sra-linux2/bids/sub-10701/ses-01/func/sub-10701_ses-01_task-trust_run-1_events.tsv	69	42	41	1	14	14	14	13	4	4	5	4	5	5	
10701	01	2	/ZPOOL/data/projects/rf1-sra-linux2/bids/sub-10701/ses-01/func/sub-10701_ses-01_task-trust_run-2_events.tsv	70	42	42	0	14	14	14	14	4	5	4	4	5	6	
10713	01	1	/ZPOOL/data/projects/rf1-sra-linux2/bids/sub-10713/ses-01/func/sub-10713_ses-01_task-trust_run-1_events.tsv	72	42	39	3	9	13	13	13	6	6	5	5	5	3	
10713	01	2	/ZPOOL/data/projects/rf1-sra-linux2/bids/sub-10713/ses-01/func/sub-10713_ses-01_task-trust_run-2_events.tsv	74	42	42	0	10	14	14	14	7	6	5	5	5	4	
10716	01	1	/ZPOOL/data/projects/rf1-sra-linux2/bids/sub-10716/ses-01/func/sub-10716_ses-01_task-trust_run-1_events.tsv	83	42	42	0	1	14	14	14	7	6	7	7	7	7	
10716	01	2	/ZPOOL/data/projects/rf1-sra-linux2/bids/sub-10716/ses-01/func/sub-10716_ses-01_task-trust_run-2_events.tsv	83	42	42	0	1	14	14	14	7	6	7	7	7	7	
10718	01	1	/ZPOOL/data/projects/rf1-sra-linux2/bids/sub-10718/ses-01/func/sub-10718_ses-01_task-trust_run-1_events.tsv	84	42	42	0	0	14	14	14	7	7	7	7	7	7	
10718	01	2	/ZPOOL/data/projects/rf1-sra-linux2/bids/sub-10718/ses-01/func/sub-10718_ses-01_task-trust_run-2_events.tsv	84	42	42	0	0	14	14	14	7	7	7	7	7	7	
10720	01	1	/ZPOOL/data/projects/rf1-sra-linux2/bids/sub-10720/ses-01/func/sub-10720_ses-01_task-trust_run-1_events.tsv	81	42	42	0	3	14	14	14	6	6	7	7	6	7	
10720	01	2	/ZPOOL/data/projects/rf1-sra-linux2/bids/sub-10720/ses-01/func/sub-10720_ses-01_task-trust_run-2_events.tsv	82	42	42	0	2	14	14	14	7	5	7	7	7	7	
10723	01	1	/ZPOOL/data/projects/rf1-sra-linux2/bids/sub-10723/ses-01/func/sub-10723_ses-01_task-trust_run-1_events.tsv	77	42	41	1	6	13	14	14	6	5	6	7	6	5	
10723	01	2	/ZPOOL/data/projects/rf1-sra-linux2/bids/sub-10723/ses-01/func/sub-10723_ses-01_task-trust_run-2_events.tsv	75	42	42	0	9	14	14	14	6	5	5	6	5	6	
10741	01	1	/ZPOOL/data/projects/rf1-sra-linux2/bids/sub-10741/ses-01/func/sub-10741_ses-01_task-trust_run-1_events.tsv	77	42	42	0	7	14	14	14	6	6	7	5	5	6	
10741	01	2	/ZPOOL/data/projects/rf1-sra-linux2/bids/sub-10741/ses-01/func/sub-10741_ses-01_task-trust_run-2_events.tsv	77	42	41	1	6	14	13	14	6	6	4	7	6	6	
10748	01	1	/ZPOOL/data/projects/rf1-sra-linux2/bids/sub-10748/ses-01/func/sub-10748_ses-01_task-trust_run-1_events.tsv	82	42	42	0	2	14	14	14	6	7	6	7	7	7	
10748	01	2	/ZPOOL/data/projects/rf1-sra-linux2/bids/sub-10748/ses-01/func/sub-10748_ses-01_task-trust_run-2_events.tsv	84	42	42	0	0	14	14	14	7	7	7	7	7	7	
10767	01	1	/ZPOOL/data/projects/rf1-sra-linux2/bids/sub-10767/ses-01/func/sub-10767_ses-01_task-trust_run-1_events.tsv	78	42	42	0	6	14	14	14	4	4	7	7	7	7	
10767	01	2	/ZPOOL/data/projects/rf1-sra-linux2/bids/sub-10767/ses-01/func/sub-10767_ses-01_task-trust_run-2_events.tsv	78	42	42	0	6	14	14	14	4	4	7	7	7	7	
10770	01	1	/ZPOOL/data/projects/rf1-sra-linux2/bids/sub-10770/ses-01/func/sub-10770_ses-01_task-trust_run-1_events.tsv	81	42	41	1	2	14	14	13	7	6	7	7	6	6	
10770	01	2	/ZPOOL/data/projects/rf1-sra-linux2/bids/sub-10770/ses-01/func/sub-10770_ses-01_task-trust_run-2_events.tsv	81	42	42	0	3	14	14	14	7	7	6	6	7	6	
10777	01	1	/ZPOOL/data/projects/rf1-sra-linux2/bids/sub-10777/ses-01/func/sub-10777_ses-01_task-trust_run-1_events.tsv	74	42	42	0	10	14	14	14	4	4	7	7	5	5	
10781	01	1	/ZPOOL/data/projects/rf1-sra-linux2/bids/sub-10781/ses-01/func/sub-10781_ses-01_task-trust_run-1_events.tsv	76	42	41	1	7	14	13	14	4	7	7	6	5	5	
10781	01	2	/ZPOOL/data/projects/rf1-sra-linux2/bids/sub-10781/ses-01/func/sub-10781_ses-01_task-trust_run-2_events.tsv	72	42	42	0	12	14	14	14	4	4	7	7	4	4	
10783	01	1	/ZPOOL/data/projects/rf1-sra-linux2/bids/sub-10783/ses-01/func/sub-10783_ses-01_task-trust_run-1_events.tsv	71	42	39	3	10	13	13	13	5	3	7	6	4	4	
10783	01	2	/ZPOOL/data/projects/rf1-sra-linux2/bids/sub-10783/ses-01/func/sub-10783_ses-01_task-trust_run-2_events.tsv	72	42	42	0	12	14	14	14	4	4	6	6	5	5	
10785	01	1	/ZPOOL/data/projects/rf1-sra-linux2/bids/sub-10785/ses-01/func/sub-10785_ses-01_task-trust_run-1_events.tsv	79	42	41	1	4	13	14	14	5	6	7	6	7	6	
10785	01	2	/ZPOOL/data/projects/rf1-sra-linux2/bids/sub-10785/ses-01/func/sub-10785_ses-01_task-trust_run-2_events.tsv	78	42	42	0	6	14	14	14	7	6	6	7	5	5	
10794	01	1	/ZPOOL/data/projects/rf1-sra-linux2/bids/sub-10794/ses-01/func/sub-10794_ses-01_task-trust_run-1_events.tsv	81	42	41	1	2	13	14	14	6	6	7	7	7	6	
10794	01	2	/ZPOOL/data/projects/rf1-sra-linux2/bids/sub-10794/ses-01/func/sub-10794_ses-01_task-trust_run-2_events.tsv	81	42	42	0	3	14	14	14	7	7	6	7	6	6	
10800	01	1	/ZPOOL/data/projects/rf1-sra-linux2/bids/sub-10800/ses-01/func/sub-10800_ses-01_task-trust_run-1_events.tsv	82	42	42	0	2	14	14	14	7	7	7	6	7	6	
10800	01	2	/ZPOOL/data/projects/rf1-sra-linux2/bids/sub-10800/ses-01/func/sub-10800_ses-01_task-trust_run-2_events.tsv	79	42	38	4	1	13	14	11	7	6	6	7	4	7	
10801	01	1	/ZPOOL/data/projects/rf1-sra-linux2/bids/sub-10801/ses-01/func/sub-10801_ses-01_task-trust_run-1_events.tsv	80	42	42	0	4	14	14	14	6	4	7	7	7	7	
10801	01	2	/ZPOOL/data/projects/rf1-sra-linux2/bids/sub-10801/ses-01/func/sub-10801_ses-01_task-trust_run-2_events.tsv	81	42	42	0	3	14	14	14	6	6	7	7	6	7	
10802	01	1	/ZPOOL/data/projects/rf1-sra-linux2/bids/sub-10802/ses-01/func/sub-10802_ses-01_task-trust_run-1_events.tsv	82	42	42	0	2	14	14	14	6	6	7	7	7	7	
10802	01	2	/ZPOOL/data/projects/rf1-sra-linux2/bids/sub-10802/ses-01/func/sub-10802_ses-01_task-trust_run-2_events.tsv	82	42	42	0	2	14	14	14	7	6	7	7	7	6	
10803	01	1	/ZPOOL/data/projects/rf1-sra-linux2/bids/sub-10803/ses-01/func/sub-10803_ses-01_task-trust_run-1_events.tsv	79	42	42	0	5	14	14	14	7	6	6	6	5	7	
10804	01	1	/ZPOOL/data/projects/rf1-sra-linux2/bids/sub-10804/ses-01/func/sub-10804_ses-01_task-trust_run-1_events.tsv	82	42	42	0	2	14	14	14	6	6	7	7	7	7	
10804	01	2	/ZPOOL/data/projects/rf1-sra-linux2/bids/sub-10804/ses-01/func/sub-10804_ses-01_task-trust_run-2_events.tsv	79	42	39	3	2	14	12	13	6	6	6	6	6	7	
10806	01	1	/ZPOOL/data/projects/rf1-sra-linux2/bids/sub-10806/ses-01/func/sub-10806_ses-01_task-trust_run-1_events.tsv	76	42	41	1	7	14	13	14	4	4	6	7	7	6	
10806	01	2	/ZPOOL/data/projects/rf1-sra-linux2/bids/sub-10806/ses-01/func/sub-10806_ses-01_task-trust_run-2_events.tsv	74	42	41	1	9	14	13	14	5	4	6	6	5	6	
10807	01	1	/ZPOOL/data/projects/rf1-sra-linux2/bids/sub-10807/ses-01/func/sub-10807_ses-01_task-trust_run-1_events.tsv	81	42	40	2	1	13	14	13	7	6	7	7	6	6	
10807	01	2	/ZPOOL/data/projects/rf1-sra-linux2/bids/sub-10807/ses-01/func/sub-10807_ses-01_task-trust_run-2_events.tsv	83	42	41	1	0	13	14	14	6	7	7	7	7	7	
10809	01	1	/ZPOOL/data/projects/rf1-sra-linux2/bids/sub-10809/ses-01/func/sub-10809_ses-01_task-trust_run-1_events.tsv	75	42	41	1	8	14	14	13	5	6	7	7	5	3	
10809	01	2	/ZPOOL/data/projects/rf1-sra-linux2/bids/sub-10809/ses-01/func/sub-10809_ses-01_task-trust_run-2_events.tsv	72	42	42	0	12	14	14	14	4	4	6	7	5	4	
10810	01	1	/ZPOOL/data/projects/rf1-sra-linux2/bids/sub-10810/ses-01/func/sub-10810_ses-01_task-trust_run-1_events.tsv	83	42	42	0	1	14	14	14	6	7	7	7	7	7	
10810	01	2	/ZPOOL/data/projects/rf1-sra-linux2/bids/sub-10810/ses-01/func/sub-10810_ses-01_task-trust_run-2_events.tsv	84	42	42	0	0	14	14	14	7	7	7	7	7	7	
10812	01	1	/ZPOOL/data/projects/rf1-sra-linux2/bids/sub-10812/ses-01/func/sub-10812_ses-01_task-trust_run-1_events.tsv	83	42	42	0	1	14	14	14	6	7	7	7	7	7	
10812	01	2	/ZPOOL/data/projects/rf1-sra-linux2/bids/sub-10812/ses-01/func/sub-10812_ses-01_task-trust_run-2_events.tsv	80	42	42	0	4	14	14	14	7	6	7	7	7	4	
10817	01	1	/ZPOOL/data/projects/rf1-sra-linux2/bids/sub-10817/ses-01/func/sub-10817_ses-01_task-trust_run-1_events.tsv	81	42	42	0	3	14	14	14	6	6	7	7	6	7	
10817	01	2	/ZPOOL/data/projects/rf1-sra-linux2/bids/sub-10817/ses-01/func/sub-10817_ses-01_task-trust_run-2_events.tsv	83	42	42	0	1	14	14	14	7	6	7	7	7	7	
10827	01	1	/ZPOOL/data/projects/rf1-sra-linux2/bids/sub-10827/ses-01/func/sub-10827_ses-01_task-trust_run-1_events.tsv	65	42	29	13	6	11	8	10	5	4	5	2	3	4	
10827	01	2	/ZPOOL/data/projects/rf1-sra-linux2/bids/sub-10827/ses-01/func/sub-10827_ses-01_task-trust_run-2_events.tsv	65	42	27	15	4	8	10	9	3	4	3	5	4	4	
10831	01	1	/ZPOOL/data/projects/rf1-sra-linux2/bids/sub-10831/ses-01/func/sub-10831_ses-01_task-trust_run-1_events.tsv	83	42	42	0	1	14	14	14	6	7	7	7	7	7	
10831	01	2	/ZPOOL/data/projects/rf1-sra-linux2/bids/sub-10831/ses-01/func/sub-10831_ses-01_task-trust_run-2_events.tsv	79	42	42	0	5	14	14	14	5	6	6	7	6	7	
10834	01	1	/ZPOOL/data/projects/rf1-sra-linux2/bids/sub-10834/ses-01/func/sub-10834_ses-01_task-trust_run-1_events.tsv	84	42	42	0	0	14	14	14	7	7	7	7	7	7	
10834	01	2	/ZPOOL/data/projects/rf1-sra-linux2/bids/sub-10834/ses-01/func/sub-10834_ses-01_task-trust_run-2_events.tsv	84	42	42	0	0	14	14	14	7	7	7	7	7	7	
10838	01	1	/ZPOOL/data/projects/rf1-sra-linux2/bids/sub-10838/ses-01/func/sub-10838_ses-01_task-trust_run-1_events.tsv	70	42	38	4	10	14	12	12	6	5	5	4	5	3	
10838	01	2	/ZPOOL/data/projects/rf1-sra-linux2/bids/sub-10838/ses-01/func/sub-10838_ses-01_task-trust_run-2_events.tsv	70	42	37	5	9	12	11	14	3	5	4	5	6	5	
10843	01	1	/ZPOOL/data/projects/rf1-sra-linux2/bids/sub-10843/ses-01/func/sub-10843_ses-01_task-trust_run-1_events.tsv	79	42	42	0	5	14	14	14	7	5	7	6	5	7	
10843	01	2	/ZPOOL/data/projects/rf1-sra-linux2/bids/sub-10843/ses-01/func/sub-10843_ses-01_task-trust_run-2_events.tsv	78	42	42	0	6	14	14	14	6	6	6	5	6	7	
10850	01	1	/ZPOOL/data/projects/rf1-sra-linux2/bids/sub-10850/ses-01/func/sub-10850_ses-01_task-trust_run-1_events.tsv	83	42	42	0	1	14	14	14	7	6	7	7	7	7	
10850	01	2	/ZPOOL/data/projects/rf1-sra-linux2/bids/sub-10850/ses-01/func/sub-10850_ses-01_task-trust_run-2_events.tsv	83	42	42	0	1	14	14	14	7	7	7	7	7	6	
10854	01	1	/ZPOOL/data/projects/rf1-sra-linux2/bids/sub-10854/ses-01/func/sub-10854_ses-01_task-trust_run-1_events.tsv	82	42	42	0	2	14	14	14	7	7	7	7	6	6	
10854	01	2	/ZPOOL/data/projects/rf1-sra-linux2/bids/sub-10854/ses-01/func/sub-10854_ses-01_task-trust_run-2_events.tsv	83	42	42	0	1	14	14	14	7	7	7	7	6	7	
10857	01	1	/ZPOOL/data/projects/rf1-sra-linux2/bids/sub-10857/ses-01/func/sub-10857_ses-01_task-trust_run-1_events.tsv	79	42	42	0	5	14	14	14	6	5	7	7	6	6	
10857	01	2	/ZPOOL/data/projects/rf1-sra-linux2/bids/sub-10857/ses-01/func/sub-10857_ses-01_task-trust_run-2_events.tsv	80	42	42	0	4	14	14	14	6	6	7	7	6	6	
10858	01	1	/ZPOOL/data/projects/rf1-sra-linux2/bids/sub-10858/ses-01/func/sub-10858_ses-01_task-trust_run-1_events.tsv	77	42	41	1	6	14	13	14	4	4	7	6	7	7	
10858	01	2	/ZPOOL/data/projects/rf1-sra-linux2/bids/sub-10858/ses-01/func/sub-10858_ses-01_task-trust_run-2_events.tsv	80	42	42	0	4	14	14	14	6	4	7	7	7	7	
10860	01	1	/ZPOOL/data/projects/rf1-sra-linux2/bids/sub-10860/ses-01/func/sub-10860_ses-01_task-trust_run-1_events.tsv	81	42	41	1	2	14	14	13	7	7	7	7	5	6	
10860	01	2	/ZPOOL/data/projects/rf1-sra-linux2/bids/sub-10860/ses-01/func/sub-10860_ses-01_task-trust_run-2_events.tsv	78	42	41	1	5	14	14	13	7	6	7	7	4	5	
10862	01	1	/ZPOOL/data/projects/rf1-sra-linux2/bids/sub-10862/ses-01/func/sub-10862_ses-01_task-trust_run-1_events.tsv	78	42	41	1	5	14	14	13	6	6	7	7	5	5	
10862	01	2	/ZPOOL/data/projects/rf1-sra-linux2/bids/sub-10862/ses-01/func/sub-10862_ses-01_task-trust_run-2_events.tsv	77	42	41	1	6	14	13	14	5	5	6	6	6	7	
10863	01	1	/ZPOOL/data/projects/rf1-sra-linux2/bids/sub-10863/ses-01/func/sub-10863_ses-01_task-trust_run-1_events.tsv	81	42	41	1	2	14	13	14	7	5	6	7	7	7	
10863	01	2	/ZPOOL/data/projects/rf1-sra-linux2/bids/sub-10863/ses-01/func/sub-10863_ses-01_task-trust_run-2_events.tsv	84	42	42	0	0	14	14	14	7	7	7	7	7	7	
10866	01	1	/ZPOOL/data/projects/rf1-sra-linux2/bids/sub-10866/ses-01/func/sub-10866_ses-01_task-trust_run-1_events.tsv	80	42	42	0	4	14	14	14	6	5	7	7	6	7	
10866	01	2	/ZPOOL/data/projects/rf1-sra-linux2/bids/sub-10866/ses-01/func/sub-10866_ses-01_task-trust_run-2_events.tsv	83	42	42	0	1	14	14	14	7	6	7	7	7	7	
10875	01	1	/ZPOOL/data/projects/rf1-sra-linux2/bids/sub-10875/ses-01/func/sub-10875_ses-01_task-trust_run-1_events.tsv	83	42	42	0	1	14	14	14	7	6	7	7	7	7	
10875	01	2	/ZPOOL/data/projects/rf1-sra-linux2/bids/sub-10875/ses-01/func/sub-10875_ses-01_task-trust_run-2_events.tsv	84	42	42	0	0	14	14	14	7	7	7	7	7	7	
10881	01	1	/ZPOOL/data/projects/rf1-sra-linux2/bids/sub-10881/ses-01/func/sub-10881_ses-01_task-trust_run-1_events.tsv	73	42	38	4	7	11	13	14	4	5	5	6	5	6	
10886	01	1	/ZPOOL/data/projects/rf1-sra-linux2/bids/sub-10886/ses-01/func/sub-10886_ses-01_task-trust_run-1_events.tsv	75	42	40	2	7	14	13	13	6	5	5	6	6	5	
10887	01	1	/ZPOOL/data/projects/rf1-sra-linux2/bids/sub-10887/ses-01/func/sub-10887_ses-01_task-trust_run-1_events.tsv	80	42	42	0	4	14	14	14	6	6	7	6	7	6	
10887	01	2	/ZPOOL/data/projects/rf1-sra-linux2/bids/sub-10887/ses-01/func/sub-10887_ses-01_task-trust_run-2_events.tsv	78	42	42	0	6	14	14	14	6	6	5	7	6	6	
10896	01	1	/ZPOOL/data/projects/rf1-sra-linux2/bids/sub-10896/ses-01/func/sub-10896_ses-01_task-trust_run-1_events.tsv	80	42	41	1	3	13	14	14	5	5	7	7	7	7	
10896	01	2	/ZPOOL/data/projects/rf1-sra-linux2/bids/sub-10896/ses-01/func/sub-10896_ses-01_task-trust_run-2_events.tsv	78	42	40	2	4	14	13	13	7	6	6	7	5	5	
10897	01	1	/ZPOOL/data/projects/rf1-sra-linux2/bids/sub-10897/ses-01/func/sub-10897_ses-01_task-trust_run-1_events.tsv	78	42	41	1	5	14	13	14	4	5	7	6	7	7	
10898	01	1	/ZPOOL/data/projects/rf1-sra-linux2/bids/sub-10898/ses-01/func/sub-10898_ses-01_task-trust_run-1_events.tsv	77	42	40	2	5	12	14	14	6	2	7	7	7	6	
10898	01	2	/ZPOOL/data/projects/rf1-sra-linux2/bids/sub-10898/ses-01/func/sub-10898_ses-01_task-trust_run-2_events.tsv	77	42	39	3	4	14	12	13	6	6	5	6	6	6	
10908	01	1	/ZPOOL/data/projects/rf1-sra-linux2/bids/sub-10908/ses-01/func/sub-10908_ses-01_task-trust_run-1_events.tsv	82	42	41	1	1	14	13	14	6	7	7	6	7	7	
10908	01	2	/ZPOOL/data/projects/rf1-sra-linux2/bids/sub-10908/ses-01/func/sub-10908_ses-01_task-trust_run-2_events.tsv	83	42	42	0	1	14	14	14	7	6	7	7	7	7	
10918	01	1	/ZPOOL/data/projects/rf1-sra-linux2/bids/sub-10918/ses-01/func/sub-10918_ses-01_task-trust_run-1_events.tsv	74	42	42	0	10	14	14	14	5	4	7	6	5	5	
10918	01	2	/ZPOOL/data/projects/rf1-sra-linux2/bids/sub-10918/ses-01/func/sub-10918_ses-01_task-trust_run-2_events.tsv	74	42	42	0	10	14	14	14	4	4	7	7	5	5	
10919	01	1	/ZPOOL/data/projects/rf1-sra-linux2/bids/sub-10919/ses-01/func/sub-10919_ses-01_task-trust_run-1_events.tsv	83	42	42	0	1	14	14	14	7	6	7	7	7	7	
10919	01	2	/ZPOOL/data/projects/rf1-sra-linux2/bids/sub-10919/ses-01/func/sub-10919_ses-01_task-trust_run-2_events.tsv	83	42	42	0	1	14	14	14	7	7	7	7	6	7	
10924	01	1	/ZPOOL/data/projects/rf1-sra-linux2/bids/sub-10924/ses-01/func/sub-10924_ses-01_task-trust_run-1_events.tsv	84	42	42	0	0	14	14	14	7	7	7	7	7	7	
10924	01	2	/ZPOOL/data/projects/rf1-sra-linux2/bids/sub-10924/ses-01/func/sub-10924_ses-01_task-trust_run-2_events.tsv	84	42	42	0	0	14	14	14	7	7	7	7	7	7	
10926	01	1	/ZPOOL/data/projects/rf1-sra-linux2/bids/sub-10926/ses-01/func/sub-10926_ses-01_task-trust_run-1_events.tsv	73	42	42	0	11	14	14	14	4	4	6	7	4	6	
10928	01	1	/ZPOOL/data/projects/rf1-sra-linux2/bids/sub-10928/ses-01/func/sub-10928_ses-01_task-trust_run-1_events.tsv	72	42	41	1	11	13	14	14	4	4	7	7	4	4	
10930	01	1	/ZPOOL/data/projects/rf1-sra-linux2/bids/sub-10930/ses-01/func/sub-10930_ses-01_task-trust_run-1_events.tsv	78	42	41	1	5	13	14	14	6	4	7	7	5	7	
10930	01	2	/ZPOOL/data/projects/rf1-sra-linux2/bids/sub-10930/ses-01/func/sub-10930_ses-01_task-trust_run-2_events.tsv	82	42	42	0	2	14	14	14	6	6	7	7	7	7	
10938	01	1	/ZPOOL/data/projects/rf1-sra-linux2/bids/sub-10938/ses-01/func/sub-10938_ses-01_task-trust_run-1_events.tsv	77	42	41	1	6	14	14	13	4	5	7	7	6	6	
10938	01	2	/ZPOOL/data/projects/rf1-sra-linux2/bids/sub-10938/ses-01/func/sub-10938_ses-01_task-trust_run-2_events.tsv	84	42	42	0	0	14	14	14	7	7	7	7	7	7	
10940	01	1	/ZPOOL/data/projects/rf1-sra-linux2/bids/sub-10940/ses-01/func/sub-10940_ses-01_task-trust_run-1_events.tsv	79	42	42	0	5	14	14	14	6	7	7	6	5	6	
10940	01	2	/ZPOOL/data/projects/rf1-sra-linux2/bids/sub-10940/ses-01/func/sub-10940_ses-01_task-trust_run-2_events.tsv	81	42	42	0	3	14	14	14	6	7	7	6	7	6	
10950	01	1	/ZPOOL/data/projects/rf1-sra-linux2/bids/sub-10950/ses-01/func/sub-10950_ses-01_task-trust_run-1_events.tsv	82	42	42	0	2	14	14	14	6	7	7	6	7	7	
10950	01	2	/ZPOOL/data/projects/rf1-sra-linux2/bids/sub-10950/ses-01/func/sub-10950_ses-01_task-trust_run-2_events.tsv	82	42	42	0	2	14	14	14	6	7	6	7	7	7	
10952	01	1	/ZPOOL/data/projects/rf1-sra-linux2/bids/sub-10952/ses-01/func/sub-10952_ses-01_task-trust_run-1_events.tsv	84	42	42	0	0	14	14	14	7	7	7	7	7	7	
10953	01	1	/ZPOOL/data/projects/rf1-sra-linux2/bids/sub-10953/ses-01/func/sub-10953_ses-01_task-trust_run-1_events.tsv	72	42	42	0	12	14	14	14	4	4	7	7	4	4	
10953	01	2	/ZPOOL/data/projects/rf1-sra-linux2/bids/sub-10953/ses-01/func/sub-10953_ses-01_task-trust_run-2_events.tsv	72	42	42	0	12	14	14	14	4	4	7	7	4	4	
10954	01	1	/ZPOOL/data/projects/rf1-sra-linux2/bids/sub-10954/ses-01/func/sub-10954_ses-01_task-trust_run-1_events.tsv	64	42	29	13	7	8	10	11	3	2	4	4	4	5	
10954	01	2	/ZPOOL/data/projects/rf1-sra-linux2/bids/sub-10954/ses-01/func/sub-10954_ses-01_task-trust_run-2_events.tsv	67	42	30	12	5	11	7	12	2	6	3	3	6	5	
10956	01	1	/ZPOOL/data/projects/rf1-sra-linux2/bids/sub-10956/ses-01/func/sub-10956_ses-01_task-trust_run-1_events.tsv	77	42	42	0	7	14	14	14	4	4	7	7	6	7	
10956	01	2	/ZPOOL/data/projects/rf1-sra-linux2/bids/sub-10956/ses-01/func/sub-10956_ses-01_task-trust_run-2_events.tsv	80	42	42	0	4	14	14	14	5	6	7	7	7	6	
10958	01	1	/ZPOOL/data/projects/rf1-sra-linux2/bids/sub-10958/ses-01/func/sub-10958_ses-01_task-trust_run-1_events.tsv	74	42	40	2	8	13	14	13	6	5	6	6	4	5	
10958	01	2	/ZPOOL/data/projects/rf1-sra-linux2/bids/sub-10958/ses-01/func/sub-10958_ses-01_task-trust_run-2_events.tsv	74	42	42	0	10	14	14	14	5	5	5	7	4	6	
10961	01	1	/ZPOOL/data/projects/rf1-sra-linux2/bids/sub-10961/ses-01/func/sub-10961_ses-01_task-trust_run-1_events.tsv	71	42	41	1	12	14	14	13	4	4	7	7	3	4	
10961	01	2	/ZPOOL/data/projects/rf1-sra-linux2/bids/sub-10961/ses-01/func/sub-10961_ses-01_task-trust_run-2_events.tsv	71	42	40	2	11	14	13	13	4	4	6	7	4	4	
10964	01	1	/ZPOOL/data/projects/rf1-sra-linux2/bids/sub-10964/ses-01/func/sub-10964_ses-01_task-trust_run-1_events.tsv	80	42	41	1	3	14	14	13	5	7	6	7	6	7	
10964	01	2	/ZPOOL/data/projects/rf1-sra-linux2/bids/sub-10964/ses-01/func/sub-10964_ses-01_task-trust_run-2_events.tsv	74	42	41	1	9	14	13	14	6	5	5	4	6	6	
10966	01	1	/ZPOOL/data/projects/rf1-sra-linux2/bids/sub-10966/ses-01/func/sub-10966_ses-01_task-trust_run-1_events.tsv	71	42	41	1	12	14	14	13	4	4	6	7	3	5	
10966	01	2	/ZPOOL/data/projects/rf1-sra-linux2/bids/sub-10966/ses-01/func/sub-10966_ses-01_task-trust_run-2_events.tsv	74	42	42	0	10	14	14	14	4	4	7	7	5	5	
10969	01	1	/ZPOOL/data/projects/rf1-sra-linux2/bids/sub-10969/ses-01/func/sub-10969_ses-01_task-trust_run-1_events.tsv	80	42	42	0	4	14	14	14	6	6	6	7	7	6	
10969	01	2	/ZPOOL/data/projects/rf1-sra-linux2/bids/sub-10969/ses-01/func/sub-10969_ses-01_task-trust_run-2_events.tsv	75	42	42	0	9	14	14	14	6	6	6	6	5	4	
10974	01	1	/ZPOOL/data/projects/rf1-sra-linux2/bids/sub-10974/ses-01/func/sub-10974_ses-01_task-trust_run-1_events.tsv	79	42	38	4	1	12	13	13	5	6	7	6	6	7	
10977	01	1	/ZPOOL/data/projects/rf1-sra-linux2/bids/sub-10977/ses-01/func/sub-10977_ses-01_task-trust_run-1_events.tsv	76	42	42	0	8	14	14	14	5	6	7	7	4	5	
10979	01	1	/ZPOOL/data/projects/rf1-sra-linux2/bids/sub-10979/ses-01/func/sub-10979_ses-01_task-trust_run-1_events.tsv	80	42	42	0	4	14	14	14	6	6	7	5	7	7	
10979	01	2	/ZPOOL/data/projects/rf1-sra-linux2/bids/sub-10979/ses-01/func/sub-10979_ses-01_task-trust_run-2_events.tsv	80	42	42	0	4	14	14	14	6	6	7	5	7	7	
10983	01	1	/ZPOOL/data/projects/rf1-sra-linux2/bids/sub-10983/ses-01/func/sub-10983_ses-01_task-trust_run-1_events.tsv	78	42	40	2	4	14	14	12	5	6	7	7	5	6	
10983	01	2	/ZPOOL/data/projects/rf1-sra-linux2/bids/sub-10983/ses-01/func/sub-10983_ses-01_task-trust_run-2_events.tsv	77	42	40	2	5	14	13	13	5	5	6	7	6	6	
10984	01	1	/ZPOOL/data/projects/rf1-sra-linux2/bids/sub-10984/ses-01/func/sub-10984_ses-01_task-trust_run-1_events.tsv	75	42	41	1	8	14	14	13	5	5	7	7	4	5	
10984	01	2	/ZPOOL/data/projects/rf1-sra-linux2/bids/sub-10984/ses-01/func/sub-10984_ses-01_task-trust_run-2_events.tsv	80	42	40	2	2	14	13	13	6	6	7	6	6	7	
10998	01	1	/ZPOOL/data/projects/rf1-sra-linux2/bids/sub-10998/ses-01/func/sub-10998_ses-01_task-trust_run-1_events.tsv	75	42	41	1	8	14	14	13	6	5	6	6	4	6	
10998	01	2	/ZPOOL/data/projects/rf1-sra-linux2/bids/sub-10998/ses-01/func/sub-10998_ses-01_task-trust_run-2_events.tsv	81	42	42	0	3	14	14	14	5	7	7	7	6	7	
11005	01	1	/ZPOOL/data/projects/rf1-sra-linux2/bids/sub-11005/ses-01/func/sub-11005_ses-01_task-trust_run-1_events.tsv	75	42	39	3	6	14	13	12	5	6	7	5	5	5	
11005	01	2	/ZPOOL/data/projects/rf1-sra-linux2/bids/sub-11005/ses-01/func/sub-11005_ses-01_task-trust_run-2_events.tsv	76	42	42	0	8	14	14	14	6	7	6	5	5	5	
11007	01	1	/ZPOOL/data/projects/rf1-sra-linux2/bids/sub-11007/ses-01/func/sub-11007_ses-01_task-trust_run-1_events.tsv	79	42	42	0	5	14	14	14	5	5	7	7	6	7	
11007	01	2	/ZPOOL/data/projects/rf1-sra-linux2/bids/sub-11007/ses-01/func/sub-11007_ses-01_task-trust_run-2_events.tsv	79	42	42	0	5	14	14	14	7	7	7	7	5	4	
11012	01	1	/ZPOOL/data/projects/rf1-sra-linux2/bids/sub-11012/ses-01/func/sub-11012_ses-01_task-trust_run-1_events.tsv	80	42	41	1	3	13	14	14	5	5	7	7	7	7	
11012	01	2	/ZPOOL/data/projects/rf1-sra-linux2/bids/sub-11012/ses-01/func/sub-11012_ses-01_task-trust_run-2_events.tsv	79	42	42	0	5	14	14	14	5	4	7	7	7	7	
11016	01	1	/ZPOOL/data/projects/rf1-sra-linux2/bids/sub-11016/ses-01/func/sub-11016_ses-01_task-trust_run-1_events.tsv	77	42	42	0	7	14	14	14	5	4	7	6	7	6	
11016	01	2	/ZPOOL/data/projects/rf1-sra-linux2/bids/sub-11016/ses-01/func/sub-11016_ses-01_task-trust_run-2_events.tsv	76	42	42	0	8	14	14	14	4	4	7	7	6	6	
11021	01	1	/ZPOOL/data/projects/rf1-sra-linux2/bids/sub-11021/ses-01/func/sub-11021_ses-01_task-trust_run-1_events.tsv	77	42	42	0	7	14	14	14	4	5	7	7	6	6	
11021	01	2	/ZPOOL/data/projects/rf1-sra-linux2/bids/sub-11021/ses-01/func/sub-11021_ses-01_task-trust_run-2_events.tsv	80	42	42	0	4	14	14	14	5	6	7	7	7	6	
11030	01	1	/ZPOOL/data/projects/rf1-sra-linux2/bids/sub-11030/ses-01/func/sub-11030_ses-01_task-trust_run-1_events.tsv	79	42	41	1	4	13	14	14	6	6	7	7	5	6	
11030	01	2	/ZPOOL/data/projects/rf1-sra-linux2/bids/sub-11030/ses-01/func/sub-11030_ses-01_task-trust_run-2_events.tsv	82	42	42	0	2	14	14	14	7	6	7	7	7	6	
11031	01	1	/ZPOOL/data/projects/rf1-sra-linux2/bids/sub-11031/ses-01/func/sub-11031_ses-01_task-trust_run-1_events.tsv	78	42	41	1	5	14	13	14	7	6	6	7	6	4	
11031	01	2	/ZPOOL/data/projects/rf1-sra-linux2/bids/sub-11031/ses-01/func/sub-11031_ses-01_task-trust_run-2_events.tsv	79	42	42	0	5	14	14	14	6	6	7	7	5	6	
11036	01	1	/ZPOOL/data/projects/rf1-sra-linux2/bids/sub-11036/ses-01/func/sub-11036_ses-01_task-trust_run-1_events.tsv	77	42	42	0	7	14	14	14	6	6	7	6	5	5	
11036	01	2	/ZPOOL/data/projects/rf1-sra-linux2/bids/sub-11036/ses-01/func/sub-11036_ses-01_task-trust_run-2_events.tsv	77	42	42	0	7	14	14	14	6	5	7	7	5	5	
11039	01	1	/ZPOOL/data/projects/rf1-sra-linux2/bids/sub-11039/ses-01/func/sub-11039_ses-01_task-trust_run-1_events.tsv	77	42	42	0	7	14	14	14	7	4	7	7	5	5	
11039	01	2	/ZPOOL/data/projects/rf1-sra-linux2/bids/sub-11039/ses-01/func/sub-11039_ses-01_task-trust_run-2_events.tsv	77	42	42	0	7	14	14	14	7	6	6	7	5	4	
11042	01	1	/ZPOOL/data/projects/rf1-sra-linux2/bids/sub-11042/ses-01/func/sub-11042_ses-01_task-trust_run-1_events.tsv	77	42	42	0	7	14	14	14	5	6	6	5	7	6	
11042	01	2	/ZPOOL/data/projects/rf1-sra-linux2/bids/sub-11042/ses-01/func/sub-11042_ses-01_task-trust_run-2_events.tsv	78	42	42	0	6	14	14	14	6	6	6	5	7	6	
11053	01	1	/ZPOOL/data/projects/rf1-sra-linux2/bids/sub-11053/ses-01/func/sub-11053_ses-01_task-trust_run-1_events.tsv	83	42	41	1	0	14	14	13	7	7	7	7	6	7	
11053	01	2	/ZPOOL/data/projects/rf1-sra-linux2/bids/sub-11053/ses-01/func/sub-11053_ses-01_task-trust_run-2_events.tsv	78	42	41	1	5	14	14	13	4	5	7	7	6	7	
11058	01	1	/ZPOOL/data/projects/rf1-sra-linux2/bids/sub-11058/ses-01/func/sub-11058_ses-01_task-trust_run-1_events.tsv	80	42	41	1	3	13	14	14	5	7	7	7	5	7	
11058	01	2	/ZPOOL/data/projects/rf1-sra-linux2/bids/sub-11058/ses-01/func/sub-11058_ses-01_task-trust_run-2_events.tsv	79	42	42	0	5	14	14	14	6	7	7	6	5	6	
11060	01	1	/ZPOOL/data/projects/rf1-sra-linux2/bids/sub-11060/ses-01/func/sub-11060_ses-01_task-trust_run-1_events.tsv	76	42	41	1	7	14	14	13	4	4	6	7	7	6	
11060	01	2	/ZPOOL/data/projects/rf1-sra-linux2/bids/sub-11060/ses-01/func/sub-11060_ses-01_task-trust_run-2_events.tsv	80	42	42	0	4	14	14	14	7	5	6	7	6	7	
11063	01	1	/ZPOOL/data/projects/rf1-sra-linux2/bids/sub-11063/ses-01/func/sub-11063_ses-01_task-trust_run-1_events.tsv	75	42	40	2	7	13	14	13	5	5	6	7	6	4	
11063	01	2	/ZPOOL/data/projects/rf1-sra-linux2/bids/sub-11063/ses-01/func/sub-11063_ses-01_task-trust_run-2_events.tsv	75	42	40	2	7	14	14	12	5	6	6	7	3	6	
11064	01	1	/ZPOOL/data/projects/rf1-sra-linux2/bids/sub-11064/ses-01/func/sub-11064_ses-01_task-trust_run-1_events.tsv	72	42	40	2	10	14	12	14	5	5	5	5	4	6	
11064	01	2	/ZPOOL/data/projects/rf1-sra-linux2/bids/sub-11064/ses-01/func/sub-11064_ses-01_task-trust_run-2_events.tsv	74	42	39	3	7	13	13	13	5	5	6	6	6	4	
11065	01	1	/ZPOOL/data/projects/rf1-sra-linux2/bids/sub-11065/ses-01/func/sub-11065_ses-01_task-trust_run-1_events.tsv	80	42	41	1	3	13	14	14	4	7	7	7	6	7	
11065	01	2	/ZPOOL/data/projects/rf1-sra-linux2/bids/sub-11065/ses-01/func/sub-11065_ses-01_task-trust_run-2_events.tsv	81	42	42	0	3	14	14	14	7	7	6	7	6	6	
11066	01	1	/ZPOOL/data/projects/rf1-sra-linux2/bids/sub-11066/ses-01/func/sub-11066_ses-01_task-trust_run-1_events.tsv	81	42	40	2	1	13	14	13	6	6	7	7	6	7	
11066	01	2	/ZPOOL/data/projects/rf1-sra-linux2/bids/sub-11066/ses-01/func/sub-11066_ses-01_task-trust_run-2_events.tsv	80	42	38	4	0	12	13	13	6	6	7	6	7	6	
11068	01	1	/ZPOOL/data/projects/rf1-sra-linux2/bids/sub-11068/ses-01/func/sub-11068_ses-01_task-trust_run-1_events.tsv	68	42	39	3	13	13	14	12	4	4	4	4	5	5	
11068	01	2	/ZPOOL/data/projects/rf1-sra-linux2/bids/sub-11068/ses-01/func/sub-11068_ses-01_task-trust_run-2_events.tsv	75	42	41	1	8	13	14	14	6	5	6	5	6	5	
11071	01	1	/ZPOOL/data/projects/rf1-sra-linux2/bids/sub-11071/ses-01/func/sub-11071_ses-01_task-trust_run-1_events.tsv	78	42	41	1	5	14	14	13	7	7	6	5	5	6	
11071	01	2	/ZPOOL/data/projects/rf1-sra-linux2/bids/sub-11071/ses-01/func/sub-11071_ses-01_task-trust_run-2_events.tsv	83	42	42	0	1	14	14	14	7	7	7	7	7	6	
11072	01	1	/ZPOOL/data/projects/rf1-sra-linux2/bids/sub-11072/ses-01/func/sub-11072_ses-01_task-trust_run-1_events.tsv	77	42	42	0	7	14	14	14	4	4	7	7	6	7	
11072	01	2	/ZPOOL/data/projects/rf1-sra-linux2/bids/sub-11072/ses-01/func/sub-11072_ses-01_task-trust_run-2_events.tsv	72	42	42	0	12	14	14	14	4	4	7	7	4	4	
11074	01	1	/ZPOOL/data/projects/rf1-sra-linux2/bids/sub-11074/ses-01/func/sub-11074_ses-01_task-trust_run-1_events.tsv	81	42	42	0	3	14	14	14	6	5	7	7	7	7	
11074	01	2	/ZPOOL/data/projects/rf1-sra-linux2/bids/sub-11074/ses-01/func/sub-11074_ses-01_task-trust_run-2_events.tsv	75	42	42	0	9	14	14	14	5	6	7	5	4	6	
11075	01	1	/ZPOOL/data/projects/rf1-sra-linux2/bids/sub-11075/ses-01/func/sub-11075_ses-01_task-trust_run-1_events.tsv	72	42	42	0	12	14	14	14	4	6	6	5	4	5	
11075	01	2	/ZPOOL/data/projects/rf1-sra-linux2/bids/sub-11075/ses-01/func/sub-11075_ses-01_task-trust_run-2_events.tsv	75	42	42	0	9	14	14	14	5	5	6	5	6	6	
11076	01	1	/ZPOOL/data/projects/rf1-sra-linux2/bids/sub-11076/ses-01/func/sub-11076_ses-01_task-trust_run-1_events.tsv	80	42	41	1	3	14	14	13	5	7	7	7	5	7	
11078	01	1	/ZPOOL/data/projects/rf1-sra-linux2/bids/sub-11078/ses-01/func/sub-11078_ses-01_task-trust_run-1_events.tsv	72	42	42	0	12	14	14	14	4	4	7	7	4	4	
11078	01	2	/ZPOOL/data/projects/rf1-sra-linux2/bids/sub-11078/ses-01/func/sub-11078_ses-01_task-trust_run-2_events.tsv	72	42	42	0	12	14	14	14	4	4	7	7	4	4	
11083	01	1	/ZPOOL/data/projects/rf1-sra-linux2/bids/sub-11083/ses-01/func/sub-11083_ses-01_task-trust_run-1_events.tsv	73	42	37	5	6	14	12	11	6	5	6	6	6	2	
11083	01	2	/ZPOOL/data/projects/rf1-sra-linux2/bids/sub-11083/ses-01/func/sub-11083_ses-01_task-trust_run-2_events.tsv	72	42	39	3	9	12	13	14	6	4	6	5	5	4	
11084	01	1	/ZPOOL/data/projects/rf1-sra-linux2/bids/sub-11084/ses-01/func/sub-11084_ses-01_task-trust_run-1_events.tsv	78	42	40	2	4	12	14	14	4	4	7	7	7	7	
11084	01	2	/ZPOOL/data/projects/rf1-sra-linux2/bids/sub-11084/ses-01/func/sub-11084_ses-01_task-trust_run-2_events.tsv	82	42	42	0	2	14	14	14	6	6	7	7	7	7	
11085	01	1	/ZPOOL/data/projects/rf1-sra-linux2/bids/sub-11085/ses-01/func/sub-11085_ses-01_task-trust_run-1_events.tsv	77	42	41	1	6	14	13	14	6	5	4	7	6	7	
11085	01	2	/ZPOOL/data/projects/rf1-sra-linux2/bids/sub-11085/ses-01/func/sub-11085_ses-01_task-trust_run-2_events.tsv	77	42	42	0	7	14	14	14	5	5	7	7	5	6	
11090	01	1	/ZPOOL/data/projects/rf1-sra-linux2/bids/sub-11090/ses-01/func/sub-11090_ses-01_task-trust_run-1_events.tsv	80	42	42	0	4	14	14	14	5	5	7	7	7	7	
11090	01	2	/ZPOOL/data/projects/rf1-sra-linux2/bids/sub-11090/ses-01/func/sub-11090_ses-01_task-trust_run-2_events.tsv	79	42	40	2	3	13	14	13	5	5	7	7	7	6	
11113	01	1	/ZPOOL/data/projects/rf1-sra-linux2/bids/sub-11113/ses-01/func/sub-11113_ses-01_task-trust_run-1_events.tsv	71	42	41	1	12	14	14	13	4	4	7	7	3	4	
11113	01	2	/ZPOOL/data/projects/rf1-sra-linux2/bids/sub-11113/ses-01/func/sub-11113_ses-01_task-trust_run-2_events.tsv	71	42	41	1	12	13	14	14	5	4	6	6	4	4	
11116	01	1	/ZPOOL/data/projects/rf1-sra-linux2/bids/sub-11116/ses-01/func/sub-11116_ses-01_task-trust_run-1_events.tsv	71	42	41	1	12	14	14	13	4	4	7	7	4	3	
11116	01	2	/ZPOOL/data/projects/rf1-sra-linux2/bids/sub-11116/ses-01/func/sub-11116_ses-01_task-trust_run-2_events.tsv	72	42	42	0	12	14	14	14	4	4	7	7	4	4	
11120	01	1	/ZPOOL/data/projects/rf1-sra-linux2/bids/sub-11120/ses-01/func/sub-11120_ses-01_task-trust_run-1_events.tsv	84	42	42	0	0	14	14	14	7	7	7	7	7	7	
11120	01	2	/ZPOOL/data/projects/rf1-sra-linux2/bids/sub-11120/ses-01/func/sub-11120_ses-01_task-trust_run-2_events.tsv	83	42	41	1	0	14	13	14	7	7	7	6	7	7	
11125	01	1	/ZPOOL/data/projects/rf1-sra-linux2/bids/sub-11125/ses-01/func/sub-11125_ses-01_task-trust_run-1_events.tsv	73	42	38	4	7	12	12	14	5	6	5	4	5	6	
11125	01	2	/ZPOOL/data/projects/rf1-sra-linux2/bids/sub-11125/ses-01/func/sub-11125_ses-01_task-trust_run-2_events.tsv	65	42	28	14	5	11	10	7	4	5	3	5	1	5	
11126	01	1	/ZPOOL/data/projects/rf1-sra-linux2/bids/sub-11126/ses-01/func/sub-11126_ses-01_task-trust_run-1_events.tsv	70	42	38	4	10	14	13	11	4	4	7	5	4	4	
11126	01	2	/ZPOOL/data/projects/rf1-sra-linux2/bids/sub-11126/ses-01/func/sub-11126_ses-01_task-trust_run-2_events.tsv	67	42	31	11	6	11	9	11	4	3	4	4	4	6	
11128	01	1	/ZPOOL/data/projects/rf1-sra-linux2/bids/sub-11128/ses-01/func/sub-11128_ses-01_task-trust_run-1_events.tsv	81	42	40	2	1	13	14	13	7	6	6	7	7	6	
11128	01	2	/ZPOOL/data/projects/rf1-sra-linux2/bids/sub-11128/ses-01/func/sub-11128_ses-01_task-trust_run-2_events.tsv	82	42	40	2	0	12	14	14	6	6	7	7	7	7	
11134	01	1	/ZPOOL/data/projects/rf1-sra-linux2/bids/sub-11134/ses-01/func/sub-11134_ses-01_task-trust_run-1_events.tsv	74	42	41	1	9	14	14	13	5	6	5	5	6	5	
11134	01	2	/ZPOOL/data/projects/rf1-sra-linux2/bids/sub-11134/ses-01/func/sub-11134_ses-01_task-trust_run-2_events.tsv	73	42	42	0	11	14	14	14	5	6	5	6	5	4	
11139	01	1	/ZPOOL/data/projects/rf1-sra-linux2/bids/sub-11139/ses-01/func/sub-11139_ses-01_task-trust_run-1_events.tsv	73	42	42	0	11	14	14	14	4	4	7	6	4	6	
11139	01	2	/ZPOOL/data/projects/rf1-sra-linux2/bids/sub-11139/ses-01/func/sub-11139_ses-01_task-trust_run-2_events.tsv	69	42	38	4	11	12	13	13	3	4	6	6	4	4	
11164	01	1	/ZPOOL/data/projects/rf1-sra-linux2/bids/sub-11164/ses-01/func/sub-11164_ses-01_task-trust_run-1_events.tsv	73	42	38	4	7	14	13	11	5	5	6	6	6	3	
11167	01	1	/ZPOOL/data/projects/rf1-sra-linux2/bids/sub-11167/ses-01/func/sub-11167_ses-01_task-trust_run-1_events.tsv	81	42	42	0	3	14	14	14	6	7	5	7	7	7	
11167	01	2	/ZPOOL/data/projects/rf1-sra-linux2/bids/sub-11167/ses-01/func/sub-11167_ses-01_task-trust_run-2_events.tsv	82	42	41	1	1	14	14	13	7	7	6	7	6	7	
11168	01	1	/ZPOOL/data/projects/rf1-sra-linux2/bids/sub-11168/ses-01/func/sub-11168_ses-01_task-trust_run-1_events.tsv	76	42	42	0	8	14	14	14	5	4	7	7	6	5	
11168	01	2	/ZPOOL/data/projects/rf1-sra-linux2/bids/sub-11168/ses-01/func/sub-11168_ses-01_task-trust_run-2_events.tsv	81	42	41	1	2	13	14	14	6	6	7	7	7	6	
11171	01	1	/ZPOOL/data/projects/rf1-sra-linux2/bids/sub-11171/ses-01/func/sub-11171_ses-01_task-trust_run-1_events.tsv	76	42	42	0	8	14	14	14	4	4	7	7	6	6	
11171	01	2	/ZPOOL/data/projects/rf1-sra-linux2/bids/sub-11171/ses-01/func/sub-11171_ses-01_task-trust_run-2_events.tsv	75	42	42	0	9	14	14	14	4	4	7	6	6	6	
11177	01	1	/ZPOOL/data/projects/rf1-sra-linux2/bids/sub-11177/ses-01/func/sub-11177_ses-01_task-trust_run-1_events.tsv	75	42	42	0	9	14	14	14	4	4	6	6	7	6	
11177	01	2	/ZPOOL/data/projects/rf1-sra-linux2/bids/sub-11177/ses-01/func/sub-11177_ses-01_task-trust_run-2_events.tsv	74	42	40	2	8	13	14	13	4	4	7	7	4	6	
11192	01	1	/ZPOOL/data/projects/rf1-sra-linux2/bids/sub-11192/ses-01/func/sub-11192_ses-01_task-trust_run-1_events.tsv	78	42	42	0	6	14	14	14	5	4	7	7	6	7	
11192	01	2	/ZPOOL/data/projects/rf1-sra-linux2/bids/sub-11192/ses-01/func/sub-11192_ses-01_task-trust_run-2_events.tsv	80	42	41	1	3	13	14	14	5	7	6	7	7	6	
11193	01	1	/ZPOOL/data/projects/rf1-sra-linux2/bids/sub-11193/ses-01/func/sub-11193_ses-01_task-trust_run-1_events.tsv	79	42	41	1	4	13	14	14	6	7	5	7	6	6	
11193	01	2	/ZPOOL/data/projects/rf1-sra-linux2/bids/sub-11193/ses-01/func/sub-11193_ses-01_task-trust_run-2_events.tsv	77	42	41	1	6	14	14	13	4	5	7	7	6	6	
11203	01	1	/ZPOOL/data/projects/rf1-sra-linux2/bids/sub-11203/ses-01/func/sub-11203_ses-01_task-trust_run-1_events.tsv	72	42	39	3	9	14	13	12	5	7	6	4	4	4	
11203	01	2	/ZPOOL/data/projects/rf1-sra-linux2/bids/sub-11203/ses-01/func/sub-11203_ses-01_task-trust_run-2_events.tsv	74	42	42	0	10	14	14	14	6	6	6	5	4	5	
11209	01	1	/ZPOOL/data/projects/rf1-sra-linux2/bids/sub-11209/ses-01/func/sub-11209_ses-01_task-trust_run-1_events.tsv	76	42	37	5	3	12	13	12	6	5	7	6	5	5	
11209	01	2	/ZPOOL/data/projects/rf1-sra-linux2/bids/sub-11209/ses-01/func/sub-11209_ses-01_task-trust_run-2_events.tsv	72	42	40	2	10	14	14	12	4	5	7	6	4	4	
11227	01	1	/ZPOOL/data/projects/rf1-sra-linux2/bids/sub-11227/ses-01/func/sub-11227_ses-01_task-trust_run-1_events.tsv	72	42	42	0	12	14	14	14	4	4	7	6	5	4	
11227	01	2	/ZPOOL/data/projects/rf1-sra-linux2/bids/sub-11227/ses-01/func/sub-11227_ses-01_task-trust_run-2_events.tsv	70	42	42	0	14	14	14	14	4	4	5	6	5	4	
11238	01	1	/ZPOOL/data/projects/rf1-sra-linux2/bids/sub-11238/ses-01/func/sub-11238_ses-01_task-trust_run-1_events.tsv	80	42	42	0	4	14	14	14	6	6	7	7	7	5	
11238	01	2	/ZPOOL/data/projects/rf1-sra-linux2/bids/sub-11238/ses-01/func/sub-11238_ses-01_task-trust_run-2_events.tsv	78	42	40	2	4	13	14	13	7	6	7	6	5	5	
11246	01	1	/ZPOOL/data/projects/rf1-sra-linux2/bids/sub-11246/ses-01/func/sub-11246_ses-01_task-trust_run-1_events.tsv	80	42	42	0	4	14	14	14	6	4	7	7	7	7	
11246	01	2	/ZPOOL/data/projects/rf1-sra-linux2/bids/sub-11246/ses-01/func/sub-11246_ses-01_task-trust_run-2_events.tsv	72	42	42	0	12	14	14	14	4	4	7	7	4	4	
11276	01	1	/ZPOOL/data/projects/rf1-sra-linux2/bids/sub-11276/ses-01/func/sub-11276_ses-01_task-trust_run-1_events.tsv	77	42	41	1	6	14	13	14	7	6	5	5	6	6	
11276	01	2	/ZPOOL/data/projects/rf1-sra-linux2/bids/sub-11276/ses-01/func/sub-11276_ses-01_task-trust_run-2_events.tsv	71	42	40	2	11	13	14	13	6	4	5	4	4	6	
11286	01	1	/ZPOOL/data/projects/rf1-sra-linux2/bids/sub-11286/ses-01/func/sub-11286_ses-01_task-trust_run-1_events.tsv	71	42	41	1	12	14	14	13	4	5	6	6	4	4	
11301	01	1	/ZPOOL/data/projects/rf1-sra-linux2/bids/sub-11301/ses-01/func/sub-11301_ses-01_task-trust_run-1_events.tsv	76	42	40	2	6	13	14	13	4	7	7	6	4	6	
11301	01	2	/ZPOOL/data/projects/rf1-sra-linux2/bids/sub-11301/ses-01/func/sub-11301_ses-01_task-trust_run-2_events.tsv	80	42	41	1	3	13	14	14	5	6	7	7	6	7	
11311	01	1	/ZPOOL/data/projects/rf1-sra-linux2/bids/sub-11311/ses-01/func/sub-11311_ses-01_task-trust_run-1_events.tsv	81	42	42	0	3	14	14	14	5	6	7	7	7	7	
11311	01	2	/ZPOOL/data/projects/rf1-sra-linux2/bids/sub-11311/ses-01/func/sub-11311_ses-01_task-trust_run-2_events.tsv	82	42	42	0	2	14	14	14	7	6	7	7	6	7	
11312	01	1	/ZPOOL/data/projects/rf1-sra-linux2/bids/sub-11312/ses-01/func/sub-11312_ses-01_task-trust_run-1_events.tsv	78	42	42	0	6	14	14	14	5	6	6	7	6	6	
11312	01	2	/ZPOOL/data/projects/rf1-sra-linux2/bids/sub-11312/ses-01/func/sub-11312_ses-01_task-trust_run-2_events.tsv	68	42	42	0	16	14	14	14	5	4	5	4	4	4	
11316	01	1	/ZPOOL/data/projects/rf1-sra-linux2/bids/sub-11316/ses-01/func/sub-11316_ses-01_task-trust_run-1_events.tsv	80	42	42	0	4	14	14	14	6	5	7	7	6	7	
11316	01	2	/ZPOOL/data/projects/rf1-sra-linux2/bids/sub-11316/ses-01/func/sub-11316_ses-01_task-trust_run-2_events.tsv	83	42	42	0	1	14	14	14	7	7	6	7	7	7	
11318	01	1	/ZPOOL/data/projects/rf1-sra-linux2/bids/sub-11318/ses-01/func/sub-11318_ses-01_task-trust_run-1_events.tsv	78	42	41	1	5	13	14	14	6	5	6	6	6	7	
11318	01	2	/ZPOOL/data/projects/rf1-sra-linux2/bids/sub-11318/ses-01/func/sub-11318_ses-01_task-trust_run-2_events.tsv	77	42	42	0	7	14	14	14	5	6	6	6	5	7	
11321	01	1	/ZPOOL/data/projects/rf1-sra-linux2/bids/sub-11321/ses-01/func/sub-11321_ses-01_task-trust_run-1_events.tsv	83	42	42	0	1	14	14	14	7	7	6	7	7	7	
11321	01	2	/ZPOOL/data/projects/rf1-sra-linux2/bids/sub-11321/ses-01/func/sub-11321_ses-01_task-trust_run-2_events.tsv	84	42	42	0	0	14	14	14	7	7	7	7	7	7	
11325	01	1	/ZPOOL/data/projects/rf1-sra-linux2/bids/sub-11325/ses-01/func/sub-11325_ses-01_task-trust_run-1_events.tsv	76	42	42	0	8	14	14	14	4	4	7	7	7	5	
11325	01	2	/ZPOOL/data/projects/rf1-sra-linux2/bids/sub-11325/ses-01/func/sub-11325_ses-01_task-trust_run-2_events.tsv	76	42	41	1	7	14	14	13	4	4	7	7	6	6	
11326	01	1	/ZPOOL/data/projects/rf1-sra-linux2/bids/sub-11326/ses-01/func/sub-11326_ses-01_task-trust_run-1_events.tsv	76	42	42	0	8	14	14	14	6	5	6	7	5	5	
11326	01	2	/ZPOOL/data/projects/rf1-sra-linux2/bids/sub-11326/ses-01/func/sub-11326_ses-01_task-trust_run-2_events.tsv	71	42	38	4	9	13	13	12	6	6	4	5	4	4	
11329	01	1	/ZPOOL/data/projects/rf1-sra-linux2/bids/sub-11329/ses-01/func/sub-11329_ses-01_task-trust_run-1_events.tsv	79	42	42	0	5	14	14	14	4	5	7	7	7	7	
11329	01	2	/ZPOOL/data/projects/rf1-sra-linux2/bids/sub-11329/ses-01/func/sub-11329_ses-01_task-trust_run-2_events.tsv	78	42	42	0	6	14	14	14	4	4	7	7	7	7	
11330	01	1	/ZPOOL/data/projects/rf1-sra-linux2/bids/sub-11330/ses-01/func/sub-11330_ses-01_task-trust_run-1_events.tsv	84	42	42	0	0	14	14	14	7	7	7	7	7	7	
11330	01	2	/ZPOOL/data/projects/rf1-sra-linux2/bids/sub-11330/ses-01/func/sub-11330_ses-01_task-trust_run-2_events.tsv	84	42	42	0	0	14	14	14	7	7	7	7	7	7	
11337	01	1	/ZPOOL/data/projects/rf1-sra-linux2/bids/sub-11337/ses-01/func/sub-11337_ses-01_task-trust_run-1_events.tsv	77	42	41	1	6	14	13	14	7	6	6	5	5	6	
11337	01	2	/ZPOOL/data/projects/rf1-sra-linux2/bids/sub-11337/ses-01/func/sub-11337_ses-01_task-trust_run-2_events.tsv	77	42	42	0	7	14	14	14	5	4	7	7	5	7	
11338	01	1	/ZPOOL/data/projects/rf1-sra-linux2/bids/sub-11338/ses-01/func/sub-11338_ses-01_task-trust_run-1_events.tsv	71	42	39	3	10	13	12	14	5	4	5	4	5	6	
11338	01	2	/ZPOOL/data/projects/rf1-sra-linux2/bids/sub-11338/ses-01/func/sub-11338_ses-01_task-trust_run-2_events.tsv	78	42	40	2	4	14	14	12	6	7	6	6	5	6	
11340	01	1	/ZPOOL/data/projects/rf1-sra-linux2/bids/sub-11340/ses-01/func/sub-11340_ses-01_task-trust_run-1_events.tsv	74	42	42	0	10	14	14	14	5	5	5	7	6	4	
11340	01	2	/ZPOOL/data/projects/rf1-sra-linux2/bids/sub-11340/ses-01/func/sub-11340_ses-01_task-trust_run-2_events.tsv	75	42	42	0	9	14	14	14	5	5	7	6	5	5	
11345	01	1	/ZPOOL/data/projects/rf1-sra-linux2/bids/sub-11345/ses-01/func/sub-11345_ses-01_task-trust_run-1_events.tsv	81	42	42	0	3	14	14	14	6	5	7	7	7	7	
11345	01	2	/ZPOOL/data/projects/rf1-sra-linux2/bids/sub-11345/ses-01/func/sub-11345_ses-01_task-trust_run-2_events.tsv	80	42	42	0	4	14	14	14	5	6	7	7	6	7	
11348	01	1	/ZPOOL/data/projects/rf1-sra-linux2/bids/sub-11348/ses-01/func/sub-11348_ses-01_task-trust_run-1_events.tsv	81	42	42	0	3	14	14	14	6	6	7	7	7	6	
11348	01	2	/ZPOOL/data/projects/rf1-sra-linux2/bids/sub-11348/ses-01/func/sub-11348_ses-01_task-trust_run-2_events.tsv	84	42	42	0	0	14	14	14	7	7	7	7	7	7	
11358	01	1	/ZPOOL/data/projects/rf1-sra-linux2/bids/sub-11358/ses-01/func/sub-11358_ses-01_task-trust_run-1_events.tsv	82	42	42	0	2	14	14	14	6	7	7	6	7	7	
11358	01	2	/ZPOOL/data/projects/rf1-sra-linux2/bids/sub-11358/ses-01/func/sub-11358_ses-01_task-trust_run-2_events.tsv	84	42	42	0	0	14	14	14	7	7	7	7	7	7	
11364	01	1	/ZPOOL/data/projects/rf1-sra-linux2/bids/sub-11364/ses-01/func/sub-11364_ses-01_task-trust_run-1_events.tsv	66	42	40	2	16	13	14	13	4	4	4	4	5	3	
11364	01	2	/ZPOOL/data/projects/rf1-sra-linux2/bids/sub-11364/ses-01/func/sub-11364_ses-01_task-trust_run-2_events.tsv	65	42	38	4	15	12	13	13	5	4	3	4	4	3	
11367	01	1	/ZPOOL/data/projects/rf1-sra-linux2/bids/sub-11367/ses-01/func/sub-11367_ses-01_task-trust_run-1_events.tsv	79	42	41	1	4	13	14	14	6	5	7	7	5	7	
11367	01	2	/ZPOOL/data/projects/rf1-sra-linux2/bids/sub-11367/ses-01/func/sub-11367_ses-01_task-trust_run-2_events.tsv	76	42	42	0	8	14	14	14	4	4	7	7	6	6	
11374	01	1	/ZPOOL/data/projects/rf1-sra-linux2/bids/sub-11374/ses-01/func/sub-11374_ses-01_task-trust_run-1_events.tsv	70	42	36	6	8	13	12	11	4	5	6	5	4	4	
11374	01	2	/ZPOOL/data/projects/rf1-sra-linux2/bids/sub-11374/ses-01/func/sub-11374_ses-01_task-trust_run-2_events.tsv	74	42	38	4	6	12	13	13	7	3	5	6	5	6	
11376	01	1	/ZPOOL/data/projects/rf1-sra-linux2/bids/sub-11376/ses-01/func/sub-11376_ses-01_task-trust_run-1_events.tsv	79	42	41	1	4	13	14	14	5	5	7	7	6	7	
11376	01	2	/ZPOOL/data/projects/rf1-sra-linux2/bids/sub-11376/ses-01/func/sub-11376_ses-01_task-trust_run-2_events.tsv	79	42	42	0	5	14	14	14	4	5	7	7	7	7	
11377	01	1	/ZPOOL/data/projects/rf1-sra-linux2/bids/sub-11377/ses-01/func/sub-11377_ses-01_task-trust_run-1_events.tsv	83	42	42	0	1	14	14	14	7	6	7	7	7	7	
11377	01	2	/ZPOOL/data/projects/rf1-sra-linux2/bids/sub-11377/ses-01/func/sub-11377_ses-01_task-trust_run-2_events.tsv	84	42	42	0	0	14	14	14	7	7	7	7	7	7	
11387	01	1	/ZPOOL/data/projects/rf1-sra-linux2/bids/sub-11387/ses-01/func/sub-11387_ses-01_task-trust_run-1_events.tsv	75	42	42	0	9	14	14	14	4	4	7	7	6	5	
11387	01	2	/ZPOOL/data/projects/rf1-sra-linux2/bids/sub-11387/ses-01/func/sub-11387_ses-01_task-trust_run-2_events.tsv	78	42	42	0	6	14	14	14	4	4	7	7	7	7	
11396	01	1	/ZPOOL/data/projects/rf1-sra-linux2/bids/sub-11396/ses-01/func/sub-11396_ses-01_task-trust_run-1_events.tsv	74	42	40	2	8	13	13	14	5	5	6	7	5	4	
11396	01	2	/ZPOOL/data/projects/rf1-sra-linux2/bids/sub-11396/ses-01/func/sub-11396_ses-01_task-trust_run-2_events.tsv	74	42	42	0	10	14	14	14	4	5	7	6	5	5	
11410	01	1	/ZPOOL/data/projects/rf1-sra-linux2/bids/sub-11410/ses-01/func/sub-11410_ses-01_task-trust_run-1_events.tsv	70	42	41	1	13	14	14	13	4	5	5	5	5	4	
11410	01	2	/ZPOOL/data/projects/rf1-sra-linux2/bids/sub-11410/ses-01/func/sub-11410_ses-01_task-trust_run-2_events.tsv	70	42	40	2	12	14	14	12	5	4	4	7	4	4	
11416	01	1	/ZPOOL/data/projects/rf1-sra-linux2/bids/sub-11416/ses-01/func/sub-11416_ses-01_task-trust_run-1_events.tsv	70	42	41	1	13	14	14	13	5	6	4	5	4	4	
11426	01	1	/ZPOOL/data/projects/rf1-sra-linux2/bids/sub-11426/ses-01/func/sub-11426_ses-01_task-trust_run-1_events.tsv	78	42	42	0	6	14	14	14	4	4	7	7	7	7	
11430	01	1	/ZPOOL/data/projects/rf1-sra-linux2/bids/sub-11430/ses-01/func/sub-11430_ses-01_task-trust_run-1_events.tsv	76	42	42	0	8	14	14	14	6	6	6	5	6	5	
11430	01	2	/ZPOOL/data/projects/rf1-sra-linux2/bids/sub-11430/ses-01/func/sub-11430_ses-01_task-trust_run-2_events.tsv	77	42	42	0	7	14	14	14	6	7	6	6	5	5	
11433	01	1	/ZPOOL/data/projects/rf1-sra-linux2/bids/sub-11433/ses-01/func/sub-11433_ses-01_task-trust_run-1_events.tsv	75	42	42	0	9	14	14	14	4	4	7	7	6	5	
11433	01	2	/ZPOOL/data/projects/rf1-sra-linux2/bids/sub-11433/ses-01/func/sub-11433_ses-01_task-trust_run-2_events.tsv	74	42	42	0	10	14	14	14	4	4	7	6	6	5	
11435	01	1	/ZPOOL/data/projects/rf1-sra-linux2/bids/sub-11435/ses-01/func/sub-11435_ses-01_task-trust_run-1_events.tsv	78	42	42	0	6	14	14	14	7	5	7	7	5	5	
11435	01	2	/ZPOOL/data/projects/rf1-sra-linux2/bids/sub-11435/ses-01/func/sub-11435_ses-01_task-trust_run-2_events.tsv	80	42	41	1	3	13	14	14	6	6	7	7	6	6	
11439	01	1	/ZPOOL/data/projects/rf1-sra-linux2/bids/sub-11439/ses-01/func/sub-11439_ses-01_task-trust_run-1_events.tsv	74	42	42	0	10	14	14	14	5	6	7	6	4	4	
11439	01	2	/ZPOOL/data/projects/rf1-sra-linux2/bids/sub-11439/ses-01/func/sub-11439_ses-01_task-trust_run-2_events.tsv	72	42	41	1	11	14	13	14	4	5	5	6	5	5	
11440	01	1	/ZPOOL/data/projects/rf1-sra-linux2/bids/sub-11440/ses-01/func/sub-11440_ses-01_task-trust_run-1_events.tsv	74	42	42	0	10	14	14	14	5	5	4	6	6	6	
11440	01	2	/ZPOOL/data/projects/rf1-sra-linux2/bids/sub-11440/ses-01/func/sub-11440_ses-01_task-trust_run-2_events.tsv	82	42	42	0	2	14	14	14	7	6	7	7	7	6	
11443	01	1	/ZPOOL/data/projects/rf1-sra-linux2/bids/sub-11443/ses-01/func/sub-11443_ses-01_task-trust_run-1_events.tsv	72	42	41	1	11	14	13	14	5	4	4	7	4	6	
11443	01	2	/ZPOOL/data/projects/rf1-sra-linux2/bids/sub-11443/ses-01/func/sub-11443_ses-01_task-trust_run-2_events.tsv	67	42	42	0	17	14	14	14	4	4	5	4	4	4	
11451	01	1	/ZPOOL/data/projects/rf1-sra-linux2/bids/sub-11451/ses-01/func/sub-11451_ses-01_task-trust_run-1_events.tsv	75	42	41	1	8	13	14	14	4	5	7	7	5	5	
11451	01	2	/ZPOOL/data/projects/rf1-sra-linux2/bids/sub-11451/ses-01/func/sub-11451_ses-01_task-trust_run-2_events.tsv	77	42	41	1	6	13	14	14	5	6	7	6	5	6	
11461	01	1	/ZPOOL/data/projects/rf1-sra-linux2/bids/sub-11461/ses-01/func/sub-11461_ses-01_task-trust_run-1_events.tsv	72	42	40	2	10	13	14	13	4	6	4	6	4	6	
11461	01	2	/ZPOOL/data/projects/rf1-sra-linux2/bids/sub-11461/ses-01/func/sub-11461_ses-01_task-trust_run-2_events.tsv	76	42	41	1	7	14	13	14	6	6	6	5	5	6	
11462	01	1	/ZPOOL/data/projects/rf1-sra-linux2/bids/sub-11462/ses-01/func/sub-11462_ses-01_task-trust_run-1_events.tsv	74	42	40	2	8	13	14	13	5	5	5	6	6	5	
11472	01	1	/ZPOOL/data/projects/rf1-sra-linux2/bids/sub-11472/ses-01/func/sub-11472_ses-01_task-trust_run-1_events.tsv	78	42	42	0	6	14	14	14	6	7	6	6	6	5	
11472	01	2	/ZPOOL/data/projects/rf1-sra-linux2/bids/sub-11472/ses-01/func/sub-11472_ses-01_task-trust_run-2_events.tsv	79	42	42	0	5	14	14	14	5	7	6	6	6	7	
11492	01	1	/ZPOOL/data/projects/rf1-sra-linux2/bids/sub-11492/ses-01/func/sub-11492_ses-01_task-trust_run-1_events.tsv	83	42	42	0	1	14	14	14	7	6	7	7	7	7	
11492	01	2	/ZPOOL/data/projects/rf1-sra-linux2/bids/sub-11492/ses-01/func/sub-11492_ses-01_task-trust_run-2_events.tsv	82	42	40	2	0	12	14	14	6	6	7	7	7	7	
11493	01	1	/ZPOOL/data/projects/rf1-sra-linux2/bids/sub-11493/ses-01/func/sub-11493_ses-01_task-trust_run-1_events.tsv	78	42	40	2	4	14	13	13	6	4	6	7	6	7	
11493	01	2	/ZPOOL/data/projects/rf1-sra-linux2/bids/sub-11493/ses-01/func/sub-11493_ses-01_task-trust_run-2_events.tsv	82	42	42	0	2	14	14	14	6	6	7	7	7	7	
11498	01	1	/ZPOOL/data/projects/rf1-sra-linux2/bids/sub-11498/ses-01/func/sub-11498_ses-01_task-trust_run-1_events.tsv	80	42	42	0	4	14	14	14	6	7	7	7	5	6	
11517	01	1	/ZPOOL/data/projects/rf1-sra-linux2/bids/sub-11517/ses-01/func/sub-11517_ses-01_task-trust_run-1_events.tsv	73	42	41	1	10	14	13	14	4	5	6	7	4	5	
11517	01	2	/ZPOOL/data/projects/rf1-sra-linux2/bids/sub-11517/ses-01/func/sub-11517_ses-01_task-trust_run-2_events.tsv	76	42	41	1	7	14	14	13	5	4	7	6	6	6	
11518	01	1	/ZPOOL/data/projects/rf1-sra-linux2/bids/sub-11518/ses-01/func/sub-11518_ses-01_task-trust_run-1_events.tsv	77	42	40	2	5	14	14	12	5	4	7	7	6	6	
11518	01	2	/ZPOOL/data/projects/rf1-sra-linux2/bids/sub-11518/ses-01/func/sub-11518_ses-01_task-trust_run-2_events.tsv	70	42	38	4	10	11	13	14	3	2	6	7	5	5	
11523	01	1	/ZPOOL/data/projects/rf1-sra-linux2/bids/sub-11523/ses-01/func/sub-11523_ses-01_task-trust_run-1_events.tsv	76	42	42	0	8	14	14	14	7	6	6	4	5	6	
11523	01	2	/ZPOOL/data/projects/rf1-sra-linux2/bids/sub-11523/ses-01/func/sub-11523_ses-01_task-trust_run-2_events.tsv	65	42	32	10	9	7	11	14	2	2	4	5	5	5	
11526	01	1	/ZPOOL/data/projects/rf1-sra-linux2/bids/sub-11526/ses-01/func/sub-11526_ses-01_task-trust_run-1_events.tsv	75	42	42	0	9	14	14	14	4	4	7	7	5	6	
11526	01	2	/ZPOOL/data/projects/rf1-sra-linux2/bids/sub-11526/ses-01/func/sub-11526_ses-01_task-trust_run-2_events.tsv	76	42	42	0	8	14	14	14	5	5	7	7	6	4	
11527	01	1	/ZPOOL/data/projects/rf1-sra-linux2/bids/sub-11527/ses-01/func/sub-11527_ses-01_task-trust_run-1_events.tsv	72	42	41	1	11	14	13	14	7	5	4	4	5	5	
11527	01	2	/ZPOOL/data/projects/rf1-sra-linux2/bids/sub-11527/ses-01/func/sub-11527_ses-01_task-trust_run-2_events.tsv	73	42	42	0	11	14	14	14	5	7	5	4	4	6	
11529	01	1	/ZPOOL/data/projects/rf1-sra-linux2/bids/sub-11529/ses-01/func/sub-11529_ses-01_task-trust_run-1_events.tsv	76	42	42	0	8	14	14	14	4	4	7	7	6	6	
11530	01	1	/ZPOOL/data/projects/rf1-sra-linux2/bids/sub-11530/ses-01/func/sub-11530_ses-01_task-trust_run-1_events.tsv	80	42	41	1	3	14	14	13	6	6	7	7	6	6	
11530	01	2	/ZPOOL/data/projects/rf1-sra-linux2/bids/sub-11530/ses-01/func/sub-11530_ses-01_task-trust_run-2_events.tsv	81	42	42	0	3	14	14	14	6	6	7	7	7	6	
11532	01	1	/ZPOOL/data/projects/rf1-sra-linux2/bids/sub-11532/ses-01/func/sub-11532_ses-01_task-trust_run-1_events.tsv	84	42	42	0	0	14	14	14	7	7	7	7	7	7	
11532	01	2	/ZPOOL/data/projects/rf1-sra-linux2/bids/sub-11532/ses-01/func/sub-11532_ses-01_task-trust_run-2_events.tsv	83	42	42	0	1	14	14	14	7	7	7	7	6	7	
11533	01	1	/ZPOOL/data/projects/rf1-sra-linux2/bids/sub-11533/ses-01/func/sub-11533_ses-01_task-trust_run-1_events.tsv	72	42	42	0	12	14	14	14	5	4	6	6	4	5	
11533	01	2	/ZPOOL/data/projects/rf1-sra-linux2/bids/sub-11533/ses-01/func/sub-11533_ses-01_task-trust_run-2_events.tsv	67	42	42	0	17	14	14	14	4	4	5	4	4	4	
11534	01	1	/ZPOOL/data/projects/rf1-sra-linux2/bids/sub-11534/ses-01/func/sub-11534_ses-01_task-trust_run-1_events.tsv	80	42	42	0	4	14	14	14	6	5	7	7	7	6	
11534	01	2	/ZPOOL/data/projects/rf1-sra-linux2/bids/sub-11534/ses-01/func/sub-11534_ses-01_task-trust_run-2_events.tsv	80	42	42	0	4	14	14	14	6	6	7	7	6	6	
11535	01	1	/ZPOOL/data/projects/rf1-sra-linux2/bids/sub-11535/ses-01/func/sub-11535_ses-01_task-trust_run-1_events.tsv	74	42	42	0	10	14	14	14	4	6	6	7	5	4	
11535	01	2	/ZPOOL/data/projects/rf1-sra-linux2/bids/sub-11535/ses-01/func/sub-11535_ses-01_task-trust_run-2_events.tsv	67	42	37	5	12	12	12	13	3	4	5	6	4	3	
11536	01	1	/ZPOOL/data/projects/rf1-sra-linux2/bids/sub-11536/ses-01/func/sub-11536_ses-01_task-trust_run-1_events.tsv	73	42	40	2	9	13	13	14	4	4	6	5	7	5	
11536	01	2	/ZPOOL/data/projects/rf1-sra-linux2/bids/sub-11536/ses-01/func/sub-11536_ses-01_task-trust_run-2_events.tsv	71	42	41	1	12	13	14	14	5	4	5	6	5	4	
11539	01	1	/ZPOOL/data/projects/rf1-sra-linux2/bids/sub-11539/ses-01/func/sub-11539_ses-01_task-trust_run-1_events.tsv	80	42	42	0	4	14	14	14	6	7	7	7	6	5	
11539	01	2	/ZPOOL/data/projects/rf1-sra-linux2/bids/sub-11539/ses-01/func/sub-11539_ses-01_task-trust_run-2_events.tsv	76	42	39	3	5	14	11	14	6	6	4	5	7	6	
11540	01	1	/ZPOOL/data/projects/rf1-sra-linux2/bids/sub-11540/ses-01/func/sub-11540_ses-01_task-trust_run-1_events.tsv	84	42	42	0	0	14	14	14	7	7	7	7	7	7	
11540	01	2	/ZPOOL/data/projects/rf1-sra-linux2/bids/sub-11540/ses-01/func/sub-11540_ses-01_task-trust_run-2_events.tsv	84	42	42	0	0	14	14	14	7	7	7	7	7	7	
11542	01	1	/ZPOOL/data/projects/rf1-sra-linux2/bids/sub-11542/ses-01/func/sub-11542_ses-01_task-trust_run-1_events.tsv	78	42	42	0	6	14	14	14	5	7	6	7	5	6	
11542	01	2	/ZPOOL/data/projects/rf1-sra-linux2/bids/sub-11542/ses-01/func/sub-11542_ses-01_task-trust_run-2_events.tsv	73	42	40	2	9	14	13	13	5	4	6	6	6	4	
11545	01	1	/ZPOOL/data/projects/rf1-sra-linux2/bids/sub-11545/ses-01/func/sub-11545_ses-01_task-trust_run-1_events.tsv	83	42	41	1	0	13	14	14	6	7	7	7	7	7	
11545	01	2	/ZPOOL/data/projects/rf1-sra-linux2/bids/sub-11545/ses-01/func/sub-11545_ses-01_task-trust_run-2_events.tsv	81	42	40	2	1	13	13	14	6	7	7	6	7	6	
11551	01	1	/ZPOOL/data/projects/rf1-sra-linux2/bids/sub-11551/ses-01/func/sub-11551_ses-01_task-trust_run-1_events.tsv	77	42	42	0	7	14	14	14	5	4	6	6	7	7	
11551	01	2	/ZPOOL/data/projects/rf1-sra-linux2/bids/sub-11551/ses-01/func/sub-11551_ses-01_task-trust_run-2_events.tsv	73	42	41	1	10	14	14	13	4	5	7	6	4	5	
11559	01	1	/ZPOOL/data/projects/rf1-sra-linux2/bids/sub-11559/ses-01/func/sub-11559_ses-01_task-trust_run-1_events.tsv	75	42	41	1	8	14	13	14	6	4	6	6	5	6	
11559	01	2	/ZPOOL/data/projects/rf1-sra-linux2/bids/sub-11559/ses-01/func/sub-11559_ses-01_task-trust_run-2_events.tsv	75	42	41	1	8	13	14	14	5	6	6	6	6	4	
11560	01	1	/ZPOOL/data/projects/rf1-sra-linux2/bids/sub-11560/ses-01/func/sub-11560_ses-01_task-trust_run-1_events.tsv	79	42	42	0	5	14	14	14	6	6	5	7	6	7	
11560	01	2	/ZPOOL/data/projects/rf1-sra-linux2/bids/sub-11560/ses-01/func/sub-11560_ses-01_task-trust_run-2_events.tsv	75	42	42	0	9	14	14	14	6	5	5	7	6	4	
11563	01	1	/ZPOOL/data/projects/rf1-sra-linux2/bids/sub-11563/ses-01/func/sub-11563_ses-01_task-trust_run-1_events.tsv	76	42	42	0	8	14	14	14	5	4	7	7	6	5	
11563	01	2	/ZPOOL/data/projects/rf1-sra-linux2/bids/sub-11563/ses-01/func/sub-11563_ses-01_task-trust_run-2_events.tsv	76	42	42	0	8	14	14	14	6	4	5	7	6	6	
11565	01	1	/ZPOOL/data/projects/rf1-sra-linux2/bids/sub-11565/ses-01/func/sub-11565_ses-01_task-trust_run-1_events.tsv	74	42	41	1	9	13	14	14	4	4	5	7	5	7	
11565	01	2	/ZPOOL/data/projects/rf1-sra-linux2/bids/sub-11565/ses-01/func/sub-11565_ses-01_task-trust_run-2_events.tsv	82	42	42	0	2	14	14	14	5	7	7	7	7	7	
11570	01	1	/ZPOOL/data/projects/rf1-sra-linux2/bids/sub-11570/ses-01/func/sub-11570_ses-01_task-trust_run-1_events.tsv	84	42	42	0	0	14	14	14	7	7	7	7	7	7	
11570	01	2	/ZPOOL/data/projects/rf1-sra-linux2/bids/sub-11570/ses-01/func/sub-11570_ses-01_task-trust_run-2_events.tsv	84	42	42	0	0	14	14	14	7	7	7	7	7	7	
11572	01	1	/ZPOOL/data/projects/rf1-sra-linux2/bids/sub-11572/ses-01/func/sub-11572_ses-01_task-trust_run-1_events.tsv	80	42	42	0	4	14	14	14	5	5	7	7	7	7	
11572	01	2	/ZPOOL/data/projects/rf1-sra-linux2/bids/sub-11572/ses-01/func/sub-11572_ses-01_task-trust_run-2_events.tsv	78	42	42	0	6	14	14	14	4	4	7	7	7	7	
11579	01	1	/ZPOOL/data/projects/rf1-sra-linux2/bids/sub-11579/ses-01/func/sub-11579_ses-01_task-trust_run-1_events.tsv	80	42	42	0	4	14	14	14	6	6	7	7	6	6	
11579	01	2	/ZPOOL/data/projects/rf1-sra-linux2/bids/sub-11579/ses-01/func/sub-11579_ses-01_task-trust_run-2_events.tsv	80	42	42	0	4	14	14	14	5	6	6	7	7	7	
11586	01	1	/ZPOOL/data/projects/rf1-sra-linux2/bids/sub-11586/ses-01/func/sub-11586_ses-01_task-trust_run-1_events.tsv	70	42	41	1	13	14	14	13	5	4	5	6	4	4	
11587	01	1	/ZPOOL/data/projects/rf1-sra-linux2/bids/sub-11587/ses-01/func/sub-11587_ses-01_task-trust_run-1_events.tsv	79	42	42	0	5	14	14	14	7	5	7	7	6	5	
11587	01	2	/ZPOOL/data/projects/rf1-sra-linux2/bids/sub-11587/ses-01/func/sub-11587_ses-01_task-trust_run-2_events.tsv	80	42	42	0	4	14	14	14	7	6	7	6	7	5	
11588	01	1	/ZPOOL/data/projects/rf1-sra-linux2/bids/sub-11588/ses-01/func/sub-11588_ses-01_task-trust_run-1_events.tsv	82	42	42	0	2	14	14	14	7	7	7	6	7	6	
11588	01	2	/ZPOOL/data/projects/rf1-sra-linux2/bids/sub-11588/ses-01/func/sub-11588_ses-01_task-trust_run-2_events.tsv	83	42	42	0	1	14	14	14	7	7	7	7	6	7	
11591	01	1	/ZPOOL/data/projects/rf1-sra-linux2/bids/sub-11591/ses-01/func/sub-11591_ses-01_task-trust_run-1_events.tsv	81	42	42	0	3	14	14	14	6	7	7	7	6	6	
11591	01	2	/ZPOOL/data/projects/rf1-sra-linux2/bids/sub-11591/ses-01/func/sub-11591_ses-01_task-trust_run-2_events.tsv	82	42	42	0	2	14	14	14	6	7	7	6	7	7	
11597	01	1	/ZPOOL/data/projects/rf1-sra-linux2/bids/sub-11597/ses-01/func/sub-11597_ses-01_task-trust_run-1_events.tsv	69	42	39	3	12	14	11	14	4	4	4	7	4	4	
11597	01	2	/ZPOOL/data/projects/rf1-sra-linux2/bids/sub-11597/ses-01/func/sub-11597_ses-01_task-trust_run-2_events.tsv	71	42	42	0	13	14	14	14	4	4	7	6	4	4	
11598	01	1	/ZPOOL/data/projects/rf1-sra-linux2/bids/sub-11598/ses-01/func/sub-11598_ses-01_task-trust_run-1_events.tsv	80	42	41	1	3	14	14	13	7	6	7	7	6	5	
11598	01	2	/ZPOOL/data/projects/rf1-sra-linux2/bids/sub-11598/ses-01/func/sub-11598_ses-01_task-trust_run-2_events.tsv	78	42	42	0	6	14	14	14	6	7	7	6	5	5	
11599	01	1	/ZPOOL/data/projects/rf1-sra-linux2/bids/sub-11599/ses-01/func/sub-11599_ses-01_task-trust_run-1_events.tsv	80	42	41	1	3	13	14	14	5	5	7	7	7	7	
11599	01	2	/ZPOOL/data/projects/rf1-sra-linux2/bids/sub-11599/ses-01/func/sub-11599_ses-01_task-trust_run-2_events.tsv	83	42	42	0	1	14	14	14	7	7	6	7	7	7	
11600	01	1	/ZPOOL/data/projects/rf1-sra-linux2/bids/sub-11600/ses-01/func/sub-11600_ses-01_task-trust_run-1_events.tsv	83	42	42	0	1	14	14	14	7	7	7	7	7	6	
11600	01	2	/ZPOOL/data/projects/rf1-sra-linux2/bids/sub-11600/ses-01/func/sub-11600_ses-01_task-trust_run-2_events.tsv	84	42	42	0	0	14	14	14	7	7	7	7	7	7	
11606	01	1	/ZPOOL/data/projects/rf1-sra-linux2/bids/sub-11606/ses-01/func/sub-11606_ses-01_task-trust_run-1_events.tsv	77	42	42	0	7	14	14	14	4	4	7	7	6	7	
11606	01	2	/ZPOOL/data/projects/rf1-sra-linux2/bids/sub-11606/ses-01/func/sub-11606_ses-01_task-trust_run-2_events.tsv	82	42	42	0	2	14	14	14	5	7	7	7	7	7	
11614	01	1	/ZPOOL/data/projects/rf1-sra-linux2/bids/sub-11614/ses-01/func/sub-11614_ses-01_task-trust_run-1_events.tsv	77	42	40	2	5	12	14	14	6	4	6	7	7	5	
11614	01	2	/ZPOOL/data/projects/rf1-sra-linux2/bids/sub-11614/ses-01/func/sub-11614_ses-01_task-trust_run-2_events.tsv	71	42	41	1	12	14	13	14	4	5	4	5	7	4	
11622	01	1	/ZPOOL/data/projects/rf1-sra-linux2/bids/sub-11622/ses-01/func/sub-11622_ses-01_task-trust_run-1_events.tsv	78	42	42	0	6	14	14	14	6	5	6	7	6	6	
11622	01	2	/ZPOOL/data/projects/rf1-sra-linux2/bids/sub-11622/ses-01/func/sub-11622_ses-01_task-trust_run-2_events.tsv	79	42	42	0	5	14	14	14	6	7	6	6	7	5	
11623	01	1	/ZPOOL/data/projects/rf1-sra-linux2/bids/sub-11623/ses-01/func/sub-11623_ses-01_task-trust_run-1_events.tsv	74	42	41	1	9	14	14	13	5	5	7	5	5	5	
11625	01	1	/ZPOOL/data/projects/rf1-sra-linux2/bids/sub-11625/ses-01/func/sub-11625_ses-01_task-trust_run-1_events.tsv	79	42	40	2	3	12	14	14	4	6	7	7	7	6	
11625	01	2	/ZPOOL/data/projects/rf1-sra-linux2/bids/sub-11625/ses-01/func/sub-11625_ses-01_task-trust_run-2_events.tsv	72	42	37	5	7	13	12	12	5	6	6	6	3	4	
11626	01	1	/ZPOOL/data/projects/rf1-sra-linux2/bids/sub-11626/ses-01/func/sub-11626_ses-01_task-trust_run-1_events.tsv	69	42	33	9	6	12	10	11	5	5	4	5	4	4	
11626	01	2	/ZPOOL/data/projects/rf1-sra-linux2/bids/sub-11626/ses-01/func/sub-11626_ses-01_task-trust_run-2_events.tsv	70	42	31	11	3	9	12	10	4	4	5	5	4	6	
11628	01	1	/ZPOOL/data/projects/rf1-sra-linux2/bids/sub-11628/ses-01/func/sub-11628_ses-01_task-trust_run-1_events.tsv	81	42	42	0	3	14	14	14	6	7	7	5	7	7	
11628	01	2	/ZPOOL/data/projects/rf1-sra-linux2/bids/sub-11628/ses-01/func/sub-11628_ses-01_task-trust_run-2_events.tsv	82	42	41	1	1	13	14	14	5	7	7	7	7	7	
11631	01	1	/ZPOOL/data/projects/rf1-sra-linux2/bids/sub-11631/ses-01/func/sub-11631_ses-01_task-trust_run-1_events.tsv	76	42	42	0	8	14	14	14	6	4	7	6	5	6	
11631	01	2	/ZPOOL/data/projects/rf1-sra-linux2/bids/sub-11631/ses-01/func/sub-11631_ses-01_task-trust_run-2_events.tsv	83	42	42	0	1	14	14	14	6	7	7	7	7	7	
11651	01	1	/ZPOOL/data/projects/rf1-sra-linux2/bids/sub-11651/ses-01/func/sub-11651_ses-01_task-trust_run-1_events.tsv	79	42	41	1	4	13	14	14	5	6	5	7	7	7	
11651	01	2	/ZPOOL/data/projects/rf1-sra-linux2/bids/sub-11651/ses-01/func/sub-11651_ses-01_task-trust_run-2_events.tsv	81	42	40	2	1	13	13	14	7	6	6	6	7	7	
11660	01	1	/ZPOOL/data/projects/rf1-sra-linux2/bids/sub-11660/ses-01/func/sub-11660_ses-01_task-trust_run-1_events.tsv	80	42	42	0	4	14	14	14	6	6	7	6	6	7	
11660	01	2	/ZPOOL/data/projects/rf1-sra-linux2/bids/sub-11660/ses-01/func/sub-11660_ses-01_task-trust_run-2_events.tsv	72	42	35	7	5	13	10	12	6	6	4	4	5	5	
11670	01	1	/ZPOOL/data/projects/rf1-sra-linux2/bids/sub-11670/ses-01/func/sub-11670_ses-01_task-trust_run-1_events.tsv	83	42	42	0	1	14	14	14	6	7	7	7	7	7	
11670	01	2	/ZPOOL/data/projects/rf1-sra-linux2/bids/sub-11670/ses-01/func/sub-11670_ses-01_task-trust_run-2_events.tsv	83	42	42	0	1	14	14	14	7	7	7	7	6	7	
11674	01	1	/ZPOOL/data/projects/rf1-sra-linux2/bids/sub-11674/ses-01/func/sub-11674_ses-01_task-trust_run-1_events.tsv	79	42	40	2	3	14	14	12	6	7	7	6	6	5	
11679	01	1	/ZPOOL/data/projects/rf1-sra-linux2/bids/sub-11679/ses-01/func/sub-11679_ses-01_task-trust_run-1_events.tsv	73	42	42	0	11	14	14	14	5	5	6	4	5	6	
11679	01	2	/ZPOOL/data/projects/rf1-sra-linux2/bids/sub-11679/ses-01/func/sub-11679_ses-01_task-trust_run-2_events.tsv	75	42	42	0	9	14	14	14	5	4	5	7	5	7	
11681	01	1	/ZPOOL/data/projects/rf1-sra-linux2/bids/sub-11681/ses-01/func/sub-11681_ses-01_task-trust_run-1_events.tsv	84	42	42	0	0	14	14	14	7	7	7	7	7	7	
11681	01	2	/ZPOOL/data/projects/rf1-sra-linux2/bids/sub-11681/ses-01/func/sub-11681_ses-01_task-trust_run-2_events.tsv	84	42	42	0	0	14	14	14	7	7	7	7	7	7	
11692	01	1	/ZPOOL/data/projects/rf1-sra-linux2/bids/sub-11692/ses-01/func/sub-11692_ses-01_task-trust_run-1_events.tsv	75	42	42	0	9	14	14	14	4	5	7	7	5	5	
11692	01	2	/ZPOOL/data/projects/rf1-sra-linux2/bids/sub-11692/ses-01/func/sub-11692_ses-01_task-trust_run-2_events.tsv	78	42	41	1	5	14	14	13	7	5	6	6	6	6	
11701	01	1	/ZPOOL/data/projects/rf1-sra-linux2/bids/sub-11701/ses-01/func/sub-11701_ses-01_task-trust_run-1_events.tsv	77	42	41	1	6	14	14	13	6	5	7	7	6	4	
11701	01	2	/ZPOOL/data/projects/rf1-sra-linux2/bids/sub-11701/ses-01/func/sub-11701_ses-01_task-trust_run-2_events.tsv	76	42	39	3	5	13	13	13	6	5	6	6	5	6	
11703	01	1	/ZPOOL/data/projects/rf1-sra-linux2/bids/sub-11703/ses-01/func/sub-11703_ses-01_task-trust_run-1_events.tsv	77	42	42	0	7	14	14	14	5	6	7	7	5	5	
11703	01	2	/ZPOOL/data/projects/rf1-sra-linux2/bids/sub-11703/ses-01/func/sub-11703_ses-01_task-trust_run-2_events.tsv	82	42	42	0	2	14	14	14	6	6	7	7	7	7	
11705	01	1	/ZPOOL/data/projects/rf1-sra-linux2/bids/sub-11705/ses-01/func/sub-11705_ses-01_task-trust_run-1_events.tsv	73	42	42	0	11	14	14	14	4	5	7	7	4	4	
11705	01	2	/ZPOOL/data/projects/rf1-sra-linux2/bids/sub-11705/ses-01/func/sub-11705_ses-01_task-trust_run-2_events.tsv	68	42	42	0	16	14	14	14	4	4	6	4	4	4	
11709	01	1	/ZPOOL/data/projects/rf1-sra-linux2/bids/sub-11709/ses-01/func/sub-11709_ses-01_task-trust_run-1_events.tsv	72	42	40	2	10	13	14	13	6	4	6	6	4	4	
11709	01	2	/ZPOOL/data/projects/rf1-sra-linux2/bids/sub-11709/ses-01/func/sub-11709_ses-01_task-trust_run-2_events.tsv	69	42	40	2	13	13	13	14	5	4	5	4	5	4	
11710	01	1	/ZPOOL/data/projects/rf1-sra-linux2/bids/sub-11710/ses-01/func/sub-11710_ses-01_task-trust_run-1_events.tsv	73	42	41	1	10	14	14	13	4	4	7	6	5	5	
11710	01	2	/ZPOOL/data/projects/rf1-sra-linux2/bids/sub-11710/ses-01/func/sub-11710_ses-01_task-trust_run-2_events.tsv	67	42	40	2	15	14	14	12	4	4	6	5	4	2	
11714	01	1	/ZPOOL/data/projects/rf1-sra-linux2/bids/sub-11714/ses-01/func/sub-11714_ses-01_task-trust_run-1_events.tsv	77	42	41	1	6	13	14	14	6	5	5	6	6	7	
11714	01	2	/ZPOOL/data/projects/rf1-sra-linux2/bids/sub-11714/ses-01/func/sub-11714_ses-01_task-trust_run-2_events.tsv	76	42	41	1	7	13	14	14	6	5	5	6	6	6	
11720	01	1	/ZPOOL/data/projects/rf1-sra-linux2/bids/sub-11720/ses-01/func/sub-11720_ses-01_task-trust_run-1_events.tsv	72	42	42	0	12	14	14	14	6	4	7	4	4	5	
11720	01	2	/ZPOOL/data/projects/rf1-sra-linux2/bids/sub-11720/ses-01/func/sub-11720_ses-01_task-trust_run-2_events.tsv	71	42	41	1	12	13	14	14	4	4	6	5	4	6	
11722	01	2	/ZPOOL/data/projects/rf1-sra-linux2/bids/sub-11722/ses-01/func/sub-11722_ses-01_task-trust_run-2_events.tsv	81	42	42	0	3	14	14	14	6	6	7	6	7	7	
11723	01	1	/ZPOOL/data/projects/rf1-sra-linux2/bids/sub-11723/ses-01/func/sub-11723_ses-01_task-trust_run-1_events.tsv	76	42	38	4	4	13	12	13	6	4	6	6	6	6	
11723	01	2	/ZPOOL/data/projects/rf1-sra-linux2/bids/sub-11723/ses-01/func/sub-11723_ses-01_task-trust_run-2_events.tsv	72	42	40	2	10	14	13	13	4	4	7	5	6	4	
11736	01	1	/ZPOOL/data/projects/rf1-sra-linux2/bids/sub-11736/ses-01/func/sub-11736_ses-01_task-trust_run-1_events.tsv	74	42	41	1	9	13	14	14	5	6	5	6	5	5	
11736	01	2	/ZPOOL/data/projects/rf1-sra-linux2/bids/sub-11736/ses-01/func/sub-11736_ses-01_task-trust_run-2_events.tsv	76	42	41	1	7	14	14	13	5	6	5	7	5	6	
11744	01	1	/ZPOOL/data/projects/rf1-sra-linux2/bids/sub-11744/ses-01/func/sub-11744_ses-01_task-trust_run-1_events.tsv	76	42	40	2	6	14	13	13	6	7	5	6	5	5	
11744	01	2	/ZPOOL/data/projects/rf1-sra-linux2/bids/sub-11744/ses-01/func/sub-11744_ses-01_task-trust_run-2_events.tsv	77	42	42	0	7	14	14	14	6	6	7	6	4	6	
11746	01	1	/ZPOOL/data/projects/rf1-sra-linux2/bids/sub-11746/ses-01/func/sub-11746_ses-01_task-trust_run-1_events.tsv	77	42	42	0	7	14	14	14	5	5	7	7	6	5	
11746	01	2	/ZPOOL/data/projects/rf1-sra-linux2/bids/sub-11746/ses-01/func/sub-11746_ses-01_task-trust_run-2_events.tsv	82	42	42	0	2	14	14	14	6	6	7	7	7	7	
11748	01	1	/ZPOOL/data/projects/rf1-sra-linux2/bids/sub-11748/ses-01/func/sub-11748_ses-01_task-trust_run-1_events.tsv	84	42	42	0	0	14	14	14	7	7	7	7	7	7	
11748	01	2	/ZPOOL/data/projects/rf1-sra-linux2/bids/sub-11748/ses-01/func/sub-11748_ses-01_task-trust_run-2_events.tsv	83	42	41	1	0	14	13	14	7	7	6	7	7	7	
11756	01	1	/ZPOOL/data/projects/rf1-sra-linux2/bids/sub-11756/ses-01/func/sub-11756_ses-01_task-trust_run-1_events.tsv	79	42	42	0	5	14	14	14	5	4	7	7	7	7	
11756	01	2	/ZPOOL/data/projects/rf1-sra-linux2/bids/sub-11756/ses-01/func/sub-11756_ses-01_task-trust_run-2_events.tsv	77	42	42	0	7	14	14	14	4	4	7	7	6	7	
11764	01	1	/ZPOOL/data/projects/rf1-sra-linux2/bids/sub-11764/ses-01/func/sub-11764_ses-01_task-trust_run-1_events.tsv	82	42	42	0	2	14	14	14	6	7	7	7	7	6	
11764	01	2	/ZPOOL/data/projects/rf1-sra-linux2/bids/sub-11764/ses-01/func/sub-11764_ses-01_task-trust_run-2_events.tsv	77	42	42	0	7	14	14	14	5	6	5	7	7	5	
11773	01	1	/ZPOOL/data/projects/rf1-sra-linux2/bids/sub-11773/ses-01/func/sub-11773_ses-01_task-trust_run-1_events.tsv	82	42	41	1	1	13	14	14	7	5	7	7	7	7	
11773	01	2	/ZPOOL/data/projects/rf1-sra-linux2/bids/sub-11773/ses-01/func/sub-11773_ses-01_task-trust_run-2_events.tsv	79	42	41	1	4	14	13	14	6	6	7	6	6	6	
11774	01	1	/ZPOOL/data/projects/rf1-sra-linux2/bids/sub-11774/ses-01/func/sub-11774_ses-01_task-trust_run-1_events.tsv	82	42	41	1	1	14	14	13	7	7	7	7	6	6	
11774	01	2	/ZPOOL/data/projects/rf1-sra-linux2/bids/sub-11774/ses-01/func/sub-11774_ses-01_task-trust_run-2_events.tsv	84	42	42	0	0	14	14	14	7	7	7	7	7	7	
11784	01	1	/ZPOOL/data/projects/rf1-sra-linux2/bids/sub-11784/ses-01/func/sub-11784_ses-01_task-trust_run-1_events.tsv	67	42	42	0	17	14	14	14	4	5	4	4	4	4	
11784	01	2	/ZPOOL/data/projects/rf1-sra-linux2/bids/sub-11784/ses-01/func/sub-11784_ses-01_task-trust_run-2_events.tsv	70	42	42	0	14	14	14	14	4	5	5	5	4	5	
11787	01	1	/ZPOOL/data/projects/rf1-sra-linux2/bids/sub-11787/ses-01/func/sub-11787_ses-01_task-trust_run-1_events.tsv	81	42	42	0	3	14	14	14	7	7	7	7	6	5	
11787	01	2	/ZPOOL/data/projects/rf1-sra-linux2/bids/sub-11787/ses-01/func/sub-11787_ses-01_task-trust_run-2_events.tsv	82	42	42	0	2	14	14	14	7	6	7	7	6	7	
11788	01	1	/ZPOOL/data/projects/rf1-sra-linux2/bids/sub-11788/ses-01/func/sub-11788_ses-01_task-trust_run-1_events.tsv	78	42	42	0	6	14	14	14	5	6	7	7	5	6	
11788	01	2	/ZPOOL/data/projects/rf1-sra-linux2/bids/sub-11788/ses-01/func/sub-11788_ses-01_task-trust_run-2_events.tsv	78	42	42	0	6	14	14	14	5	6	7	7	7	4	
11789	01	1	/ZPOOL/data/projects/rf1-sra-linux2/bids/sub-11789/ses-01/func/sub-11789_ses-01_task-trust_run-1_events.tsv	75	42	42	0	9	14	14	14	4	4	7	7	5	6	
11789	01	2	/ZPOOL/data/projects/rf1-sra-linux2/bids/sub-11789/ses-01/func/sub-11789_ses-01_task-trust_run-2_events.tsv	78	42	42	0	6	14	14	14	4	4	7	7	7	7	
11790	01	1	/ZPOOL/data/projects/rf1-sra-linux2/bids/sub-11790/ses-01/func/sub-11790_ses-01_task-trust_run-1_events.tsv	81	42	41	1	2	13	14	14	6	6	7	7	7	6	
11790	01	2	/ZPOOL/data/projects/rf1-sra-linux2/bids/sub-11790/ses-01/func/sub-11790_ses-01_task-trust_run-2_events.tsv	78	42	37	5	1	14	11	12	7	6	6	5	6	6	
11793	01	1	/ZPOOL/data/projects/rf1-sra-linux2/bids/sub-11793/ses-01/func/sub-11793_ses-01_task-trust_run-1_events.tsv	80	42	42	0	4	14	14	14	6	6	7	7	7	5	
11793	01	2	/ZPOOL/data/projects/rf1-sra-linux2/bids/sub-11793/ses-01/func/sub-11793_ses-01_task-trust_run-2_events.tsv	79	42	42	0	5	14	14	14	6	7	6	7	6	5	
11795	01	1	/ZPOOL/data/projects/rf1-sra-linux2/bids/sub-11795/ses-01/func/sub-11795_ses-01_task-trust_run-1_events.tsv	84	42	42	0	0	14	14	14	7	7	7	7	7	7	
11795	01	2	/ZPOOL/data/projects/rf1-sra-linux2/bids/sub-11795/ses-01/func/sub-11795_ses-01_task-trust_run-2_events.tsv	84	42	42	0	0	14	14	14	7	7	7	7	7	7	
11815	01	1	/ZPOOL/data/projects/rf1-sra-linux2/bids/sub-11815/ses-01/func/sub-11815_ses-01_task-trust_run-1_events.tsv	79	42	42	0	5	14	14	14	6	6	5	7	6	7	
11815	01	2	/ZPOOL/data/projects/rf1-sra-linux2/bids/sub-11815/ses-01/func/sub-11815_ses-01_task-trust_run-2_events.tsv	82	42	42	0	2	14	14	14	7	6	6	7	7	7	
11822	01	1	/ZPOOL/data/projects/rf1-sra-linux2/bids/sub-11822/ses-01/func/sub-11822_ses-01_task-trust_run-1_events.tsv	81	42	42	0	3	14	14	14	5	6	7	7	7	7	
11822	01	2	/ZPOOL/data/projects/rf1-sra-linux2/bids/sub-11822/ses-01/func/sub-11822_ses-01_task-trust_run-2_events.tsv	83	42	42	0	1	14	14	14	7	7	7	7	6	7	
11823	01	1	/ZPOOL/data/projects/rf1-sra-linux2/bids/sub-11823/ses-01/func/sub-11823_ses-01_task-trust_run-1_events.tsv	76	42	41	1	7	14	14	13	4	4	7	6	7	6	
11823	01	2	/ZPOOL/data/projects/rf1-sra-linux2/bids/sub-11823/ses-01/func/sub-11823_ses-01_task-trust_run-2_events.tsv	76	42	42	0	8	14	14	14	7	5	5	5	6	6	
11824	01	1	/ZPOOL/data/projects/rf1-sra-linux2/bids/sub-11824/ses-01/func/sub-11824_ses-01_task-trust_run-1_events.tsv	78	42	38	4	2	13	12	13	5	6	5	7	6	7	
11824	01	2	/ZPOOL/data/projects/rf1-sra-linux2/bids/sub-11824/ses-01/func/sub-11824_ses-01_task-trust_run-2_events.tsv	81	42	41	1	2	14	14	13	6	6	7	7	6	7	
11828	01	1	/ZPOOL/data/projects/rf1-sra-linux2/bids/sub-11828/ses-01/func/sub-11828_ses-01_task-trust_run-1_events.tsv	72	42	42	0	12	14	14	14	6	5	6	5	4	4	
11828	01	2	/ZPOOL/data/projects/rf1-sra-linux2/bids/sub-11828/ses-01/func/sub-11828_ses-01_task-trust_run-2_events.tsv	79	42	42	0	5	14	14	14	6	6	7	7	5	6	
11829	01	1	/ZPOOL/data/projects/rf1-sra-linux2/bids/sub-11829/ses-01/func/sub-11829_ses-01_task-trust_run-1_events.tsv	83	42	41	1	0	13	14	14	6	7	7	7	7	7	
11829	01	2	/ZPOOL/data/projects/rf1-sra-linux2/bids/sub-11829/ses-01/func/sub-11829_ses-01_task-trust_run-2_events.tsv	84	42	42	0	0	14	14	14	7	7	7	7	7	7	
11840	01	1	/ZPOOL/data/projects/rf1-sra-linux2/bids/sub-11840/ses-01/func/sub-11840_ses-01_task-trust_run-1_events.tsv	77	42	40	2	5	14	13	13	7	5	6	6	6	5	
11840	01	2	/ZPOOL/data/projects/rf1-sra-linux2/bids/sub-11840/ses-01/func/sub-11840_ses-01_task-trust_run-2_events.tsv	80	42	41	1	3	14	13	14	6	7	6	6	7	6	
11847	01	1	/ZPOOL/data/projects/rf1-sra-linux2/bids/sub-11847/ses-01/func/sub-11847_ses-01_task-trust_run-1_events.tsv	74	42	39	3	7	13	12	14	4	4	5	6	6	7	
11847	01	2	/ZPOOL/data/projects/rf1-sra-linux2/bids/sub-11847/ses-01/func/sub-11847_ses-01_task-trust_run-2_events.tsv	79	42	40	2	3	14	12	14	5	7	5	7	7	6	
11853	01	1	/ZPOOL/data/projects/rf1-sra-linux2/bids/sub-11853/ses-01/func/sub-11853_ses-01_task-trust_run-1_events.tsv	84	42	42	0	0	14	14	14	7	7	7	7	7	7	
11853	01	2	/ZPOOL/data/projects/rf1-sra-linux2/bids/sub-11853/ses-01/func/sub-11853_ses-01_task-trust_run-2_events.tsv	84	42	42	0	0	14	14	14	7	7	7	7	7	7	
11854	01	1	/ZPOOL/data/projects/rf1-sra-linux2/bids/sub-11854/ses-01/func/sub-11854_ses-01_task-trust_run-1_events.tsv	70	42	41	1	13	14	14	13	5	4	5	5	5	4	
11854	01	2	/ZPOOL/data/projects/rf1-sra-linux2/bids/sub-11854/ses-01/func/sub-11854_ses-01_task-trust_run-2_events.tsv	74	42	41	1	9	14	14	13	4	6	6	7	5	4	
11861	01	1	/ZPOOL/data/projects/rf1-sra-linux2/bids/sub-11861/ses-01/func/sub-11861_ses-01_task-trust_run-1_events.tsv	84	42	42	0	0	14	14	14	7	7	7	7	7	7	
11861	01	2	/ZPOOL/data/projects/rf1-sra-linux2/bids/sub-11861/ses-01/func/sub-11861_ses-01_task-trust_run-2_events.tsv	84	42	42	0	0	14	14	14	7	7	7	7	7	7	
11866	01	1	/ZPOOL/data/projects/rf1-sra-linux2/bids/sub-11866/ses-01/func/sub-11866_ses-01_task-trust_run-1_events.tsv	82	42	42	0	2	14	14	14	7	6	7	7	7	6	
11866	01	2	/ZPOOL/data/projects/rf1-sra-linux2/bids/sub-11866/ses-01/func/sub-11866_ses-01_task-trust_run-2_events.tsv	82	42	42	0	2	14	14	14	7	6	7	7	7	6	
11867	01	1	/ZPOOL/data/projects/rf1-sra-linux2/bids/sub-11867/ses-01/func/sub-11867_ses-01_task-trust_run-1_events.tsv	72	42	40	2	10	14	13	13	5	4	6	5	6	4	
11867	01	2	/ZPOOL/data/projects/rf1-sra-linux2/bids/sub-11867/ses-01/func/sub-11867_ses-01_task-trust_run-2_events.tsv	73	42	39	3	8	14	13	12	5	5	6	6	3	6	
11870	01	1	/ZPOOL/data/projects/rf1-sra-linux2/bids/sub-11870/ses-01/func/sub-11870_ses-01_task-trust_run-1_events.tsv	83	42	42	0	1	14	14	14	6	7	7	7	7	7	
11870	01	2	/ZPOOL/data/projects/rf1-sra-linux2/bids/sub-11870/ses-01/func/sub-11870_ses-01_task-trust_run-2_events.tsv	84	42	42	0	0	14	14	14	7	7	7	7	7	7	
11872	01	1	/ZPOOL/data/projects/rf1-sra-linux2/bids/sub-11872/ses-01/func/sub-11872_ses-01_task-trust_run-1_events.tsv	72	42	42	0	12	14	14	14	4	4	7	7	4	4	
11872	01	2	/ZPOOL/data/projects/rf1-sra-linux2/bids/sub-11872/ses-01/func/sub-11872_ses-01_task-trust_run-2_events.tsv	72	42	42	0	12	14	14	14	4	4	7	7	4	4	
11876	01	1	/ZPOOL/data/projects/rf1-sra-linux2/bids/sub-11876/ses-01/func/sub-11876_ses-01_task-trust_run-1_events.tsv	78	42	42	0	6	14	14	14	4	4	7	7	7	7	
11876	01	2	/ZPOOL/data/projects/rf1-sra-linux2/bids/sub-11876/ses-01/func/sub-11876_ses-01_task-trust_run-2_events.tsv	78	42	42	0	6	14	14	14	4	4	7	7	7	7	
11877	01	1	/ZPOOL/data/projects/rf1-sra-linux2/bids/sub-11877/ses-01/func/sub-11877_ses-01_task-trust_run-1_events.tsv	76	42	42	0	8	14	14	14	5	6	7	6	5	5	
11877	01	2	/ZPOOL/data/projects/rf1-sra-linux2/bids/sub-11877/ses-01/func/sub-11877_ses-01_task-trust_run-2_events.tsv	79	42	41	1	4	14	14	13	6	5	7	7	6	6	
11881	01	1	/ZPOOL/data/projects/rf1-sra-linux2/bids/sub-11881/ses-01/func/sub-11881_ses-01_task-trust_run-1_events.tsv	79	42	42	0	5	14	14	14	6	5	7	6	6	7	
11881	01	2	/ZPOOL/data/projects/rf1-sra-linux2/bids/sub-11881/ses-01/func/sub-11881_ses-01_task-trust_run-2_events.tsv	84	42	42	0	0	14	14	14	7	7	7	7	7	7	
11885	01	1	/ZPOOL/data/projects/rf1-sra-linux2/bids/sub-11885/ses-01/func/sub-11885_ses-01_task-trust_run-1_events.tsv	80	42	42	0	4	14	14	14	6	5	7	7	6	7	
11885	01	2	/ZPOOL/data/projects/rf1-sra-linux2/bids/sub-11885/ses-01/func/sub-11885_ses-01_task-trust_run-2_events.tsv	75	42	40	2	7	13	13	14	5	4	7	4	7	6	
11891	01	1	/ZPOOL/data/projects/rf1-sra-linux2/bids/sub-11891/ses-01/func/sub-11891_ses-01_task-trust_run-1_events.tsv	76	42	41	1	7	14	14	13	5	4	7	7	6	5	
11891	01	2	/ZPOOL/data/projects/rf1-sra-linux2/bids/sub-11891/ses-01/func/sub-11891_ses-01_task-trust_run-2_events.tsv	75	42	42	0	9	14	14	14	5	4	6	7	5	6	
11897	01	1	/ZPOOL/data/projects/rf1-sra-linux2/bids/sub-11897/ses-01/func/sub-11897_ses-01_task-trust_run-1_events.tsv	82	42	42	0	2	14	14	14	7	5	7	7	7	7	
11897	01	2	/ZPOOL/data/projects/rf1-sra-linux2/bids/sub-11897/ses-01/func/sub-11897_ses-01_task-trust_run-2_events.tsv	83	42	42	0	1	14	14	14	7	6	7	7	7	7	
11900	01	1	/ZPOOL/data/projects/rf1-sra-linux2/bids/sub-11900/ses-01/func/sub-11900_ses-01_task-trust_run-1_events.tsv	74	42	41	1	9	14	14	13	4	4	7	7	4	6	
11900	01	2	/ZPOOL/data/projects/rf1-sra-linux2/bids/sub-11900/ses-01/func/sub-11900_ses-01_task-trust_run-2_events.tsv	74	42	42	0	10	14	14	14	4	4	7	7	5	5	
11902	01	1	/ZPOOL/data/projects/rf1-sra-linux2/bids/sub-11902/ses-01/func/sub-11902_ses-01_task-trust_run-1_events.tsv	79	42	38	4	1	13	13	12	6	7	6	6	6	6	
11902	01	2	/ZPOOL/data/projects/rf1-sra-linux2/bids/sub-11902/ses-01/func/sub-11902_ses-01_task-trust_run-2_events.tsv	80	42	39	3	1	13	13	13	6	6	6	7	6	7	
11909	01	1	/ZPOOL/data/projects/rf1-sra-linux2/bids/sub-11909/ses-01/func/sub-11909_ses-01_task-trust_run-1_events.tsv	75	42	36	6	3	13	14	9	7	6	5	7	6	2	
11909	01	2	/ZPOOL/data/projects/rf1-sra-linux2/bids/sub-11909/ses-01/func/sub-11909_ses-01_task-trust_run-2_events.tsv	72	42	40	2	10	14	14	12	6	5	6	5	5	3	
11913	01	1	/ZPOOL/data/projects/rf1-sra-linux2/bids/sub-11913/ses-01/func/sub-11913_ses-01_task-trust_run-1_events.tsv	73	42	41	1	10	14	14	13	5	5	6	7	4	4	
11913	01	2	/ZPOOL/data/projects/rf1-sra-linux2/bids/sub-11913/ses-01/func/sub-11913_ses-01_task-trust_run-2_events.tsv	74	42	42	0	10	14	14	14	4	5	6	6	6	5	
11914	01	1	/ZPOOL/data/projects/rf1-sra-linux2/bids/sub-11914/ses-01/func/sub-11914_ses-01_task-trust_run-1_events.tsv	84	42	42	0	0	14	14	14	7	7	7	7	7	7	
11914	01	2	/ZPOOL/data/projects/rf1-sra-linux2/bids/sub-11914/ses-01/func/sub-11914_ses-01_task-trust_run-2_events.tsv	84	42	42	0	0	14	14	14	7	7	7	7	7	7	
11920	01	1	/ZPOOL/data/projects/rf1-sra-linux2/bids/sub-11920/ses-01/func/sub-11920_ses-01_task-trust_run-1_events.tsv	77	42	42	0	7	14	14	14	5	4	6	6	7	7	
11920	01	2	/ZPOOL/data/projects/rf1-sra-linux2/bids/sub-11920/ses-01/func/sub-11920_ses-01_task-trust_run-2_events.tsv	72	42	39	3	9	13	13	13	5	4	6	4	6	5	
11922	01	1	/ZPOOL/data/projects/rf1-sra-linux2/bids/sub-11922/ses-01/func/sub-11922_ses-01_task-trust_run-1_events.tsv	76	42	41	1	7	14	14	13	5	5	7	7	6	4	
11922	01	2	/ZPOOL/data/projects/rf1-sra-linux2/bids/sub-11922/ses-01/func/sub-11922_ses-01_task-trust_run-2_events.tsv	81	42	42	0	3	14	14	14	5	7	7	7	7	6	
11923	01	1	/ZPOOL/data/projects/rf1-sra-linux2/bids/sub-11923/ses-01/func/sub-11923_ses-01_task-trust_run-1_events.tsv	79	42	40	2	3	14	13	13	6	6	7	6	6	6	
11923	01	2	/ZPOOL/data/projects/rf1-sra-linux2/bids/sub-11923/ses-01/func/sub-11923_ses-01_task-trust_run-2_events.tsv	80	42	41	1	3	14	13	14	6	6	6	7	6	7	
11924	01	1	/ZPOOL/data/projects/rf1-sra-linux2/bids/sub-11924/ses-01/func/sub-11924_ses-01_task-trust_run-1_events.tsv	74	42	41	1	9	13	14	14	5	4	7	7	4	5	
11924	01	2	/ZPOOL/data/projects/rf1-sra-linux2/bids/sub-11924/ses-01/func/sub-11924_ses-01_task-trust_run-2_events.tsv	77	42	42	0	7	14	14	14	5	5	7	7	6	5	
11926	01	1	/ZPOOL/data/projects/rf1-sra-linux2/bids/sub-11926/ses-01/func/sub-11926_ses-01_task-trust_run-1_events.tsv	84	42	42	0	0	14	14	14	7	7	7	7	7	7	
11926	01	2	/ZPOOL/data/projects/rf1-sra-linux2/bids/sub-11926/ses-01/func/sub-11926_ses-01_task-trust_run-2_events.tsv	83	42	42	0	1	14	14	14	6	7	7	7	7	7	
11928	01	1	/ZPOOL/data/projects/rf1-sra-linux2/bids/sub-11928/ses-01/func/sub-11928_ses-01_task-trust_run-1_events.tsv	77	42	35	7	0	10	13	12	6	4	6	7	5	7	
11928	01	2	/ZPOOL/data/projects/rf1-sra-linux2/bids/sub-11928/ses-01/func/sub-11928_ses-01_task-trust_run-2_events.tsv	83	42	41	1	0	14	14	13	7	7	7	7	6	7	
11929	01	1	/ZPOOL/data/projects/rf1-sra-linux2/bids/sub-11929/ses-01/func/sub-11929_ses-01_task-trust_run-1_events.tsv	72	42	41	1	11	14	14	13	5	4	6	6	5	4	
11929	01	2	/ZPOOL/data/projects/rf1-sra-linux2/bids/sub-11929/ses-01/func/sub-11929_ses-01_task-trust_run-2_events.tsv	69	42	42	0	15	14	14	14	4	4	4	5	4	6	
11931	01	1	/ZPOOL/data/projects/rf1-sra-linux2/bids/sub-11931/ses-01/func/sub-11931_ses-01_task-trust_run-1_events.tsv	83	42	42	0	1	14	14	14	7	7	7	6	7	7	
11931	01	2	/ZPOOL/data/projects/rf1-sra-linux2/bids/sub-11931/ses-01/func/sub-11931_ses-01_task-trust_run-2_events.tsv	84	42	42	0	0	14	14	14	7	7	7	7	7	7	
11935	01	1	/ZPOOL/data/projects/rf1-sra-linux2/bids/sub-11935/ses-01/func/sub-11935_ses-01_task-trust_run-1_events.tsv	83	42	42	0	1	14	14	14	6	7	7	7	7	7	
11935	01	2	/ZPOOL/data/projects/rf1-sra-linux2/bids/sub-11935/ses-01/func/sub-11935_ses-01_task-trust_run-2_events.tsv	82	42	42	0	2	14	14	14	6	7	7	7	6	7	
11939	01	1	/ZPOOL/data/projects/rf1-sra-linux2/bids/sub-11939/ses-01/func/sub-11939_ses-01_task-trust_run-1_events.tsv	78	42	42	0	6	14	14	14	5	6	7	6	6	6	
11939	01	2	/ZPOOL/data/projects/rf1-sra-linux2/bids/sub-11939/ses-01/func/sub-11939_ses-01_task-trust_run-2_events.tsv	79	42	42	0	5	14	14	14	5	5	7	7	6	7	
11943	01	1	/ZPOOL/data/projects/rf1-sra-linux2/bids/sub-11943/ses-01/func/sub-11943_ses-01_task-trust_run-1_events.tsv	73	42	42	0	11	14	14	14	4	4	7	7	5	4	
11943	01	2	/ZPOOL/data/projects/rf1-sra-linux2/bids/sub-11943/ses-01/func/sub-11943_ses-01_task-trust_run-2_events.tsv	74	42	42	0	10	14	14	14	4	5	7	7	5	4	
11949	01	1	/ZPOOL/data/projects/rf1-sra-linux2/bids/sub-11949/ses-01/func/sub-11949_ses-01_task-trust_run-1_events.tsv	72	42	41	1	11	13	14	14	3	4	7	7	4	5	
11949	01	2	/ZPOOL/data/projects/rf1-sra-linux2/bids/sub-11949/ses-01/func/sub-11949_ses-01_task-trust_run-2_events.tsv	75	42	42	0	9	14	14	14	5	4	7	7	4	6	
11960	01	1	/ZPOOL/data/projects/rf1-sra-linux2/bids/sub-11960/ses-01/func/sub-11960_ses-01_task-trust_run-1_events.tsv	81	42	41	1	2	13	14	14	7	5	7	7	7	6	
11960	01	2	/ZPOOL/data/projects/rf1-sra-linux2/bids/sub-11960/ses-01/func/sub-11960_ses-01_task-trust_run-2_events.tsv	79	42	41	1	4	14	14	13	6	6	7	6	6	6	
11969	01	1	/ZPOOL/data/projects/rf1-sra-linux2/bids/sub-11969/ses-01/func/sub-11969_ses-01_task-trust_run-1_events.tsv	78	42	42	0	6	14	14	14	5	6	7	7	6	5	
11969	01	2	/ZPOOL/data/projects/rf1-sra-linux2/bids/sub-11969/ses-01/func/sub-11969_ses-01_task-trust_run-2_events.tsv	77	42	42	0	7	14	14	14	6	4	7	7	6	5	
11974	01	1	/ZPOOL/data/projects/rf1-sra-linux2/bids/sub-11974/ses-01/func/sub-11974_ses-01_task-trust_run-1_events.tsv	82	42	40	2	0	13	14	13	6	7	7	7	6	7	
11974	01	2	/ZPOOL/data/projects/rf1-sra-linux2/bids/sub-11974/ses-01/func/sub-11974_ses-01_task-trust_run-2_events.tsv	84	42	42	0	0	14	14	14	7	7	7	7	7	7	
11976	01	1	/ZPOOL/data/projects/rf1-sra-linux2/bids/sub-11976/ses-01/func/sub-11976_ses-01_task-trust_run-1_events.tsv	77	42	41	1	6	14	14	13	6	4	7	7	6	5	
11976	01	2	/ZPOOL/data/projects/rf1-sra-linux2/bids/sub-11976/ses-01/func/sub-11976_ses-01_task-trust_run-2_events.tsv	78	42	42	0	6	14	14	14	5	6	7	7	6	5	
11982	01	1	/ZPOOL/data/projects/rf1-sra-linux2/bids/sub-11982/ses-01/func/sub-11982_ses-01_task-trust_run-1_events.tsv	79	42	42	0	5	14	14	14	6	4	7	7	7	6	
11982	01	2	/ZPOOL/data/projects/rf1-sra-linux2/bids/sub-11982/ses-01/func/sub-11982_ses-01_task-trust_run-2_events.tsv	79	42	39	3	2	14	12	13	5	7	7	5	7	6	
11984	01	1	/ZPOOL/data/projects/rf1-sra-linux2/bids/sub-11984/ses-01/func/sub-11984_ses-01_task-trust_run-1_events.tsv	84	42	42	0	0	14	14	14	7	7	7	7	7	7	
11984	01	2	/ZPOOL/data/projects/rf1-sra-linux2/bids/sub-11984/ses-01/func/sub-11984_ses-01_task-trust_run-2_events.tsv	84	42	42	0	0	14	14	14	7	7	7	7	7	7	
12008	01	1	/ZPOOL/data/projects/rf1-sra-linux2/bids/sub-12008/ses-01/func/sub-12008_ses-01_task-trust_run-1_events.tsv	75	42	42	0	9	14	14	14	4	4	7	7	7	4	
12008	01	2	/ZPOOL/data/projects/rf1-sra-linux2/bids/sub-12008/ses-01/func/sub-12008_ses-01_task-trust_run-2_events.tsv	74	42	41	1	9	13	14	14	4	5	7	7	4	5	
12011	01	1	/ZPOOL/data/projects/rf1-sra-linux2/bids/sub-12011/ses-01/func/sub-12011_ses-01_task-trust_run-1_events.tsv	77	42	40	2	5	14	12	14	6	6	5	7	6	5	
12011	01	2	/ZPOOL/data/projects/rf1-sra-linux2/bids/sub-12011/ses-01/func/sub-12011_ses-01_task-trust_run-2_events.tsv	80	42	39	3	1	12	13	14	5	7	6	6	7	7	
12013	01	1	/ZPOOL/data/projects/rf1-sra-linux2/bids/sub-12013/ses-01/func/sub-12013_ses-01_task-trust_run-1_events.tsv	72	42	42	0	12	14	14	14	5	4	5	6	5	5	
12013	01	2	/ZPOOL/data/projects/rf1-sra-linux2/bids/sub-12013/ses-01/func/sub-12013_ses-01_task-trust_run-2_events.tsv	70	42	40	2	12	14	14	12	4	4	5	7	4	4	
12020	01	1	/ZPOOL/data/projects/rf1-sra-linux2/bids/sub-12020/ses-01/func/sub-12020_ses-01_task-trust_run-1_events.tsv	78	42	42	0	6	14	14	14	4	5	7	7	7	6	
12020	01	2	/ZPOOL/data/projects/rf1-sra-linux2/bids/sub-12020/ses-01/func/sub-12020_ses-01_task-trust_run-2_events.tsv	74	42	40	2	8	13	14	13	4	3	7	7	6	5	
12021	01	1	/ZPOOL/data/projects/rf1-sra-linux2/bids/sub-12021/ses-01/func/sub-12021_ses-01_task-trust_run-1_events.tsv	79	42	41	1	4	14	14	13	5	7	5	7	6	7	
12021	01	2	/ZPOOL/data/projects/rf1-sra-linux2/bids/sub-12021/ses-01/func/sub-12021_ses-01_task-trust_run-2_events.tsv	81	42	42	0	3	14	14	14	6	6	7	7	7	6	
12031	01	1	/ZPOOL/data/projects/rf1-sra-linux2/bids/sub-12031/ses-01/func/sub-12031_ses-01_task-trust_run-1_events.tsv	78	42	41	1	5	13	14	14	6	5	7	7	5	6	
12031	01	2	/ZPOOL/data/projects/rf1-sra-linux2/bids/sub-12031/ses-01/func/sub-12031_ses-01_task-trust_run-2_events.tsv	73	42	41	1	10	14	13	14	4	4	5	6	7	5	
12033	01	1	/ZPOOL/data/projects/rf1-sra-linux2/bids/sub-12033/ses-01/func/sub-12033_ses-01_task-trust_run-1_events.tsv	75	42	42	0	9	14	14	14	4	4	6	7	6	6	
12033	01	2	/ZPOOL/data/projects/rf1-sra-linux2/bids/sub-12033/ses-01/func/sub-12033_ses-01_task-trust_run-2_events.tsv	79	42	42	0	5	14	14	14	4	5	7	7	7	7	
12036	01	1	/ZPOOL/data/projects/rf1-sra-linux2/bids/sub-12036/ses-01/func/sub-12036_ses-01_task-trust_run-1_events.tsv	81	42	41	1	2	14	14	13	7	7	7	7	5	6	
12037	01	1	/ZPOOL/data/projects/rf1-sra-linux2/bids/sub-12037/ses-01/func/sub-12037_ses-01_task-trust_run-1_events.tsv	77	42	41	1	6	14	13	14	5	5	7	6	6	6	
12038	01	1	/ZPOOL/data/projects/rf1-sra-linux2/bids/sub-12038/ses-01/func/sub-12038_ses-01_task-trust_run-1_events.tsv	77	42	42	0	7	14	14	14	5	4	7	7	6	6	
12038	01	2	/ZPOOL/data/projects/rf1-sra-linux2/bids/sub-12038/ses-01/func/sub-12038_ses-01_task-trust_run-2_events.tsv	74	42	42	0	10	14	14	14	4	4	7	7	6	4	
12039	01	1	/ZPOOL/data/projects/rf1-sra-linux2/bids/sub-12039/ses-01/func/sub-12039_ses-01_task-trust_run-1_events.tsv	80	42	42	0	4	14	14	14	6	6	7	7	6	6	
12039	01	2	/ZPOOL/data/projects/rf1-sra-linux2/bids/sub-12039/ses-01/func/sub-12039_ses-01_task-trust_run-2_events.tsv	82	42	42	0	2	14	14	14	6	6	7	7	7	7	
12041	01	1	/ZPOOL/data/projects/rf1-sra-linux2/bids/sub-12041/ses-01/func/sub-12041_ses-01_task-trust_run-1_events.tsv	79	42	42	0	5	14	14	14	6	6	7	7	5	6	
12041	01	2	/ZPOOL/data/projects/rf1-sra-linux2/bids/sub-12041/ses-01/func/sub-12041_ses-01_task-trust_run-2_events.tsv	80	42	42	0	4	14	14	14	6	6	7	7	6	6	
12047	01	1	/ZPOOL/data/projects/rf1-sra-linux2/bids/sub-12047/ses-01/func/sub-12047_ses-01_task-trust_run-1_events.tsv	70	42	42	0	14	14	14	14	5	5	4	5	4	5	
12047	01	2	/ZPOOL/data/projects/rf1-sra-linux2/bids/sub-12047/ses-01/func/sub-12047_ses-01_task-trust_run-2_events.tsv	70	42	41	1	13	14	14	13	4	4	5	5	6	4	
12049	01	1	/ZPOOL/data/projects/rf1-sra-linux2/bids/sub-12049/ses-01/func/sub-12049_ses-01_task-trust_run-1_events.tsv	79	42	42	0	5	14	14	14	7	6	6	6	6	6	
12049	01	2	/ZPOOL/data/projects/rf1-sra-linux2/bids/sub-12049/ses-01/func/sub-12049_ses-01_task-trust_run-2_events.tsv	81	42	41	1	2	13	14	14	5	7	7	7	7	6	
12051	01	1	/ZPOOL/data/projects/rf1-sra-linux2/bids/sub-12051/ses-01/func/sub-12051_ses-01_task-trust_run-1_events.tsv	77	42	42	0	7	14	14	14	5	4	7	6	7	6	
12051	01	2	/ZPOOL/data/projects/rf1-sra-linux2/bids/sub-12051/ses-01/func/sub-12051_ses-01_task-trust_run-2_events.tsv	81	42	42	0	3	14	14	14	6	6	7	7	6	7	
12054	01	1	/ZPOOL/data/projects/rf1-sra-linux2/bids/sub-12054/ses-01/func/sub-12054_ses-01_task-trust_run-1_events.tsv	78	42	41	1	5	13	14	14	3	5	7	7	7	7	
12054	01	2	/ZPOOL/data/projects/rf1-sra-linux2/bids/sub-12054/ses-01/func/sub-12054_ses-01_task-trust_run-2_events.tsv	78	42	42	0	6	14	14	14	4	4	7	7	7	7	
12055	01	1	/ZPOOL/data/projects/rf1-sra-linux2/bids/sub-12055/ses-01/func/sub-12055_ses-01_task-trust_run-1_events.tsv	76	42	42	0	8	14	14	14	4	4	7	6	7	6	
12055	01	2	/ZPOOL/data/projects/rf1-sra-linux2/bids/sub-12055/ses-01/func/sub-12055_ses-01_task-trust_run-2_events.tsv	75	42	42	0	9	14	14	14	5	5	5	6	6	6	
12057	01	1	/ZPOOL/data/projects/rf1-sra-linux2/bids/sub-12057/ses-01/func/sub-12057_ses-01_task-trust_run-1_events.tsv	75	42	42	0	9	14	14	14	5	5	7	7	5	4	
